tio_gene	index_snp	search_start	search_end	gene_start	gene_end	dist_to_snp	at_id	pident	qcov	evalue	bitscore	is_rbh	at_description	interpro_domains	go_terms	uniprot_top_acc	uniprot_top_name	uniprot_top_os	uniprot_top_evalue	uniprot_top_pident	uniprot_all_hits	chr	pos
TIOBL01G0015410	1:84178924:C:T	83886252	86454232	84170698	84172344	6580						FALSE		; Ulp1 protease family, C-terminal catalytic domain; Adenoviral Proteinase; Chain A; Papain-like cysteine peptidase superfamily	GO:0006508|proteolysis (BP); GO:0008234|cysteine-type peptidase activity (MF)							1	84178924
TIOBL01G0015400	1:84178924:C:T	83886252	86454232	84169185	84170638	8286						FALSE		; OS10G0338966 PROTEIN-RELATED; consensus disorder prediction								1	84178924
TIOBL01G0015390	1:84178924:C:T	83886252	86454232	84041286	84042228	136696						FALSE										1	84178924
TIOBL01G0015380	1:84178924:C:T	83886252	86454232	84030848	84034175	144749						FALSE										1	84178924
TIOBL01G0015420	1:84178924:C:T	83886252	86454232	84702210	84710578	523286						FALSE										1	84178924
TIOBL01G0015430	1:84178924:C:T	83886252	86454232	84794486	84794974	615562						FALSE										1	84178924
TIOBL01G0015440	1:84178924:C:T	83886252	86454232	84850665	84851287	671741						FALSE		; consensus disorder prediction; Probable transposase, Ptta/En/Spm, plant								1	84178924
TIOBL01G0015450	1:84178924:C:T	83886252	86454232	85046790	85053103	867866						FALSE										1	84178924
TIOBL01G0015460	1:84178924:C:T	83886252	86454232	85361981	85384614	1183057						FALSE		; consensus disorder prediction; Zinc finger, CCHC-type superfamily	GO:0003676|nucleic acid binding (MF); GO:0008270|zinc ion binding (MF)							1	84178924
TIOBL01G0015470	1:84178924:C:T	83886252	86454232	85400422	85402272	1221498						FALSE		; Papain-like cysteine peptidase superfamily; consensus disorder prediction								1	84178924
TIOBL01G0015480	1:84178924:C:T	83886252	86454232	85402384	85411179	1223460						FALSE										1	84178924
TIOBL01G0015490	1:84178924:C:T	83886252	86454232	85596951	85598779	1418027						FALSE										1	84178924
TIOBL01G0015500	1:84178924:C:T	83886252	86454232	85610405	85612111	1431481						FALSE										1	84178924
TIOBL01G0015510	1:84178924:C:T	83886252	86454232	85671922	85677735	1492998	AT4G23160.2	40.3	100	2.87e-25	99	FALSE	cysteine-rich RLK (RECEPTOR-like protein kinase) 8	; Reverse transcriptase, RNA-dependent DNA polymerase; DNA/RNA polymerase superfamily		P10978	Retrovirus-related Pol polyprotein from transposon TNT 1-94	Nicotiana tabacum	1.77e-39	57.143	| Retrovirus-related Pol polyprotein from transposon TNT 1-94 | Retrovirus-related Pol polyprotein from transposon RE1 | Putative transposon Ty5-1 protein YCL074W | Retrovirus-related Pol polyprotein from transposon RE2 | Copia protein | Transposon Ty1-MR1 Gag-Pol polyprotein | Transposon Ty1-NL2 Gag-Pol polyprotein | Transposon Ty1-GR1 Gag-Pol polyprotein | Transposon Ty1-BL Gag-Pol polyprotein | Transposon Ty2-GR2 Gag-Pol polyprotein | Transposon Ty2-GR1 Gag-Pol polyprotein | Transposon Ty2-F Gag-Pol polyprotein | Transposon Ty2-C Gag-Pol polyprotein | Transposon Ty2-B Gag-Pol polyprotein | Truncated transposon Ty1-A Gag-Pol polyprotein | Transposon Ty1-PL Gag-Pol polyprotein | Transposon Ty1-OL Gag-Pol polyprotein | Transposon Ty1-MR2 Gag-Pol polyprotein | Transposon Ty1-ML2 Gag-Pol polyprotein | Transposon Ty1-ML1 Gag-Pol polyprotein | Transposon Ty1-LR2 Gag-Pol polyprotein | Transposon Ty1-LR1 Gag-Pol polyprotein | Transposon Ty1-GR2 Gag-Pol polyprotein | Transposon Ty1-ER2 Gag-Pol polyprotein | Transposon Ty1-ER1 Gag-Pol polyprotein | Transposon Ty1-DR5 Gag-Pol polyprotein | Transposon Ty1-DR3 Gag-Pol polyprotein | Transposon Ty1-PR2 Gag-Pol polyprotein | Transposon Ty1-H Gag-Pol polyprotein | Transposon Ty1-DR4 Gag-Pol polyprotein | Transposon Ty1-NL1 Gag-Pol polyprotein | Transposon Ty1-LR4 Gag-Pol polyprotein | Transposon Ty1-JR2 Gag-Pol polyprotein | Transposon Ty1-DR6 Gag-Pol polyprotein | Transposon TyH3 Gag-Pol polyprotein | Transposon Ty4-H Gag-Pol polyprotein | Transposon Ty2-LR2 Gag-Pol polyprotein | Transposon Ty2-OR2 Gag-Pol polyprotein | Transposon Ty2-OR1 Gag-Pol polyprotein | Transposon Ty2-DR3 Gag-Pol polyprotein | Transposon Ty2-DR2 Gag-Pol polyprotein | Transposon Ty2-DR1 Gag-Pol polyprotein | Transposon Ty1-DR1 Gag-Pol polyprotein | Transposon Ty4-J Gag-Pol polyprotein | Transposon Ty2-LR1 Gag-Pol polyprotein | Transposon Ty1-OR Gag-Pol polyprotein | Transposon Ty1-GR3 Gag-Pol polyprotein | Transposon Ty1-BR Gag-Pol polyprotein | Transposon Ty1-PR3 Gag-Pol polyprotein | Transposon Ty1-PR1 Gag-Pol polyprotein	1	84178924
TIOBL01G0015520	1:84178924:C:T	83886252	86454232	85817551	85832984	1638627	AT1G11800.1	43.2	98.6	1.83e-117	353	TRUE	endonuclease/exonuclease/phosphatase family protein	; Tyrosyl-DNA phosphodiesterase 2-like; consensus disorder prediction; Zinc finger, RanBP2-type; Endonuclease/exonuclease/phosphatase; Zinc finger, RanBP2-type superfamily; Endonuclease/exonuclease/phosphatase superfamily; TDP2	GO:0003697|single-stranded DNA binding (MF); GO:0005737|cytoplasm (CC); GO:0006302|double-strand break repair (BP); GO:0016605|PML body (CC); GO:0070260|5'-tyrosyl-DNA phosphodiesterase activity (MF); GO:0003824|catalytic activity (MF)	A7YWI9	Tyrosyl-DNA phosphodiesterase 2	Bos taurus	2.14e-18	27.829	| Tyrosyl-DNA phosphodiesterase 2 | Calpain-15	1	84178924
TIOBL01G0015530	1:84178924:C:T	83886252	86454232	85851011	85853333	1672087						FALSE										1	84178924
TIOBL01G0015540	1:84178924:C:T	83886252	86454232	85858293	85858790	1679369						FALSE		; OS10G0338966 PROTEIN-RELATED; consensus disorder prediction; Probable transposase, Ptta/En/Spm, plant								1	84178924
TIOBL01G0015550	1:84178924:C:T	83886252	86454232	85859616	85860915	1680692						FALSE										1	84178924
TIOBL01G0015560	1:84178924:C:T	83886252	86454232	85866306	85872331	1687382	AT1G11820.2	74.3	94.8	8.34e-276	758	TRUE	O-Glycosyl hydrolases family 17 protein	; Glycosidases; Glucan endo-1,3-beta-glucosidase 3; Glycoside hydrolase family 17; Glycoside hydrolase family 17, plant; Glycoside hydrolase superfamily; X8 domain; Glucan endo-1,3-beta-glucosidase 4	GO:0004553|hydrolase activity, hydrolyzing O-glycosyl compounds (MF); GO:0005975|carbohydrate metabolic process (BP)	O65399	Glucan endo-1,3-beta-glucosidase 1	Arabidopsis thaliana	0	75.362	| Glucan endo-1,3-beta-glucosidase 1 | Glucan endo-1,3-beta-glucosidase 2 | Glucan endo-1,3-beta-glucosidase 3 | Glucan endo-1,3-beta-glucosidase 4 | Glucan endo-1,3-beta-glucosidase 13 | Glucan endo-1,3-beta-glucosidase 12 | Glucan endo-1,3-beta-glucosidase 7 | Glucan endo-1,3-beta-D-glucosidase | Probable glucan endo-1,3-beta-glucosidase A6 | Glucan endo-1,3-beta-glucosidase 14 | Glucan endo-1,3-beta-glucosidase 11 | Glucan endo-1,3-beta-glucosidase 10 | Probable glucan endo-1,3-beta-glucosidase BG1 | Probable glucan endo-1,3-beta-glucosidase At4g16260 | Glucan endo-1,3-beta-glucosidase, basic isoform | Glucan endo-1,3-beta-glucosidase, acidic isoform GL153 | Glucan endo-1,3-beta-glucosidase 6 | Glucan endo-1,3-beta-glucosidase, acidic isoform PR-Q' | Glucan endo-1,3-beta-glucosidase 5 | Glucan endo-1,3-beta-glucosidase, acidic isoform GL161 | Glucan endo-1,3-beta-glucosidase B | Glucan endo-1,3-beta-glucosidase, acidic isoform GI9 | Glucan endo-1,3-beta-glucosidase, basic isoform 1 (Fragment) | Glucan endo-1,3-beta-glucosidase A | Glucan endo-1,3-beta-glucosidase, basic isoform 2 | Glucan endo-1,3-beta-glucosidase, basic vacuolar isoform | Glucan endo-1,3-beta-glucosidase, basic isoform 3 (Fragment) | Glucan endo-1,3-beta-glucosidase, basic vacuolar isoform GLB | Glucan endo-1,3-beta-glucosidase 9 | Lichenase | Glucan endo-1,3-beta-glucosidase, basic vacuolar isoform GGIB50 | Glucan endo-1,3-beta-glucosidase GII | Glucan endo-1,3-beta-glucosidase GV | Glucan endo-1,3-beta-glucosidase 8 | Glucan endo-1,3-beta-glucosidase GIV | Lichenase-2 (Fragment) | Probable glucan endo-1,3-beta-glucosidase BG3 | Glucan endo-1,3-beta-glucosidase, acidic isoform PR-N (Fragment)	1	84178924
TIOBL01G0015570	1:84178924:C:T	83886252	86454232	85880809	85887973	1701885						FALSE										1	84178924
TIOBL01G0015580	1:84178924:C:T	83886252	86454232	86066748	86068444	1887824	AT4G04610.1	82.5	89.5	2.79e-60	191	TRUE	APS reductase 1	; Rossmann-like alpha/beta/alpha sandwich fold; Phosphoadenosine phosphosulphate reductase; Adenine nucleotide alpha hydrolases-like; 5'-ADENYLYLSULFATE REDUCTASE 3, CHLOROPLASTIC	GO:0003824|catalytic activity (MF)	P92979	5'-adenylylsulfate reductase 1, chloroplastic	Arabidopsis thaliana	7.23e-64	82.456	| 5'-adenylylsulfate reductase 1, chloroplastic | 5'-adenylylsulfate reductase 3, chloroplastic | 5'-adenylylsulfate reductase 2, chloroplastic | Probable 5'-adenylylsulfate reductase 1, chloroplastic | Adenosine 5'-phosphosulfate reductase | Adenosine 5'-phosphosulfate reductase (Fragment) | Adenosine 5'-phosphosulfate reductase 2 | Adenosine 5'-phosphosulfate reductase 1	1	84178924
TIOBL01G0015590	1:84178924:C:T	83886252	86454232	86066795	86070961	1887871						FALSE		; GAG_PRE-INTEGRS DOMAIN-CONTAINING PROTEIN								1	84178924
TIOBL01G0015600	1:84178924:C:T	83886252	86454232	86238753	86250684	2059829	AT1G11840.6	81	96.2	3.29e-172	478	TRUE	glyoxalase I homolog	; Glyoxalase/Bleomycin resistance protein/Dihydroxybiphenyl dioxygenase; Lactoylglutathione lyase; Glyoxalase I; Vicinal oxygen chelate (VOC) domain; Glyoxalase I, conserved site; GlxI_Ni; LACTOYLGLUTATHIONE LYASE; Glyoxalase/fosfomycin resistance/dioxygenase domain	GO:0004462|lactoylglutathione lyase activity (MF); GO:0046872|metal ion binding (MF); GO:0005737|cytoplasm (CC); GO:0019243	O65398	Lactoylglutathione lyase GLX1	Arabidopsis thaliana	1.82e-171	81.004	| Lactoylglutathione lyase GLX1 | Putative lactoylglutathione lyase | Probable lactoylglutathione lyase, chloroplastic | Glyoxalase I | Glyoxalase domain-containing protein 4 | Glyoxalase 1 | Methylmalonyl-CoA epimerase	1	84178924
TIOBL01G0015610	1:84178924:C:T	83886252	86454232	86299106	86311086	2120182	AT3G07630.1	68.8	76.8	1.54e-145	418	TRUE	arogenate dehydratase 2	; ACT domain; ACT-like domain; ACT_CM-PDT; PBP2_Ct-PDT_like; Prephenate dehydratase; Arogenate dehydratase; Periplasmic binding protein-like II; Prephenate dehydratase, conserved site; PREPHENATE DEHYDRATASE  P PROTEIN	GO:0004664|prephenate dehydratase activity (MF); GO:0009094|L-phenylalanine biosynthetic process (BP); GO:0005737|cytoplasm (CC); GO:0009507|chloroplast (CC); GO:0047769|arogenate dehydratase activity (MF)	Q9SA96	Arogenate dehydratase/prephenate dehydratase 1, chloroplastic	Arabidopsis thaliana	3.05e-173	67.036	| Arogenate dehydratase/prephenate dehydratase 1, chloroplastic | Arogenate dehydratase 2 | Arogenate dehydratase 3 | Arogenate dehydratase/prephenate dehydratase 2, chloroplastic | Arogenate dehydratase/prephenate dehydratase 6, chloroplastic | Arogenate dehydratase 1 | Arogenate dehydratase 3, chloroplastic | Arogenate dehydratase 4, chloroplastic | Arogenate dehydratase 5, chloroplastic | Prephenate dehydratase | Bifunctional chorismate mutase/prephenate dehydratase | Bifunctional N-acyl-homoserine lactone acylase/prephenate dehydratase | Putative prephenate dehydratase | Probable prephenate dehydratase	1	84178924
TIOBL02G0105700	2:178968191:A:G	178855821	179114768	178954249	178967787	404	AT3G53140.1	62.1	96	4.25e-168	474	TRUE	O-methyltransferase family protein	; Plant O-methyltransferase dimerisation domain; S-adenosyl-L-methionine-dependent methyltransferase superfamily; O-methyltransferase COMT-type; Winged helix DNA-binding domain superfamily; Winged helix-like DNA-binding domain superfamily; O-methyltransferase domain	GO:0046983|protein dimerization activity (MF); GO:0008168|methyltransferase activity (MF); GO:0008171|O-methyltransferase activity (MF)	Q9SCP7	Nicotinate N-methyltransferase 1	Arabidopsis thaliana	1.98e-173	62.113	| Nicotinate N-methyltransferase 1 | Esculetin O-methyltransferase | Caffeic acid 3-O-methyltransferase | Desmethyl-yatein O-methyltransferase | Flavone 3'-O-methyltransferase 1 | O-methyltransferase 5 | Caffeic acid 3-O-methyltransferase 1 | O-methyltransferase 13 | Caffeic acid 3-O-methyltransferase 2 | Flavone 3'-O-methyltransferase OMT1 | Tricetin 3',4',5'-O-trimethyltransferase | Flavone 3'-O-methyltransferase OMT2 | Bergaptol O-methyltransferase | O-methyltransferase 16 | Caffeic acid 3-O-methyltransferase 3 | Flavonoid 3'-O-methyltransferase FOMT | (Iso)eugenol O-methyltransferase | Isoliquiritigenin 2'-O-methyltransferase | Caffeic acid 3-O-methyltransferase (Fragment) | Flavonoid 3'-O-methyltransferase 3 | Myricetin 3'-O-methyltransferase 4 | O-methyltransferase 11 | O-methyltransferase 12 | Inositol 4-methyltransferase | O-methyltransferase 10 | Flavone O-methyltransferase 1 | Anthranilate N-methyltransferase | Myricetin 3-O-methyltransferase 3 | Tyramine N-methyltransferase 1	2	178968191
TIOBL02G0105710	2:178968191:A:G	178855821	179114768	179055012	179059910	86821						FALSE										2	178968191
TIOBL02G0105720	2:178968191:A:G	178855821	179114768	179066991	179087120	98800						FALSE		; Coil; OS07G0283600 PROTEIN-RELATED								2	178968191
TIOBL02G0105730	2:178968191:A:G	178855821	179114768	179089218	179115477	121027						FALSE		; Adenoviral Proteinase; Chain A; consensus disorder prediction; Papain-like cysteine peptidase superfamily; OS10G0338966 PROTEIN-RELATED								2	178968191
TIOBL06G0198440	6:94545774:A:T	92997909	108929994	94440876	94441795	103979						FALSE		; Chromo-like domain superfamily; Chromo domain								6	94545774
TIOBL06G0198430	6:94545774:A:T	92997909	108929994	94366921	94370259	175515						FALSE										6	94545774
TIOBL06G0198420	6:94545774:A:T	92997909	108929994	94299813	94300113	245661						FALSE		; DUF4218 DOMAIN-CONTAINING PROTEIN								6	94545774
TIOBL06G0198450	6:94545774:A:T	92997909	108929994	94901061	94902435	355287						FALSE										6	94545774
TIOBL06G0198460	6:94545774:A:T	92997909	108929994	94914210	94914906	368436	AT2G05642.1	32	89.8	2.46e-07	47	FALSE	Nucleic acid-binding, OB-fold-like protein	; Nucleic acid-binding, OB-fold								6	94545774
TIOBL06G0198470	6:94545774:A:T	92997909	108929994	94941896	94955829	396122	AT5G61800.1	49.7	90.9	4.45e-131	390	TRUE	Pentatricopeptide repeat (PPR) superfamily protein	; Pentatricopeptide repeat-containing protein, chloroplastic; Tetratricopeptide-like helical domain superfamily; Pentatricopeptide repeat-containing protein At4g14850-like, plant; E motif; Pentatricopeptide repeat-containing protein chloroplastic	GO:0005515|protein binding (MF); GO:0003723|RNA binding (MF); GO:0009451|RNA modification (BP)	Q9FLS9	Pentatricopeptide repeat-containing protein At5g61800	Arabidopsis thaliana	3.36e-164	47.071	| Pentatricopeptide repeat-containing protein At5g61800 | Pentatricopeptide repeat-containing protein At2g42920, chloroplastic | Pentatricopeptide repeat-containing protein At5g66520 | Pentatricopeptide repeat-containing protein At5g48910 | Putative pentatricopeptide repeat-containing protein At5g40405 | Pentatricopeptide repeat-containing protein At4g18840 | Pentatricopeptide repeat-containing protein At5g08305 | Pentatricopeptide repeat-containing protein At5g06540 | Pentatricopeptide repeat-containing protein At4g14820 | Pentatricopeptide repeat-containing protein At3g29230 | Pentatricopeptide repeat-containing protein At5g56310 | Pentatricopeptide repeat-containing protein At5g08510 | Putative pentatricopeptide repeat-containing protein At3g15930 | Pentatricopeptide repeat-containing protein At2g20540 | Pentatricopeptide repeat-containing protein At3g62890 | Pentatricopeptide repeat-containing protein At1g06143 | Pentatricopeptide repeat-containing protein At4g21065 | Pentatricopeptide repeat-containing protein At1g74630 | Pentatricopeptide repeat-containing protein ELI1, chloroplastic | Pentatricopeptide repeat-containing protein At2g29760, chloroplastic | Pentatricopeptide repeat-containing protein At1g59720, chloroplastic/mitochondrial | Pentatricopeptide repeat-containing protein At2g22410, mitochondrial | Pentatricopeptide repeat-containing protein At5g44230 | Pentatricopeptide repeat-containing protein At1g31920 | Pentatricopeptide repeat-containing protein At1g33350 | Pentatricopeptide repeat-containing protein At5g15300 | Pentatricopeptide repeat-containing protein At3g22690 | Pentatricopeptide repeat-containing protein At2g02980, chloroplastic | Pentatricopeptide repeat-containing protein At3g04750, mitochondrial | Pentatricopeptide repeat-containing protein At2g22070 | Pentatricopeptide repeat-containing protein At1g08070, chloroplastic | Pentatricopeptide repeat-containing protein At2g13600 | Pentatricopeptide repeat-containing protein At4g38010 | Pentatricopeptide repeat-containing protein At1g50270 | Pentatricopeptide repeat-containing protein At1g05750, chloroplastic | Putative pentatricopeptide repeat-containing protein At5g59200, chloroplastic | Pentatricopeptide repeat-containing protein At1g31430 | Pentatricopeptide repeat-containing protein At1g04840 | Pentatricopeptide repeat-containing protein At3g47530 | Pentatricopeptide repeat-containing protein At3g28660 | Pentatricopeptide repeat-containing protein At3g24000, mitochondrial | Putative pentatricopeptide repeat-containing protein At3g49142 | Pentatricopeptide repeat-containing protein At2g44880 | Pentatricopeptide repeat-containing protein At3g56550 | Pentatricopeptide repeat-containing protein At4g02750 | Pentatricopeptide repeat-containing protein At2g03880, mitochondrial | Pentatricopeptide repeat-containing protein At5g15340, mitochondrial | Putative pentatricopeptide repeat-containing protein At3g28640 | Pentatricopeptide repeat-containing protein At5g16860 | Pentatricopeptide repeat-containing protein At5g43790	6	94545774
TIOBL06G0198410	6:94545774:A:T	92997909	108929994	94144816	94146801	398973	AT5G48050.1	35.2	56.9	3.5e-32	123	TRUE		; consensus disorder prediction; gag-polypeptide of LTR copia-type		P10978	Retrovirus-related Pol polyprotein from transposon TNT 1-94	Nicotiana tabacum	8.34e-08	25	| Retrovirus-related Pol polyprotein from transposon TNT 1-94	6	94545774
TIOBL06G0198400	6:94545774:A:T	92997909	108929994	94136577	94137975	407799						FALSE		; Adenoviral Proteinase; Chain A; Papain-like cysteine peptidase superfamily								6	94545774
TIOBL06G0198380	6:94545774:A:T	92997909	108929994	94090184	94128603	417171						FALSE										6	94545774
TIOBL06G0198390	6:94545774:A:T	92997909	108929994	94112300	94112814	432960						FALSE		; Coil; consensus disorder prediction								6	94545774
TIOBL06G0198370	6:94545774:A:T	92997909	108929994	93941122	93951311	594463	AT5G61800.1	53.4	79.8	3.14e-93	288	TRUE	Pentatricopeptide repeat (PPR) superfamily protein	; Pentatricopeptide repeat; Tetratricopeptide-like helical domain superfamily; Pentatricopeptide repeat-containing protein, chloroplastic; E motif; Pentatricopeptide repeat-containing protein At4g14850-like, plant	GO:0005515|protein binding (MF); GO:0003723|RNA binding (MF); GO:0009451|RNA modification (BP)	Q9FLS9	Pentatricopeptide repeat-containing protein At5g61800	Arabidopsis thaliana	3.34e-123	53.106	| Pentatricopeptide repeat-containing protein At5g61800 | Pentatricopeptide repeat-containing protein At3g29230 | Pentatricopeptide repeat-containing protein At5g66520 | Pentatricopeptide repeat-containing protein At5g48910 | Pentatricopeptide repeat-containing protein At4g14820 | Pentatricopeptide repeat-containing protein At2g22410, mitochondrial | Putative pentatricopeptide repeat-containing protein At3g15930 | Pentatricopeptide repeat-containing protein At2g42920, chloroplastic | Putative pentatricopeptide repeat-containing protein At5g40405 | Pentatricopeptide repeat-containing protein At2g29760, chloroplastic | Pentatricopeptide repeat-containing protein At1g08070, chloroplastic | Pentatricopeptide repeat-containing protein At1g06143 | Pentatricopeptide repeat-containing protein At4g38010 | Pentatricopeptide repeat-containing protein At5g56310 | Pentatricopeptide repeat-containing protein ELI1, chloroplastic | Pentatricopeptide repeat-containing protein At5g08510 | Pentatricopeptide repeat-containing protein At4g02750 | Pentatricopeptide repeat-containing protein At1g31430 | Pentatricopeptide repeat-containing protein At1g05750, chloroplastic | Pentatricopeptide repeat-containing protein At5g16860 | Pentatricopeptide repeat-containing protein At3g22690 | Pentatricopeptide repeat-containing protein At1g50270 | Pentatricopeptide repeat-containing protein At4g18840 | Pentatricopeptide repeat-containing protein At2g20540 | Pentatricopeptide repeat-containing protein At1g74630 | Pentatricopeptide repeat-containing protein At2g44880 | Pentatricopeptide repeat-containing protein At1g33350 | Pentatricopeptide repeat-containing protein At3g24000, mitochondrial | Pentatricopeptide repeat-containing protein At4g21065 | Putative pentatricopeptide repeat-containing protein At3g23330 | Pentatricopeptide repeat-containing protein At5g08305 | Pentatricopeptide repeat-containing protein At3g62890 | Pentatricopeptide repeat-containing protein DOT4, chloroplastic | Pentatricopeptide repeat-containing protein At1g31920 | Putative pentatricopeptide repeat-containing protein At3g08820 | Pentatricopeptide repeat-containing protein At2g13600 | Pentatricopeptide repeat-containing protein At5g44230 | Pentatricopeptide repeat-containing protein At3g12770 | Pentatricopeptide repeat-containing protein At3g47530 | Pentatricopeptide repeat-containing protein At2g03880, mitochondrial | Pentatricopeptide repeat-containing protein At1g11290, chloroplastic | Pentatricopeptide repeat-containing protein At3g04750, mitochondrial | Pentatricopeptide repeat-containing protein OGR1, mitochondrial | Pentatricopeptide repeat-containing protein At1g59720, chloroplastic/mitochondrial | Putative pentatricopeptide repeat-containing protein At5g59200, chloroplastic | Pentatricopeptide repeat-containing protein At2g22070 | Pentatricopeptide repeat-containing protein At5g06540 | Pentatricopeptide repeat-containing protein At4g19191, mitochondrial | Pentatricopeptide repeat-containing protein At3g26782, mitochondrial | Pentatricopeptide repeat-containing protein At4g39530	6	94545774
TIOBL06G0198480	6:94545774:A:T	92997909	108929994	95175908	95189798	630134	AT5G09315.1	51.4	27.7	1.17e-14	71.2	TRUE		; Pentatricopeptide repeat; Tetratricopeptide-like helical domain superfamily; Pentatricopeptide repeat-containing protein THA8L-like	GO:0005515|protein binding (MF)	Q9STF9	Protein THYLAKOID ASSEMBLY 8-like, chloroplastic	Arabidopsis thaliana	1.47e-119	67.451	| Protein THYLAKOID ASSEMBLY 8-like, chloroplastic | Pentatricopeptide repeat-containing protein At1g62350 | Pentatricopeptide repeat-containing protein At1g62590 | Pentatricopeptide repeat-containing protein At1g62680, mitochondrial | Pentatricopeptide repeat-containing protein At2g16880 | Protein THYLAKOID ASSEMBLY 8, chloroplastic | Pentatricopeptide repeat-containing protein At5g16640, mitochondrial | Pentatricopeptide repeat-containing protein At1g62720 | Pentatricopeptide repeat-containing protein PPR5 homolog, chloroplastic | Pentatricopeptide repeat-containing protein At3g22470, mitochondrial | Pentatricopeptide repeat-containing protein At1g13040, mitochondrial | Pentatricopeptide repeat-containing protein At1g63330 | Pentatricopeptide repeat-containing protein At5g12100, mitochondrial | Pentatricopeptide repeat-containing protein At1g62670, mitochondrial | Pentatricopeptide repeat-containing protein At1g62910 | Pentatricopeptide repeat-containing protein At1g09820 | Putative pentatricopeptide repeat-containing protein At1g12700, mitochondrial | Pentatricopeptide repeat-containing protein At3g18110, chloroplastic | Pentatricopeptide repeat-containing protein At4g39620, chloroplastic | Pentatricopeptide repeat-containing protein At1g63130, mitochondrial | Pentatricopeptide repeat-containing protein At3g04760, chloroplastic | Pentatricopeptide repeat-containing protein At5g46100 | Pentatricopeptide repeat-containing protein At5g01110 | Pentatricopeptide repeat-containing protein PPR5, chloroplastic | Pentatricopeptide repeat-containing protein At5g39710 | Pentatricopeptide repeat-containing protein At4g20740 | Pentatricopeptide repeat-containing protein At1g06580 | Pentatricopeptide repeat-containing protein At2g13420, mitochondrial | Pentatricopeptide repeat-containing protein At5g41170, mitochondrial | Pentatricopeptide repeat-containing protein At1g62930, chloroplastic | Pentatricopeptide repeat-containing protein At5g61400 | Putative pentatricopeptide repeat-containing protein At1g31840 | Pentatricopeptide repeat-containing protein At4g20090 | Pentatricopeptide repeat-containing protein At5g16420, mitochondrial | Putative pentatricopeptide repeat-containing protein At5g65820 | Pentatricopeptide repeat-containing protein At1g63080, mitochondrial | Pentatricopeptide repeat-containing protein At1g20300, mitochondrial | Pentatricopeptide repeat-containing protein At1g63400 | Pentatricopeptide repeat-containing protein At1g79490, mitochondrial | Putative pentatricopeptide repeat-containing protein At3g16710, mitochondrial | Pentatricopeptide repeat-containing protein At4g01400, mitochondrial | Pentatricopeptide repeat-containing protein At5g48730, chloroplastic | Pentatricopeptide repeat-containing protein At2g06000 | Pentatricopeptide repeat-containing protein At2g41720 | Pentatricopeptide repeat-containing protein At4g28010 | Putative pentatricopeptide repeat-containing protein At5g43820 | Pentatricopeptide repeat-containing protein At5g65560 | Pentatricopeptide repeat-containing protein At3g09060 | Pentatricopeptide repeat-containing protein At1g63070, mitochondrial	6	94545774
TIOBL06G0198490	6:94545774:A:T	92997909	108929994	95203011	95203512	657237						FALSE										6	94545774
TIOBL06G0198500	6:94545774:A:T	92997909	108929994	95271632	95274098	725858						FALSE		; Chromo domain; CHROMO DOMAIN-CONTAINING PROTEIN; Chromo-like domain superfamily								6	94545774
TIOBL06G0198360	6:94545774:A:T	92997909	108929994	93719135	93723117	822657	AT5G56170.1	64.6	78	1.6e-57	177	TRUE	LORELEI-LIKE-GPI-ANCHORED PROTEIN 1	; GPI-anchored protein LORELEI-like		Q9FKT1	GPI-anchored protein LLG1	Arabidopsis thaliana	9.79e-50	67.925	| GPI-anchored protein LLG1 | GPI-anchored protein LLG3 | GPI-anchored protein LLG2 | GPI-anchored protein LORELEI	6	94545774
TIOBL06G0198510	6:94545774:A:T	92997909	108929994	95478260	95489254	932486	AT5G53870.1	56.9	82	2.86e-41	140	TRUE	early nodulin-like protein 1	; Phytocyanin-like; Early nodulin-like protein domain; Early nodulin-like protein 1; Phytocyanin domain; Cupredoxin	GO:0005886|plasma membrane (CC); GO:0009055|electron transfer activity (MF)	F4JL85	Early nodulin-like protein 3	Arabidopsis thaliana	1.11e-44	53.077	| Early nodulin-like protein 3 | Early nodulin-like protein 4 | Early nodulin-like protein 1 | Early nodulin-like protein 2 | Early nodulin-like protein 14 | Early nodulin-like protein 9 | Early nodulin-like protein 15 | Early nodulin-like protein 13 | Early nodulin-like protein 12 | Early nodulin-like protein 18 | Early nodulin-like protein 6 | Early nodulin-like protein 21 | Early nodulin-like protein 5 | Early nodulin-like protein 11 | Early nodulin-like protein 10 | Early nodulin-like protein 7 | Early nodulin-like protein 8 | Early nodulin-55-2 | Early nodulin-like protein 17 | Umecyanin | Mavicyanin | Uclacyanin 1 | Early nodulin-like protein 20 | Blue copper protein | Early nodulin-16 | Early nodulin-20 | Stellacyanin | Cucumber peeling cupredoxin | Blue copper protein 1a | Pollen allergen Amb a 3 | Early nodulin-like protein 19 | Blue copper protein 1b | Basic blue protein | Early nodulin-55-1 (Fragment) | Uclacyanin-3 | Early nodulin-like protein 16	6	94545774
TIOBL06G0198350	6:94545774:A:T	92997909	108929994	93562218	93564202	981572						FALSE		; Adenoviral Proteinase; Chain A; Ulp1 protease family, C-terminal catalytic domain; Papain-like cysteine peptidase superfamily	GO:0006508|proteolysis (BP); GO:0008234|cysteine-type peptidase activity (MF)							6	94545774
TIOBL06G0198340	6:94545774:A:T	92997909	108929994	93552012	93561887	983887						FALSE		; OS10G0338966 PROTEIN-RELATED; consensus disorder prediction								6	94545774
TIOBL06G0198330	6:94545774:A:T	92997909	108929994	93548048	93550481	995293	AT1G70780.1	58	99.3	6.61e-51	158	TRUE		; Uncharacterized protein At4g22758-like; Domain of unknown function DUF7054								6	94545774
TIOBL06G0198520	6:94545774:A:T	92997909	108929994	95621193	95623844	1075419						FALSE										6	94545774
TIOBL06G0198320	6:94545774:A:T	92997909	108929994	93368645	93373666	1172108	AT2G23780.1	52.4	41.5	8.34e-31	113	TRUE	RING/U-box superfamily protein	; RING-HC_AtRMA-like; Zinc finger, RING/FYVE/PHD-type; RING/U-box; Zinc finger, RING-type, conserved site; E3 ubiquitin-protein ligase RNF5/RNF185-like; Zinc finger, RING-type, eukaryotic	GO:0005783|endoplasmic reticulum (CC); GO:0006511|ubiquitin-dependent protein catabolic process (BP); GO:0061630|ubiquitin protein ligase activity (MF)	Q6R567	E3 ubiquitin-protein ligase RMA1H1	Capsicum annuum	8.18e-67	47.521	| E3 ubiquitin-protein ligase RMA1H1 | E3 ubiquitin-protein ligase RMA2 | E3 ubiquitin-protein ligase RMA3 | E3 ubiquitin-protein ligase RNF5 | E3 ubiquitin-protein ligase RNF185 | E3 ubiquitin ligase rnf-5 | Peroxisome assembly protein 10 | Peroxisome biogenesis factor 10 | Peroxisome assembly protein 10-B | Peroxisome assembly protein 10-A | Postreplication repair E3 ubiquitin-protein ligase RAD18 | Breast cancer type 1 susceptibility protein homolog | E3 ubiquitin-protein ligase TRIM31 | RING finger protein PSH1	6	94545774
TIOBL06G0198310	6:94545774:A:T	92997909	108929994	93342842	93348091	1197683						FALSE										6	94545774
TIOBL06G0198300	6:94545774:A:T	92997909	108929994	93332485	93336109	1209665	AT4G28260.1	43.7	98.3	4.78e-147	432	TRUE		; ACYL-UDP-N-ACETYLGLUCOSAMINE O-ACYLTRANSFERASE; consensus disorder prediction; Zinc finger C2H2-type								6	94545774
TIOBL06G0198290	6:94545774:A:T	92997909	108929994	93223357	93248468	1297306	AT2G31840.1	60.1	72.8	5.68e-91	275	TRUE	Thioredoxin superfamily protein	; Thioredoxin-like fold domain-containing protein MRL7/MRL7L	GO:0006355|regulation of DNA-templated transcription (BP); GO:0009570|chloroplast stroma (CC); GO:0009658|chloroplast organization (BP)	Q9SKB6	Thioredoxin-like fold domain-containing protein MRL7L, chloroplastic	Arabidopsis thaliana	3.84e-105	67.49	| Thioredoxin-like fold domain-containing protein MRL7L, chloroplastic | Thioredoxin-like fold domain-containing protein MRL7L homolog, chloroplastic | Thioredoxin-like fold domain-containing protein MRL7 homolog, chloroplastic | Thioredoxin-like fold domain-containing protein MRL7, chloroplastic	6	94545774
TIOBL06G0198280	6:94545774:A:T	92997909	108929994	93179734	93183500	1362274	AT4G28300.1	44.4	99.8	2.35e-87	278	TRUE	Protein of unknown function (DUF1421)	; Coil; consensus disorder prediction; RECEPTOR-LIKE KINASE, PUTATIVE (DUF1421)-RELATED; UBA-like domain DUF1421								6	94545774
TIOBL06G0198530	6:94545774:A:T	92997909	108929994	95956609	96006278	1410835	AT1G03750.1	62.7	96.5	0	1057	TRUE	switch 2	; SNF2/RAD5-like, C-terminal helicase domain; Helicase, C-terminal domain-like; Helicase superfamily 1/2, ATP-binding domain; consensus disorder prediction; SNF2-like, N-terminal domain superfamily; P-loop containing nucleoside triphosphate hydrolase; SNF2/RAD54 Helicase and DNA Repair; SNF2, N-terminal; DNA excision repair protein ERCC-6-like 2 isoform X1	GO:0005524|ATP binding (MF)	F4I2H2	Switch 2	Arabidopsis thaliana	0	62.942	| Switch 2 | DNA excision repair protein ERCC-6-like 2 | DNA repair and recombination protein RAD26 | DNA repair and recombination protein RAD54B | Protein CHROMATIN REMODELING 25 | DNA repair and recombination protein RAD54-like (Fragment) | DNA repair protein rhp54 | SNF2 domain-containing protein ENL1 | Uncharacterized ATP-dependent helicase IRC5 | ATP-dependent chromatin remodeler CHD2 | SWI/SNF chromatin remodeling complex core catalytic subunit swsn-4 | SWI/SNF-related matrix-associated actin-dependent regulator of chromatin subfamily A member 4 | Protein CHROMATIN REMODELING 24 | SWI/SNF-related matrix-associated actin-dependent regulator of chromatin subfamily A member 2 | SWI/SNF chromatin-remodeling complex subunit snf22 | ATP-dependent chromatin remodeler CHD8 | ATP-dependent chromatin remodeler hrp1 | ATP-dependent chromatin remodeler CHD1 | TATA-binding protein-associated factor mot1 | Brahma chromatin-remodeling complex ATPase subunit | SWI/SNF-related matrix-associated actin-dependent regulator of chromatin subfamily A containing DEAD/H box 1B | Lymphoid-specific helicase | ATP-dependent chromatin remodeler CHD9	6	94545774
TIOBL06G0198270	6:94545774:A:T	92997909	108929994	93094777	93098704	1447070	AT3G24255.7	34.5	72.6	4.56e-40	147	FALSE	RNA-directed DNA polymerase (reverse transcriptase)-related family protein	; REVERSE TRANSCRIPTASE ZINC-BINDING DOMAIN-CONTAINING PROTEIN-RELATED-RELATED; Reverse transcriptase zinc-binding domain		P0C2F6	Putative ribonuclease H protein At1g65750	Arabidopsis thaliana	2.18e-15	27.556	| Putative ribonuclease H protein At1g65750	6	94545774
TIOBL06G0198260	6:94545774:A:T	92997909	108929994	93022732	93079215	1466559	AT4G03560.1	64.8	95.9	0	906	TRUE	two-pore  channel 1	; Ion transport domain; Two pore calcium channel protein 1; EF-hand domain pair; Voltage-gated potassium channels; Two pore calcium channel protein 1, plant; Coil; Voltage-dependent channel domain superfamily	GO:0005216|monoatomic ion channel activity (MF); GO:0006811|monoatomic ion transport (BP); GO:0016020|membrane (CC); GO:0055085|transmembrane transport (BP); GO:0005509|calcium ion binding (MF); GO:0000325|plant-type vacuole (CC); GO:0005245|voltage-gated calcium channel activity (MF); GO:0005774|vacuolar membrane (CC); GO:0006816|calcium ion transport (BP)	Q94KI8	Two pore calcium channel protein 1	Arabidopsis thaliana	0	65.678	| Two pore calcium channel protein 1 | Two pore calcium channel protein 1A | Two pore calcium channel protein 1B | Two pore channel protein 1 | Two pore channel protein 2 | Voltage-dependent L-type calcium channel subunit alpha-1S | Voltage-dependent calcium channel type D subunit alpha-1 | Sodium channel protein type 11 subunit alpha | Muscle calcium channel subunit alpha-1 | Sodium channel protein type 8 subunit alpha | Voltage-dependent L-type calcium channel subunit alpha-1F | Sodium channel protein type 4 subunit alpha A | Voltage-dependent L-type calcium channel subunit alpha-1C | Voltage-dependent T-type calcium channel subunit alpha-1I | Voltage-dependent N-type calcium channel subunit alpha-1B | Sodium channel protein type 5 subunit alpha | Sodium channel protein type 9 subunit alpha | Sodium channel protein type 2 subunit alpha | Sodium channel protein type 3 subunit alpha | Sodium channel protein type 10 subunit alpha | Probable voltage-dependent N-type calcium channel subunit alpha-1B | Sodium channel protein type 1 subunit alpha	6	94545774
TIOBL06G0198540	6:94545774:A:T	92997909	108929994	96030699	96031159	1484925						FALSE										6	94545774
TIOBL06G0198550	6:94545774:A:T	92997909	108929994	96059248	96081773	1513474	AT2G20650.1	77.5	95.2	0	891	TRUE	RING/U-box superfamily protein	; Zinc finger, RING-type; RING/U-box; Zinc finger, RING-CH-type; RING-H2_TUL1-like; E3 ubiquitin-protein ligase, putative; HRD1 family E3 ubiquitin-protein ligases; Zinc finger, RING/FYVE/PHD-type	GO:0008270|zinc ion binding (MF); GO:0012505|endomembrane system (CC); GO:0043161|proteasome-mediated ubiquitin-dependent protein catabolic process (BP); GO:0061630|ubiquitin protein ligase activity (MF)	Q5PP23	Transmembrane E3 ubiquitin-protein ligase FLY1	Arabidopsis thaliana	0	75.714	| Transmembrane E3 ubiquitin-protein ligase FLY1 | Transmembrane E3 ubiquitin-protein ligase FLY2 | Transmembrane E3 ubiquitin-protein ligase 1 | DSC E3 ubiquitin ligase complex subunit 1 | DSC E3 ubiquitin ligase complex subunit A | Putative RING-H2 finger protein ATL19 | Probable E3 ubiquitin-protein ligase ATL44 | Probable E3 ubiquitin-protein ligase ATL45	6	94545774
TIOBL06G0198560	6:94545774:A:T	92997909	108929994	96174337	96176260	1628563	AT1G62440.1	67.8	23	8.79e-32	126	TRUE	leucine-rich repeat/extensin 2	; Leucine-rich repeat domain superfamily; Leucine-rich repeat-containing N-terminal, plant-type; Leucine-rich repeat extensin-like regulator; L domain-like; Leucine-rich repeat extensin-like protein 1	GO:0005515|protein binding (MF)	Q9XIB6	Pollen-specific leucine-rich repeat extensin-like protein 2	Arabidopsis thaliana	9.05e-124	55.828	| Pollen-specific leucine-rich repeat extensin-like protein 2 | Pollen-specific leucine-rich repeat extensin-like protein 1 | Leucine-rich repeat extensin-like protein 4 | Leucine-rich repeat extensin-like protein 3 | Pollen-specific leucine-rich repeat extensin-like protein 4 | Pollen-specific leucine-rich repeat extensin-like protein 3 | Leucine-rich repeat extensin-like protein 2 | Leucine-rich repeat extensin-like protein 1 | Leucine-rich repeat extensin-like protein 5 | Leucine-rich repeat extensin-like protein 6 | Leucine-rich repeat extensin-like protein 7 | Uncharacterized protein At4g06744 | Receptor-like protein kinase | Leucine-rich repeat receptor-like protein kinase PEPR2 | Receptor-like protein kinase HSL1 | LRR receptor-like serine/threonine-protein kinase GSO2 | Probable inactive leucine-rich repeat receptor kinase XIAO | LRR receptor-like serine/threonine-protein kinase RGI1 | LRR receptor-like serine/threonine-protein kinase FLS2 | LRR receptor-like serine/threonine-protein kinase ER2 | LRR receptor-like serine/threonine-protein kinase ER1 | Probable leucine-rich repeat receptor-like protein kinase At2g33170 | Leucine-rich repeat receptor-like serine/threonine-protein kinase BAM2 | Receptor-like protein 35 | LRR receptor-like serine/threonine-protein kinase ERL1 | LRR receptor-like serine/threonine-protein kinase SIK1 | Probably inactive leucine-rich repeat receptor-like protein kinase At5g06940 | LRR receptor-like serine/threonine-protein kinase GSO1 | LRR receptor-like serine/threonine-protein kinase ERECTA | Receptor protein-tyrosine kinase CEPR2 | Probable leucine-rich repeat receptor-like protein kinase At1g35710 | Leucine-rich repeat receptor protein kinase MSP1 | Leucine-rich repeat receptor-like protein kinase PXL1 | Leucine-rich repeat receptor protein kinase EMS1 | MDIS1-interacting receptor like kinase 2 | Probable LRR receptor-like serine/threonine-protein kinase At5g37450 | Leucine-rich repeat receptor-like serine/threonine-protein kinase BAM3 | LRR receptor-like serine/threonine-protein kinase ERL2 | Brassinosteroid LRR receptor kinase | Probable leucine-rich repeat receptor-like protein kinase At5g63930 | Receptor-like protein 34 | Leucine-rich repeat receptor-like kinase protein FLORAL ORGAN NUMBER1 | LRR receptor-like serine/threonine-protein kinase RGI2 | Systemin receptor SR160 | Receptor-like protein 43 | Leucine-rich repeat receptor-like protein kinase TDR | Leucine-rich repeat receptor-like protein kinase PEPR1 | Brassinosteroid LRR receptor kinase BRL2 | Leucine-rich repeat receptor-like serine/threonine-protein kinase BAM1	6	94545774
TIOBL06G0198570	6:94545774:A:T	92997909	108929994	96261671	96262349	1715897						FALSE		; Papain-like cysteine peptidase superfamily; Adenoviral Proteinase; Chain A								6	94545774
TIOBL06G0198580	6:94545774:A:T	92997909	108929994	96268594	96269450	1722820						FALSE										6	94545774
TIOBL06G0198590	6:94545774:A:T	92997909	108929994	96269685	96275100	1723911	AT4G28390.1	79	97.9	6.75e-215	593	TRUE	ADP/ATP carrier 3	; Mitochondrial substrate/solute carrier; ADP,ATP carrier protein, mitochondrial; Mitochondrial carrier protein; Mitochondrial carrier domain superfamily; ADP/ATP carrier protein, eukaryotic type	GO:0055085|transmembrane transport (BP); GO:0005471|ATP:ADP antiporter activity (MF); GO:0005743|mitochondrial inner membrane (CC); GO:0140021|mitochondrial ADP transmembrane transport (BP); GO:1990544|mitochondrial ATP transmembrane transport (BP)	O49447	ADP/ATP translocase 3, mitochondrial	Arabidopsis thaliana	0	79.045	| ADP/ATP translocase 3, mitochondrial | ADP/ATP translocase, mitochondrial | ADP/ATP translocase 1, mitochondrial | ADP/ATP translocase 2, mitochondrial | ADP/ATP translocase, mitochondrial (Fragment) | ADP/ATP translocase ER-ANT1 | ADP/ATP translocase 4 | ADP/ATP translocase At5g56450 | Mitochondrial coenzyme A transporter SLC25A42 | Mitochondrial adenyl nucleotide antiporter SLC25A24	6	94545774
TIOBL06G0198600	6:94545774:A:T	92997909	108929994	96278516	96279806	1732742	AT3G42170.1	24.7	81.5	2.97e-11	62.4	FALSE	BED zinc finger ;hAT family dimerisation domain	; consensus disorder prediction; HAT, C-terminal dimerisation domain; Ribonuclease H-like superfamily; BED FINGER-RELATED	GO:0046983|protein dimerization activity (MF)	P08770	Putative AC transposase	Zea mays	2.21e-20	51.136	| Putative AC transposase | Putative AC9 transposase | Zinc finger BED domain-containing protein RICESLEEPER 3 | Zinc finger BED domain-containing protein RICESLEEPER 2 | Zinc finger BED domain-containing protein RICESLEEPER 1 | Zinc finger BED domain-containing protein RICESLEEPER 4 | Zinc finger BED domain-containing protein DAYSLEEPER	6	94545774
TIOBL06G0198610	6:94545774:A:T	92997909	108929994	96301610	96316002	1755836	AT2G20635.1	53.7	93.9	2.27e-188	538	TRUE	ATP binding;protein kinases;protein serine/threonine kinases	; Protein kinase domain; Serine/threonine-protein kinase, active site; Protein kinase-like domain superfamily; Transferase(Phosphotransferase) domain 1; Mitotic spindle checkpoint protein Bub1/Mad3; Mad3/Bub1 homology region 1	GO:0004672|protein kinase activity (MF); GO:0005524|ATP binding (MF); GO:0006468|protein phosphorylation (BP); GO:0007094|mitotic spindle assembly checkpoint signaling (BP); GO:0051754|meiotic sister chromatid cohesion, centromeric (BP)	F4IVI0	Mitotic checkpoint serine/threonine-protein kinase BUB1	Arabidopsis thaliana	0	53.816	| Mitotic checkpoint serine/threonine-protein kinase BUB1 | Spindle assembly checkpoint serine/threonine-protein kinase bub1 | Spindle assembly checkpoint serine/threonine-protein kinase BUB1 | Mitotic checkpoint serine/threonine-protein kinase bub-1 | Probable inactive serine/threonine-protein kinase bub1 | Mitotic checkpoint serine/threonine-protein kinase BUB1 beta | Rho-associated protein kinase 1 | Mitotic spindle checkpoint protein BUBR1 | Rho-associated protein kinase let-502 | Rho-associated protein kinase 2 | Casein kinase 1-like protein HD16 | Serine/threonine-protein kinase sid2 | Probable serine/threonine-protein kinase ndrC | Probable serine/threonine-protein kinase DDB_G0278845 | Mitotic spindle checkpoint component mad3 | Citron rho-interacting kinase | Serine/threonine-protein kinase PKH1 | Probable serine/threonine-protein kinase ndrD | Citron Rho-interacting kinase | Serine/threonine-protein kinase DBF20 | Probable serine/threonine-protein kinase gdt4 | Cell cycle protein kinase DBF2 | Serine/threonine-protein kinase CBK1 | Serine/threonine-protein kinase ppk21 | Casein kinase I	6	94545774
TIOBL06G0198620	6:94545774:A:T	92997909	108929994	96362349	96369222	1816575	AT1G03770.2	50.3	63.1	5.04e-54	187	TRUE	RING 1B	; Zinc finger, RING-type; Zinc finger, RING-type, conserved site; RING/U-box; Putative E3 ubiquitin-protein ligase RING1a/b; Zinc finger, RING/FYVE/PHD-type; Zinc finger, C3HC4 type (RING finger); RING-HC_RING1-like; consensus disorder prediction		Q9FKW0	Putative E3 ubiquitin-protein ligase RING1a	Arabidopsis thaliana	2.25e-82	47.302	| Putative E3 ubiquitin-protein ligase RING1a | Putative E3 ubiquitin-protein ligase RING1b | E3 ubiquitin-protein ligase RING2 | E3 ubiquitin-protein ligase RING2-B | E3 ubiquitin-protein ligase RING2-A | E3 ubiquitin-protein ligase RING2 homolog spat-3 | Breast cancer type 1 susceptibility protein homolog | Putative RING finger protein 121R | Protein BREAST CANCER SUSCEPTIBILITY 1 homolog | Polycomb group RING finger protein 2 | Polycomb group RING finger protein 5 | Polycomb group RING finger protein 3	6	94545774
TIOBL06G0198630	6:94545774:A:T	92997909	108929994	96385759	96397585	1839985	AT5G44270.1	65.6	12.5	2.68e-29	118	TRUE	TPX2 (targeting protein for Xklp2) protein family	; Coil; TPX2; TPX2, C-terminal; TPX2 central domain; consensus disorder prediction	GO:0005819|spindle (CC); GO:0005874|microtubule (CC); GO:0005880|nuclear microtubule (CC); GO:0008017|microtubule binding (MF); GO:0030295|protein kinase activator activity (MF); GO:0032147|activation of protein kinase activity (BP); GO:0060236|regulation of mitotic spindle organization (BP); GO:0090307|mitotic spindle assembly (BP)	F4I2H7	Protein TPX2	Arabidopsis thaliana	0	58.301	| Protein TPX2 | Targeting protein for Xklp2 homolog | Microtubule-destabilizing protein 60 | Targeting protein for Xklp2-B | Targeting protein for Xklp2-A | Protein WVD2-like 1	6	94545774
TIOBL06G0198640	6:94545774:A:T	92997909	108929994	96647173	96656735	2101399	AT3G15260.1	70.6	99.3	1.62e-142	402	TRUE	Protein phosphatase 2C family protein	; PPM-type phosphatase-like domain; PPM-type phosphatase-like domain superfamily; Protein phosphatase 2C; Probable protein phosphatase 2C 39	GO:0004722|protein serine/threonine phosphatase activity (MF); GO:0006470|protein dephosphorylation (BP)	Q93YW5	Probable protein phosphatase 2C 58	Arabidopsis thaliana	8.86e-147	69.965	| Probable protein phosphatase 2C 58 | Probable protein phosphatase 2C 39 | Probable protein phosphatase 2C 62 | Probable protein phosphatase 2C 20 | Probable protein phosphatase 2C 44 | Probable protein phosphatase 2C 10 | Probable protein phosphatase 2C 9 | Probable protein phosphatase 2C 41 | Probable protein phosphatase 2C 17 | Probable protein phosphatase 2C 28 | Probable protein phosphatase 2C 69 | Probable protein phosphatase 2C 45 | Probable protein phosphatase 2C 71 | Probable protein phosphatase 2C 59 | Probable protein phosphatase 2C 52 | Probable protein phosphatase 2C 55 | Probable protein phosphatase 2C member 13, mitochondrial | Probable protein phosphatase 2C 11 | Probable protein phosphatase 2C 76 | Probable protein phosphatase 2C 56 | Probable protein phosphatase 2C 32 | Probable protein phosphatase 2C 30 | Probable protein phosphatase 2C 27 | Probable protein phosphatase 2C 25 | Probable protein phosphatase 2C 47 | Probable protein phosphatase 2C 57 | Probable protein phosphatase 2C 49 | Probable protein phosphatase 2C 22 | Probable protein phosphatase 2C 74 | Probable protein phosphatase 2C 54 | Protein phosphatase 1F | Protein phosphatase 2C homolog 1 | Probable protein phosphatase 2C 77 | Probable protein phosphatase 2C 68 | Protein phosphatase Mn(2+)-dependent 1K | Protein phosphatase 2C 77 | Probable protein phosphatase 2C 14 | Probable protein phosphatase 2C 43 | Putative protein phosphatase 2C 63 | Protein phosphatase 1L | Protein phosphatase 1K, mitochondrial	6	94545774
TIOBL06G0198650	6:94545774:A:T	92997909	108929994	96983850	96985848	2438076	AT4G28430.1	51.7	76.5	1.95e-78	248	TRUE	Reticulon family protein	; Reticulon; Reticulon-like protein B17/18/21; consensus disorder prediction		Q8LDS3	Reticulon-like protein B18	Arabidopsis thaliana	2.05e-80	51.399	| Reticulon-like protein B18 | Reticulon-like protein B17 | Reticulon-like protein B21	6	94545774
TIOBL06G0198660	6:94545774:A:T	92997909	108929994	96986177	96988565	2440403	AT2G42920.1	50.7	97.5	3.21e-167	484	TRUE	Pentatricopeptide repeat (PPR-like) superfamily protein	; Pentatricopeptide repeat-containing protein chloroplastic; Pentatricopeptide repeat-containing protein At4g14850-like, plant; Tetratricopeptide-like helical domain superfamily; E motif; Pentatricopeptide repeat-containing protein At2g42920, chloroplastic; Pentatricopeptide repeat-containing protein At5g66520	GO:0003723|RNA binding (MF); GO:0009451|RNA modification (BP); GO:0005515|protein binding (MF)	Q9SJG6	Pentatricopeptide repeat-containing protein At2g42920, chloroplastic	Arabidopsis thaliana	0	56.324	| Pentatricopeptide repeat-containing protein At2g42920, chloroplastic | Pentatricopeptide repeat-containing protein At5g66520 | Pentatricopeptide repeat-containing protein At5g06540 | Pentatricopeptide repeat-containing protein At5g48910 | Pentatricopeptide repeat-containing protein At5g08305 | Pentatricopeptide repeat-containing protein At2g20540 | Pentatricopeptide repeat-containing protein At4g18840 | Pentatricopeptide repeat-containing protein At5g56310 | Pentatricopeptide repeat-containing protein At3g62890 | Pentatricopeptide repeat-containing protein At5g15300 | Pentatricopeptide repeat-containing protein At4g21065 | Putative pentatricopeptide repeat-containing protein At5g59200, chloroplastic | Putative pentatricopeptide repeat-containing protein At3g15930 | Pentatricopeptide repeat-containing protein At3g22690 | Pentatricopeptide repeat-containing protein At1g06143 | Putative pentatricopeptide repeat-containing protein At5g40405 | Pentatricopeptide repeat-containing protein At1g59720, chloroplastic/mitochondrial | Pentatricopeptide repeat-containing protein At5g08510 | Pentatricopeptide repeat-containing protein At2g29760, chloroplastic | Pentatricopeptide repeat-containing protein At1g74630 | Pentatricopeptide repeat-containing protein At2g13600 | Pentatricopeptide repeat-containing protein At2g02980, chloroplastic | Pentatricopeptide repeat-containing protein At1g09190 | Pentatricopeptide repeat-containing protein At5g43790 | Pentatricopeptide repeat-containing protein At5g61800 | Pentatricopeptide repeat-containing protein At3g26630, chloroplastic | Pentatricopeptide repeat-containing protein At1g33350 | Pentatricopeptide repeat-containing protein At2g22410, mitochondrial | Pentatricopeptide repeat-containing protein At2g01510, mitochondrial | Pentatricopeptide repeat-containing protein At1g05750, chloroplastic | Pentatricopeptide repeat-containing protein ELI1, chloroplastic | Pentatricopeptide repeat-containing protein At3g49170, chloroplastic | Pentatricopeptide repeat-containing protein At1g31430 | Pentatricopeptide repeat-containing protein At2g36730 | Pentatricopeptide repeat-containing protein At4g14820 | Pentatricopeptide repeat-containing protein At3g12770 | Pentatricopeptide repeat-containing protein At1g04840 | Pentatricopeptide repeat-containing protein At5g44230 | Pentatricopeptide repeat-containing protein At1g31920 | Putative pentatricopeptide repeat-containing protein At3g49142 | Pentatricopeptide repeat-containing protein At2g22070 | Pentatricopeptide repeat-containing protein At3g29230 | Pentatricopeptide repeat-containing protein At3g24000, mitochondrial | Pentatricopeptide repeat-containing protein At2g03880, mitochondrial | Pentatricopeptide repeat-containing protein At2g33680 | Pentatricopeptide repeat-containing protein At1g50270 | Pentatricopeptide repeat-containing protein At4g14050, mitochondrial | Pentatricopeptide repeat-containing protein At1g53600, mitochondrial | Pentatricopeptide repeat-containing protein At4g39952, mitochondrial | Pentatricopeptide repeat-containing protein At2g21090	6	94545774
TIOBL06G0198670	6:94545774:A:T	92997909	108929994	97268646	97278489	2722872						FALSE		; consensus disorder prediction								6	94545774
TIOBL06G0198680	6:94545774:A:T	92997909	108929994	97283784	97285326	2738010						FALSE		; Coil; consensus disorder prediction; Protein E6-like		Q01197	Protein E6	Gossypium hirsutum	9.34e-09	33.659	| Protein E6	6	94545774
TIOBL06G0198690	6:94545774:A:T	92997909	108929994	97287270	97291689	2741496						FALSE										6	94545774
TIOBL06G0198700	6:94545774:A:T	92997909	108929994	97345521	97371349	2799747	AT2G20580.1	80.6	99.4	0	1324	TRUE	26S proteasome regulatory subunit S2 1A	; 26S proteasome non-ATPase regulatory subunit RPN1, C-terminal; consensus disorder prediction; Proteasome/cyclosome repeat; Armadillo-type fold; Armadillo-like helical; 26S proteasome regulatory complex, non-ATPase subcomplex, Rpn1 subunit; 26S proteasome non-ATPase regulatory subunit 2 homolog; RPN1, N-terminal; 26S PROTEASOME NON-ATPASE REGULATORY SUBUNIT	GO:0000502|proteasome complex (CC); GO:0030234|enzyme regulator activity (MF); GO:0042176|regulation of protein catabolic process (BP); GO:0005634|nucleus (CC); GO:0008540|proteasome regulatory particle, base subcomplex (CC); GO:0034515|proteasome storage granule (CC); GO:0043161|proteasome-mediated ubiquitin-dependent protein catabolic process (BP)	Q9SIV2	26S proteasome non-ATPase regulatory subunit 2 homolog A	Arabidopsis thaliana	0	81.623	| 26S proteasome non-ATPase regulatory subunit 2 homolog A | 26S proteasome non-ATPase regulatory subunit 2 homolog B | 26S proteasome regulatory subunit rpn-1 | 26S proteasome regulatory subunit rpn1 | 26S proteasome regulatory subunit RPN1 | 26S proteasome regulatory subunit RPN2 | 26S proteasome non-ATPase regulatory subunit 1 | 26S proteasome non-ATPase regulatory subunit 1 homolog A | 26S proteasome non-ATPase regulatory subunit 1 homolog B | 26S proteasome regulatory subunit rpn2	6	94545774
TIOBL06G0198710	6:94545774:A:T	92997909	108929994	97373773	97374852	2827999						FALSE		; OS04G0681850 PROTEIN; consensus disorder prediction								6	94545774
TIOBL06G0198720	6:94545774:A:T	92997909	108929994	97676485	97681093	3130711	AT1G12920.1	82.8	99.7	1.36e-203	564	TRUE	eukaryotic release factor 1-2	; eRF1, domain 2 superfamily; Peptide chain release factor subunit 1; Peptide chain release factor eRF1/aRF1; Translational machinery components; Ribosomal protein eL30-like superfamily; eRF1 domain 3; eRF1 domain 2; eRF1, domain 1	GO:0003747|translation release factor activity (MF); GO:0006415|translational termination (BP)	Q9LPV8	Eukaryotic peptide chain release factor subunit 1-2	Arabidopsis thaliana	0	82.789	| Eukaryotic peptide chain release factor subunit 1-2 | Eukaryotic peptide chain release factor subunit 1-3 | Eukaryotic peptide chain release factor subunit 1-1 | Peptide chain release factor subunit 1	6	94545774
TIOBL06G0198730	6:94545774:A:T	92997909	108929994	97763966	97778729	3218192	AT4G24440.1	92.5	99.1	2.03e-69	202	TRUE	transcription initiation factor IIA gamma chain / TFIIA-gamma (TFIIA-S)	; Transcription factor IIA, alpha-helical domain; Transcription initiation factor IIA, gamma subunit, C-terminal; Transcription factor IIA, beta-barrel; Transcription initiation factor IIA subunit 2; Transcription factor IIA (TFIIA), alpha-helical domain; Transcription initiation factor IIA, gamma subunit, N-terminal	GO:0005672|transcription factor TFIIA complex (CC); GO:0006367|transcription initiation at RNA polymerase II promoter (BP)	Q39236	Transcription initiation factor IIA subunit 2	Arabidopsis thaliana	8.1e-71	92.453	| Transcription initiation factor IIA subunit 2 | Transcription initiation factor IIA small chain homolog | Transcription initiation factor IIA subunit 2-2	6	94545774
TIOBL06G0198740	6:94545774:A:T	92997909	108929994	97809957	97825650	3264183	AT3G54680.1	42	44.4	1.32e-07	51.2	TRUE	proteophosphoglycan-related	; consensus disorder prediction								6	94545774
TIOBL06G0198750	6:94545774:A:T	92997909	108929994	97951468	97952870	3405694	AT5G44130.1	54.5	81.3	4.11e-60	189	TRUE	FASCICLIN-like arabinogalactan protein 13 precursor	; FAS1 domain; Fasciclin-like arabinogalactan protein 11; consensus disorder prediction; FAS1 domain superfamily; Fasciclin-like arabinogalactan protein, group A	GO:0005886|plasma membrane (CC); GO:0009834|plant-type secondary cell wall biogenesis (BP)	Q9SIL7	Fasciclin-like arabinogalactan protein 6	Arabidopsis thaliana	1.42e-60	45.276	| Fasciclin-like arabinogalactan protein 6 | Fasciclin-like arabinogalactan protein 9 | Fasciclin-like arabinogalactan protein 13 | Fasciclin-like arabinogalactan protein 11 | Fasciclin-like arabinogalactan protein 12 | Fasciclin-like arabinogalactan protein 7 | Fasciclin-like arabinogalactan protein 4 | Fasciclin-like arabinogalactan protein 10 | Fasciclin-like arabinogalactan protein 8 | Fasciclin-like arabinogalactan protein 2	6	94545774
TIOBL06G0198760	6:94545774:A:T	92997909	108929994	97963959	97969012	3418185						FALSE		; consensus disorder prediction								6	94545774
TIOBL06G0198770	6:94545774:A:T	92997909	108929994	98133559	98133936	3587785						FALSE										6	94545774
TIOBL06G0198780	6:94545774:A:T	92997909	108929994	98140726	98142217	3594952						FALSE										6	94545774
TIOBL06G0198790	6:94545774:A:T	92997909	108929994	98312441	98314154	3766667	AT3G48690.1	43.7	94.8	2.64e-79	243	TRUE	alpha/beta-Hydrolases superfamily protein	; Alpha/Beta hydrolase fold; Diverse Carboxylesterases and Gibberellin Receptors; Lipase, GDXG, putative serine active site; Alpha/beta hydrolase fold-3	GO:0016787|hydrolase activity (MF)	Q9SX78	Probable carboxylesterase 2	Arabidopsis thaliana	2.31e-82	42.444	| Probable carboxylesterase 2 | Probable carboxylesterase 7 | Probable carboxylesterase 13 | 2-hydroxyisoflavanone dehydratase | Probable carboxylesterase 12 | Tuliposide A-converting enzyme 1, chloroplastic | Probable carboxylesterase 3 | Probable carboxylesterase 5 | Tuliposide A-converting enzyme 2, chloroplastic | Probable carboxylesterase 4, mitochondrial | Tuliposide B-converting enzyme 1, amyloplastic | Tuliposide A-converting enzyme b3, amyloplastic | Tuliposide A-converting enzyme b2, amyloplastic | Tuliposide A-converting enzyme b1, amyloplastic | Probable tuliposide A-converting enzyme b6, amyloplastic | Tabersonine synthase | Coronaridine synthase | Hydrolase 3 | Catharanthine synthase | Hydrolase 4 | Probable carboxylesterase 17 | Probable carboxylesterase 6 | 3-O-acetylpapaveroxine carboxylesterase CXE1 | Carboxylesterase 1 | Probable carboxylesterase 8 | Strigolactones hydrolase CXE15 | 3-O-acetylpapaveroxine carboxylesterase CXE2 | Probable carboxylesterase 18 | Probable carboxylesterase 9 | Gibberellin receptor GID1A | Carboxylesterase 20 | Gibberellin receptor GID1B | Gibberellin receptor GID1C | Esterase LipI | Carboxylesterase NlhH | AB hydrolase superfamily protein C1039.03 | Arylacetamide deacetylase | Hormone-sensitive lipase | Arylacetamide deacetylase-like 2 | Neutral cholesterol ester hydrolase 1	6	94545774
TIOBL06G0198800	6:94545774:A:T	92997909	108929994	98315762	98317902	3769988						FALSE		; Prokaryotic membrane lipoprotein lipid attachment site profile.								6	94545774
TIOBL06G0198810	6:94545774:A:T	92997909	108929994	98618209	98620719	4072435						FALSE		; consensus disorder prediction								6	94545774
TIOBL06G0198820	6:94545774:A:T	92997909	108929994	98958364	98958943	4412590	AT1G28480.1	51.5	74.1	3e-36	120	TRUE	Thioredoxin superfamily protein	; Glutaredoxin domain profile.; Glutaredoxin-like, plant II; Thioredoxin-like superfamily		Q9SGP6	Glutaredoxin-C9	Arabidopsis thaliana	6.66e-35	51.456	| Glutaredoxin-C9 | Monothiol glutaredoxin-S5 | Monothiol glutaredoxin-S9 | Glutaredoxin-C8 | Monothiol glutaredoxin-S3 | Monothiol glutaredoxin-S13 | Glutaredoxin-C1 | Monothiol glutaredoxin-S4 | Glutaredoxin-C7 | Monothiol glutaredoxin-S7 | Glutaredoxin-C3 | Glutaredoxin-C11 | Monothiol glutaredoxin-S8 | Putative glutaredoxin-C14 | Monothiol glutaredoxin-S2 | Putative glutaredoxin-C2 | Glutaredoxin-C6 | Monothiol glutaredoxin-S6 | Glutaredoxin-C13 | Putative glutaredoxin-C11 | Monothiol glutaredoxin-S10 | Putative glutaredoxin-C12 | Glutaredoxin-C5 | Glutaredoxin-C10 | Monothiol glutaredoxin-S11 | Glutaredoxin-C15 | Glutaredoxin-C14 | Glutaredoxin-C2 | Monothiol glutaredoxin-S12, chloroplastic | Glutaredoxin-C4, chloroplastic | Glutaredoxin-1	6	94545774
TIOBL06G0198830	6:94545774:A:T	92997909	108929994	99082350	99099450	4536576	AT1G28470.1	71.7	88.1	1.2e-87	259	TRUE	NAC domain containing protein 10	; NAC domain; consensus disorder prediction; NAC domain superfamily; NAC domain-containing protein SOG1-like	GO:0003677|DNA binding (MF); GO:0006355|regulation of DNA-templated transcription (BP); GO:0000976|transcription cis-regulatory region binding (MF); GO:0003700|DNA-binding transcription factor activity (MF); GO:0005634|nucleus (CC)	O49459	NAC domain-containing protein 73	Arabidopsis thaliana	7.64e-98	71	| NAC domain-containing protein 73 | NAC domain-containing protein 10 | NAC domain-containing protein 75 | SUPPRESSOR OF GAMMA RESPONSE 1 | NAC domain-containing protein 14 | NAC domain-containing protein 100 | NAC transcription factor ONAC010 | NAC domain-containing protein 87 | NAC domain-containing protein 46 | NAC domain-containing protein 59 | NAC domain-containing protein 67 | NAC domain-containing protein 26 | NAC domain-containing protein 79 | NAC domain-containing protein 20 | NAC domain-containing protein 82 | NAC domain-containing protein 92 | NAC domain-containing protein 3 | NAC domain-containing protein JA2 | Protein NTM1-like 9 | NAC transcription factor NAM-B2 | NAC domain-containing protein JA2L | NAC transcription factor NAM-2 | NAC domain-containing protein 72 | NAC transcription factor NAM-A1 | Protein ATAF2 | NAC transcription factor NAM-1 | NAC transcription factor NAM-B1 | NAC domain-containing protein 41 | NAC domain-containing protein 55 | NAC domain-containing protein 19 | NAC domain-containing protein 45 | NAC transcription factor 25 | Protein CUP-SHAPED COTYLEDON 3 | NAC domain-containing protein 77 | NAC domain-containing protein 68 | NAC domain-containing protein 71 | NAC domain-containing protein 16 | NAC domain-containing protein 43 | NAC domain-containing protein 91 | NAC domain-containing protein 48 | NAC domain-containing protein 17 | NAC domain-containing protein 21/22	6	94545774
TIOBL06G0198840	6:94545774:A:T	92997909	108929994	99097461	99112273	4551687	AT5G44170.1	67.5	90.4	1.7e-108	312	TRUE	S-adenosyl-L-methionine-dependent methyltransferases superfamily protein	; S-adenosyl-L-methionine-dependent methyltransferase superfamily; Lysine methyltransferase		Q9H867	Protein N-lysine methyltransferase METTL21D	Homo sapiens	1.41e-24	30.583	| Protein N-lysine methyltransferase METTL21D | Protein N-lysine methyltransferase METTL21A | Protein-lysine methyltransferase vkmt-1 | EEF1A lysine methyltransferase 3 | Methyltransferase-like protein 21E | Protein-lysine methyltransferase METTL21E | Protein-lysine N-methyltransferase EFM6 | Calmodulin-lysine N-methyltransferase	6	94545774
TIOBL06G0198850	6:94545774:A:T	92997909	108929994	99267896	99270681	4722122						FALSE		; consensus disorder prediction								6	94545774
TIOBL06G0198860	6:94545774:A:T	92997909	108929994	99274896	99275348	4729122						FALSE										6	94545774
TIOBL06G0198870	6:94545774:A:T	92997909	108929994	99843650	99856100	5297876	AT5G44180.1	53.6	85.5	0	1117	TRUE	Homeodomain-like transcriptional regulator	; consensus disorder prediction; WHIM2 domain; WHIM1 domain; Coil; Homeodomain; ASXL, HARE-HTH domain; Homeobox-DDT domain protein RLT1-3; Homedomain-like superfamily	GO:0003677|DNA binding (MF); GO:0006355|regulation of DNA-templated transcription (BP); GO:0006357|regulation of transcription by RNA polymerase II (BP)	Q9FFH1	Homeobox-DDT domain protein RLT2	Arabidopsis thaliana	0	52.524	| Homeobox-DDT domain protein RLT2 | Homeobox-DDT domain protein RLT1 | Homeobox-DDT domain protein RLT3 | Homeobox protein Dlx4a | Homeobox protein Dlx2a | Homeobox protein Hox-A1 (Fragment) | Homeobox protein ceh-5 | Pituitary homeobox 1 | Homeobox protein aristaless | Homeobox protein HOX3 | Homeobox protein mab-5 | Homeobox protein EgHBX4 (Fragment) | Homeobox protein prophet of Pit-1 | Homeobox protein HD-10 | Homeobox protein DLL-2 | Intestine-specific homeobox | Homeobox protein DLX-3 | Homeobox protein Dlx3b | Homeobox protein Hox-A1a | Chromatin assembly factor 1 subunit A | Homeobox protein Hox-A11b | Distal-less-like protein DLX-3	6	94545774
TIOBL06G0198880	6:94545774:A:T	92997909	108929994	100024943	100026107	5479169	AT5G31412.1	50	24.2	3.59e-06	45.4	FALSE	hAT transposon superfamily protein	; Ribonuclease H-like superfamily; Coil; HAT, C-terminal dimerisation domain	GO:0046983|protein dimerization activity (MF)							6	94545774
TIOBL06G0198890	6:94545774:A:T	92997909	108929994	100136791	100165269	5591017	AT1G80910.1	63	96.6	3.25e-224	627	TRUE	Protein of unknown function (DUF1712)	; CCZ1/INTU/HSP4, first Longin domain; Vacuolar fusion protein Ccz1; consensus disorder prediction	GO:0016192|vesicle-mediated transport (BP); GO:0035658|Mon1-Ccz1 complex (CC); GO:0043231|intracellular membrane-bounded organelle (CC)	F4I2S4	Vacuolar fusion protein CCZ1 homolog A	Arabidopsis thaliana	0	62.308	| Vacuolar fusion protein CCZ1 homolog A | Vacuolar fusion protein CCZ1 homolog B	6	94545774
TIOBL06G0198900	6:94545774:A:T	92997909	108929994	100399679	100400533	5853905						FALSE										6	94545774
TIOBL06G0198910	6:94545774:A:T	92997909	108929994	100536856	100567761	5991082	AT2G35040.1	81.7	90.3	0	907	TRUE	AICARFT/IMPCHase bienzyme family protein	; Bifunctional purine biosynthesis protein PurH-like; Methylglyoxal synthase-like domain; Methylglyoxal synthase-like domain superfamily; AICAR transformylase, duplicated domain superfamily; IMPCH; Cytidine deaminase-like	GO:0003937|IMP cyclohydrolase activity (MF); GO:0004643|phosphoribosylaminoimidazolecarboxamide formyltransferase activity (MF); GO:0006164|purine nucleotide biosynthetic process (BP); GO:0005829|cytosol (CC); GO:0006189|'de novo' IMP biosynthetic process (BP); GO:0003824|catalytic activity (MF)	Q71YQ3	Bifunctional purine biosynthesis protein PurH	Listeria monocytogenes serotype 4b (strain F2365)	1.97e-170	49.43	| Bifunctional purine biosynthesis protein PurH	6	94545774
TIOBL06G0198920	6:94545774:A:T	92997909	108929994	100571965	100577831	6026191						FALSE										6	94545774
TIOBL06G0198930	6:94545774:A:T	92997909	108929994	100573199	100584430	6027425						FALSE										6	94545774
TIOBL06G0198940	6:94545774:A:T	92997909	108929994	101314230	101319402	6768456						FALSE										6	94545774
TIOBL06G0198950	6:94545774:A:T	92997909	108929994	101442497	101448436	6896723						FALSE		; consensus disorder prediction								6	94545774
TIOBL06G0198960	6:94545774:A:T	92997909	108929994	101504426	101510849	6958652						FALSE		; consensus disorder prediction								6	94545774
TIOBL06G0198970	6:94545774:A:T	92997909	108929994	101505840	101514044	6960066						FALSE		; ZINC KNUCKLE (CCHC-TYPE) FAMILY PROTEIN; consensus disorder prediction; Retrotransposon gag domain								6	94545774
TIOBL06G0198980	6:94545774:A:T	92997909	108929994	101506656	101515882	6960882	ATMG00860.1	41	20.9	1.17e-25	102	FALSE	DNA/RNA polymerases superfamily protein	; Reverse transcriptase domain; HIV Type 1 Reverse Transcriptase, subunit A, domain 1; consensus disorder prediction; retropepsin_like; Zinc knuckle domaincontaining protein; DNA/RNA polymerase superfamily; Coil; ZINC KNUCKLE (CCHC-TYPE) FAMILY PROTEIN; Reverse transcriptase/Diguanylate cyclase domain; RT_LTR; Aspartic peptidase domain superfamily		Q7LHG5	Transposon Ty3-I Gag-Pol polyprotein	Saccharomyces cerevisiae (strain ATCC 204508 / S288c)	4.32e-69	39.067	| Transposon Ty3-I Gag-Pol polyprotein | Transposon Ty3-G Gag-Pol polyprotein | Retrovirus-related Pol polyprotein from transposon 297 | Retrovirus-related Pol polyprotein from transposon opus | Retrovirus-related Pol polyprotein from transposon 17.6 | Retrovirus-related Pol polyprotein from transposon gypsy | Transposon Tf1-107 polyprotein | Transposon Tf2-10 polyprotein | Transposon Tf2-13 polyprotein | Transposon Tf2-9 polyprotein | Transposon Tf2-4 polyprotein | Transposon Tf2-2 polyprotein | Transposon Tf2-1 polyprotein | Transposon Tf2-6 polyprotein | Transposon Tf2-5 polyprotein | Transposon Tf2-3 polyprotein | Transposon Tf2-12 polyprotein | Retrovirus-related Pol polyprotein from transposon 412 | Transposon Tf2-8 polyprotein | Transposon Tf2-7 polyprotein | Transposon Tf2-11 polyprotein | Enzymatic polyprotein | Polyprotein P3 | Pro-Pol polyprotein | Putative enzymatic polyprotein | RNA-directed DNA polymerase homolog | Uncharacterized protein K02A2.6 | Genome polyprotein | Uncharacterized mitochondrial protein AtMg00860 | Retrotransposon-like protein 1 | Gag-pol polyprotein	6	94545774
TIOBL06G0198990	6:94545774:A:T	92997909	108929994	101508766	101517967	6962992						FALSE		; Integrase, catalytic core; Coil; Tf2-1-like, SH3 domain; Retrovirus-related Pol polyprotein from transposon gypsy-like Protein; Ribonuclease H superfamily; Ribonuclease H-like superfamily; ZINC KNUCKLE (CCHC-TYPE) FAMILY PROTEIN; Integrase zinc-binding domain	GO:0015074|DNA integration (BP); GO:0003676|nucleic acid binding (MF)	Q7LHG5	Transposon Ty3-I Gag-Pol polyprotein	Saccharomyces cerevisiae (strain ATCC 204508 / S288c)	1.01e-63	34.332	| Transposon Ty3-I Gag-Pol polyprotein | Transposon Ty3-G Gag-Pol polyprotein | Transposon Tf2-6 polyprotein | Transposon Tf2-5 polyprotein | Transposon Tf2-3 polyprotein | Transposon Tf2-12 polyprotein | Transposon Tf2-9 polyprotein | Transposon Tf2-4 polyprotein | Transposon Tf2-2 polyprotein | Transposon Tf2-1 polyprotein | Transposon Tf2-13 polyprotein | Transposon Tf2-8 polyprotein | Transposon Tf2-7 polyprotein | Transposon Tf2-10 polyprotein | Transposon Tf2-11 polyprotein | Transposon Tf1-107 polyprotein | Pro-Pol polyprotein | Gag-Pol polyprotein (Fragment) | Gypsy retrotransposon integrase-like protein 1 | Retrovirus-related Pol polyprotein from transposon 412 | Uncharacterized protein K02A2.6 | Gag-pol polyprotein	6	94545774
TIOBL06G0199000	6:94545774:A:T	92997909	108929994	101525767	101584001	6979993	AT2G31060.3	79.8	99.4	0	1028	TRUE	elongation factor family protein	; GTP-binding protein BipA, domain 3; Elongation factor family protein; GTP-binding protein TypA; GTP-binding protein BipA, GTP-binding domain; EF-G domain III/V-like; Translation elongation factor EFTu-like, domain 2; Elongation Factor G (Translational Gtpase), domain 3; Tr-type G domain, conserved site; Translational (tr)-type GTP-binding domain; P-loop containing nucleoside triphosphate hydrolase; Small GTP-binding domain; Elongation factor EFG, domain V-like; TRANSLATION ELONGATION FACTOR-RELATED; Translation factors; GTP-binding protein BipA, domain 2; Translation protein, beta-barrel domain superfamily; BipA, domain V; GTP-binding protein TypA/BipA, C-terminal; TypA/BipA, C-terminal domain	GO:0005525|GTP binding (MF); GO:0003924|GTPase activity (MF); GO:0005829|cytosol (CC); GO:1990904|ribonucleoprotein complex (CC)	P0A3B4	Large ribosomal subunit assembly factor BipA	Shigella flexneri	0	48.052	| Large ribosomal subunit assembly factor BipA | Putative elongation factor TypA-like SVR3, chloroplastic | Elongation factor 4 | Elongation factor 4 2	6	94545774
TIOBL06G0199010	6:94545774:A:T	92997909	108929994	101801965	101807458	7256191	AT5G04840.1	48.8	24.6	1.88e-13	69.7	TRUE	bZIP protein	; RF2-like transcription factor, bZIP domain; consensus disorder prediction; Transcription factor VIP1; Basic-leucine zipper domain superfamily; Basic leucine zipper transcription regulators	GO:0003700|DNA-binding transcription factor activity (MF); GO:0006355|regulation of DNA-templated transcription (BP); GO:0003677|DNA binding (MF); GO:0005634|nucleus (CC); GO:0045893|positive regulation of DNA-templated transcription (BP)	F4IN23	Basic leucine zipper 34	Arabidopsis thaliana	7.91e-80	47.883	| Basic leucine zipper 34 | Basic leucine zipper 61 | Basic leucine zipper 2 | Transcription factor VIP1 | Transcription factor RF2b | bZIP transcription factor 29 | Transcription factor RF2a | bZIP transcription factor 18 | bZIP transcription factor 30 | Probable transcription factor PosF21 | Regulatory protein opaque-2 | Transcription factor HY5 | bZIP transcription factor RISBZ4 | bZIP transcription factor RISBZ3	6	94545774
TIOBL06G0199020	6:94545774:A:T	92997909	108929994	101809695	101814025	7263921	AT3G58110.1	28.2	83.3	3.42e-70	248	TRUE		; Coil; HISTONE ACETYLTRANSFERASE KAT6B-LIKE; consensus disorder prediction								6	94545774
TIOBL06G0199030	6:94545774:A:T	92997909	108929994	101886117	101899168	7340343	AT4G14660.1	64.6	99.4	2.71e-87	253	TRUE	RNA polymerase Rpb7-like, N-terminal domain	; DNA-directed RNA polymerase II subunit RPB7; RNAP_II_Rpb7_N; Nucleic acid-binding, OB-fold; RNA polymerase Rpb7-like, N-terminal domain superfamily; RNA polymerase subunit Rpb7-like; RNA polymerase Rpb7-like , N-terminal	GO:0003697|single-stranded DNA binding (MF); GO:0003727|single-stranded RNA binding (MF); GO:0006352|DNA-templated transcription initiation (BP); GO:0006351|DNA-templated transcription (BP)	A6QRA1	DNA-directed RNA polymerase V subunit 7	Arabidopsis thaliana	3.16e-88	64.571	| DNA-directed RNA polymerase V subunit 7 | DNA-directed RNA polymerase IV subunit 7 | DNA-directed RNA polymerase subunit 7-like protein | DNA-directed RNA polymerase II subunit RPB7 | DNA-directed RNA polymerase II subunit 7 | DNA-directed RNA polymerase II subunit rpb7 | DNA-directed RNA polymerase subunit Rpo7	6	94545774
TIOBL06G0199040	6:94545774:A:T	92997909	108929994	102031688	102040721	7485914	AT1G29380.1	56.8	37.3	4.53e-27	105	TRUE	Carbohydrate-binding X8 domain superfamily protein	; Glucan endo-1,3-beta-glucosidase 4; X8 domain; Carbohydrate-binding X8 domain-containing protein, plant		Q9M2K6	PLASMODESMATA CALLOSE-BINDING PROTEIN 5	Arabidopsis thaliana	2.68e-41	45.029	| PLASMODESMATA CALLOSE-BINDING PROTEIN 5 | Glucan endo-1,3-beta-glucosidase 2 | PLASMODESMATA CALLOSE-BINDING PROTEIN 3 | Glucan endo-1,3-beta-glucosidase 4 | Glucan endo-1,3-beta-glucosidase 1 | Glucan endo-1,3-beta-glucosidase 13 | Major pollen allergen Ole e 10 | Glucan endo-1,3-beta-glucosidase 3 | Glucan endo-1,3-beta-glucosidase 7 | Glucan endo-1,3-beta-glucosidase 12 | PLASMODESMATA CALLOSE-BINDING PROTEIN 1 | Glucan endo-1,3-beta-D-glucosidase | PLASMODESMATA CALLOSE-BINDING PROTEIN 2 | Probable glucan endo-1,3-beta-glucosidase A6 | Carbohydrate-binding X8 domain-containing protein | PLASMODESMATA CALLOSE-BINDING PROTEIN 4 | Glucan endo-1,3-beta-glucosidase 9 | Glucan endo-1,3-beta-glucosidase 6	6	94545774
TIOBL06G0199050	6:94545774:A:T	92997909	108929994	102074258	102075951	7528484						FALSE										6	94545774
TIOBL06G0199060	6:94545774:A:T	92997909	108929994	102249887	102251030	7704113						FALSE		; Chromo domain; Tf2-1-like, SH3 domain; Chromo-like domain superfamily; CHROMO DOMAIN-CONTAINING PROTEIN								6	94545774
TIOBL06G0199070	6:94545774:A:T	92997909	108929994	102563100	102565662	8017326						FALSE										6	94545774
TIOBL06G0199080	6:94545774:A:T	92997909	108929994	102569715	102570482	8023941						FALSE		; consensus disorder prediction								6	94545774
TIOBL06G0199090	6:94545774:A:T	92997909	108929994	102852965	102862488	8307191						FALSE		; consensus disorder prediction; Coil; Probable transposase, Ptta/En/Spm, plant								6	94545774
TIOBL06G0199100	6:94545774:A:T	92997909	108929994	102895349	102897565	8349575						FALSE		; consensus disorder prediction; OS10G0338966 PROTEIN-RELATED								6	94545774
TIOBL06G0199110	6:94545774:A:T	92997909	108929994	102898081	102900370	8352307						FALSE										6	94545774
TIOBL06G0199120	6:94545774:A:T	92997909	108929994	102903316	102905770	8357542	AT4G18390.1	72.1	19.5	1.06e-24	102	TRUE	TEOSINTE BRANCHED 1, cycloidea and PCF transcription factor 2	; Transcription factor TCP subgroup; Transcription factor, TCP; consensus disorder prediction	GO:0003700|DNA-binding transcription factor activity (MF); GO:0005634|nucleus (CC); GO:0043565|sequence-specific DNA binding (MF); GO:2000032|regulation of secondary shoot formation (BP)	Q8LPR5	Transcription factor TCP4	Arabidopsis thaliana	1.42e-70	46.131	| Transcription factor TCP4 | Transcription factor TCP3 | Transcription factor PCF5 | Transcription factor TCP10 | Transcription factor PCF7 | Transcription factor PCF6 | Transcription factor TCP2 | Transcription factor TCP24 | Transcription factor TCP13 | Transcription factor PCF8 | Transcription factor TCP5 | Transcription factor TCP17 | Transcription factor CYCLOIDEA (Fragment) | Transcription factor TCP12 | Transcription factor DICHOTOMA | Transcription factor TCP18 | Transcription factor TB1 | Transcription factor TEOSINTE BRANCHED 1	6	94545774
TIOBL06G0199130	6:94545774:A:T	92997909	108929994	103113074	103117975	8567300						FALSE		; Ribonuclease H-like superfamily; Tf2-1-like, SH3 domain; Ribonuclease H superfamily; CHROMO DOMAIN-CONTAINING PROTEIN; Chromo-like domain superfamily	GO:0003676|nucleic acid binding (MF)	Q01910	Transposon Tf1-107 polyprotein	Schizosaccharomyces pombe	2.46e-16	32.558	| Transposon Tf1-107 polyprotein | Transposon Tf2-10 polyprotein | Transposon Tf2-9 polyprotein | Transposon Tf2-4 polyprotein | Transposon Tf2-2 polyprotein | Transposon Tf2-1 polyprotein | Transposon Tf2-13 polyprotein | Transposon Tf2-8 polyprotein | Transposon Tf2-7 polyprotein | Transposon Tf2-11 polyprotein | Transposon Tf2-6 polyprotein | Transposon Tf2-5 polyprotein | Transposon Tf2-3 polyprotein | Transposon Tf2-12 polyprotein | Transposon Ty3-G Gag-Pol polyprotein | Transposon Ty3-I Gag-Pol polyprotein	6	94545774
TIOBL06G0199140	6:94545774:A:T	92997909	108929994	103440538	103441072	8894764						FALSE										6	94545774
TIOBL06G0199150	6:94545774:A:T	92997909	108929994	103442755	103443169	8896981						FALSE		; consensus disorder prediction								6	94545774
TIOBL06G0199160	6:94545774:A:T	92997909	108929994	103706740	103709107	9160966						FALSE		; consensus disorder prediction								6	94545774
TIOBL06G0199170	6:94545774:A:T	92997909	108929994	103713349	103714344	9167575						FALSE										6	94545774
TIOBL06G0199180	6:94545774:A:T	92997909	108929994	103757859	103772402	9212085	AT1G18560.1	24.9	47.5	3.92e-13	70.9	FALSE	BED zinc finger ;hAT family dimerisation domain	; Zinc finger, BED-type; Zinc finger BED domain-containing; Ribonuclease H-like superfamily	GO:0003677|DNA binding (MF)	P03010	Putative AC9 transposase	Zea mays	2.98e-36	32.039	| Putative AC9 transposase | Putative AC transposase | Zinc finger BED domain-containing protein RICESLEEPER 3 | Zinc finger BED domain-containing protein RICESLEEPER 2 | Zinc finger BED domain-containing protein RICESLEEPER 1 | Zinc finger BED domain-containing protein RICESLEEPER 4 | Zinc finger BED domain-containing protein DAYSLEEPER | Putative transcriptional regulator tpeD | Zinc finger BED domain-containing protein 4 | Zinc finger BED domain-containing protein 6	6	94545774
TIOBL06G0199190	6:94545774:A:T	92997909	108929994	103861377	103877738	9315603	AT3G01770.1	59.4	17	1.36e-32	132	TRUE	bromodomain and extraterminal domain protein 10	; Bromodomain-like superfamily; NET domain superfamily; Putative transcription factor GTE, bromodomain; OSJNBA0053K19.4 PROTEIN; consensus disorder prediction; Coil	GO:0005515|protein binding (MF)	Q9LNC4	Transcription factor GTE4	Arabidopsis thaliana	5.43e-134	51.073	| Transcription factor GTE4 | Transcription factor GTE3, chloroplastic | Transcription factor GTE5, chloroplastic | Transcription factor GTE8 | Transcription factor GTE9 | Transcription factor GTE10 | Transcription factor GTE11 | Transcription factor GTE7 | Bromodomain testis-specific protein | Transcription factor GTE12 | Bromodomain-containing protein 4 | Homeotic protein female sterile | Bromodomain-containing protein 4A | Bromodomain-containing protein DDB_G0270170 | Bromodomain-containing protein 2 | Bromodomain-containing protein 4B | Bromodomain-containing factor 1 | SWR1 complex bromodomain subunit bdf1 | Bromodomain-containing protein 3 | Bromodomain-containing protein bet-1 | Ankyrin repeat, bromo and BTB domain-containing protein DDB_G0293800 | Bromodomain-containing factor 2 | Transcription factor GTE6 | Transcription factor GTE2 | Bromodomain-containing protein C631.02 | CREB-binding protein | Histone lysine acetyltransferase CREBBP | Histone acetyltransferase p300 | Bromodomain adjacent to zinc finger domain protein 2B | Bromodomain and WD repeat-containing protein 1 | PH-interacting protein	6	94545774
TIOBL06G0199200	6:94545774:A:T	92997909	108929994	104148393	104148757	9602619						FALSE		; consensus disorder prediction								6	94545774
TIOBL06G0199210	6:94545774:A:T	92997909	108929994	104181303	104182081	9635529	AT2G31090.1	85.1	46.3	2.47e-43	137	TRUE		; consensus disorder prediction; Signaling peptide TAXIMIN 1/2		O82275	Signaling peptide TAXIMIN 1	Arabidopsis thaliana	4.33e-32	85.135	| Signaling peptide TAXIMIN 1 | Signaling peptide TAXIMIN 2	6	94545774
TIOBL06G0199220	6:94545774:A:T	92997909	108929994	104284523	104293918	9738749						FALSE										6	94545774
TIOBL06G0199230	6:94545774:A:T	92997909	108929994	104472789	104482740	9927015						FALSE		; Domain of unknown function DUF4218; DUF4218 DOMAIN-CONTAINING PROTEIN-RELATED; consensus disorder prediction; Domain of unknown function DUF4216								6	94545774
TIOBL06G0199240	6:94545774:A:T	92997909	108929994	104486765	104487553	9940991						FALSE		; consensus disorder prediction								6	94545774
TIOBL06G0199250	6:94545774:A:T	92997909	108929994	104487702	104488082	9941928						FALSE		; consensus disorder prediction								6	94545774
TIOBL06G0199260	6:94545774:A:T	92997909	108929994	104492619	104497065	9946845						FALSE		; consensus disorder prediction; LATE EMBRYOGENESIS ABUNDANT DOMAIN-CONTAINING PROTEIN / LEA DOMAIN-CONTAINING PROTEIN	GO:0005829|cytosol (CC); GO:0009631|cold acclimation (BP)	Q41060	Seed biotin-containing protein SBP65	Pisum sativum	1.06e-24	34.054	| Seed biotin-containing protein SBP65 | Late embryogenesis abundant protein ECP63 | Late embryogenesis abundant protein At3g53040	6	94545774
TIOBL06G0199270	6:94545774:A:T	92997909	108929994	104591174	104592146	10045400						FALSE		; CHROMO DOMAIN-CONTAINING PROTEIN; Chromo-like domain superfamily; Chromo domain								6	94545774
TIOBL06G0199280	6:94545774:A:T	92997909	108929994	104631553	104655267	10085779	AT2G42570.1	63.9	89.7	5.08e-170	478	TRUE	TRICHOME BIREFRINGENCE-LIKE 39	; Trichome birefringence-like family; Trichome birefringence-like, C-terminal domain; Trichome birefringence-like, N-terminal domain	GO:0005794|Golgi apparatus (CC); GO:0016413|O-acetyltransferase activity (MF); GO:0016740|transferase activity (MF)	Q9SIN2	Protein trichome birefringence-like 39	Arabidopsis thaliana	4.11e-160	64.095	| Protein trichome birefringence-like 39 | Protein trichome birefringence-like 40 | Protein trichome birefringence-like 38 | Protein trichome birefringence-like 37 | Protein trichome birefringence-like 41 | Protein trichome birefringence-like 42 | Protein trichome birefringence-like 43 | Protein PMR5 | Protein trichome birefringence-like 45 | Protein trichome birefringence-like 6 | Protein trichome birefringence-like 36 | Protein trichome birefringence-like 1 | Protein trichome birefringence-like 2 | Protein trichome birefringence-like 5 | Xylan O-acetyltransferase 1 | Protein trichome birefringence-like 31 | Protein trichome birefringence-like 28 | Protein trichome birefringence-like 11 | Probable xylan O-acetyltransferase 8 | Xylan O-acetyltransferase 5 | Protein trichome birefringence-like 10 | Protein trichome birefringence-like 30 | Protein trichome birefringence-like 33 | Probable xylan O-acetyltransferase 10 | Protein trichome birefringence-like 32 | Xylan O-acetyltransferase 6 | Protein trichome birefringence-like 34 | Protein trichome birefringence-like 35 | Protein trichome berefringence-like 7 | Protein trichome birefringence-like 9 | Xylan O-acetyltransferase 7 | Protein trichome birefringence-like 8 | Xylan O-acetyltransferase 12 | Xylan O-acetyltransferase 3 | Xylan O-acetyltransferase 4 | Xylan O-acetyltransferase 13 | Xylan O-acetyltransferase 2 | Probable xylan O-acetyltransferase 11 | Xylan O-acetyltransferase 14 | Probable xylan O-acetyltransferase 9 | Protein trichome birefringence-like 13 | Protein trichome birefringence-like 14 | Xyloglucan O-acetyltransferase 1 | Protein trichome birefringence-like 16 | Protein trichome birefringence-like 12 | Protein trichome birefringence-like 15	6	94545774
TIOBL06G0199290	6:94545774:A:T	92997909	108929994	104814815	104824288	10269041	AT1G11910.2	74.2	94.2	3.16e-272	749	TRUE	aspartic proteinase A1	; Saposin B type domain; Peptidase family A1 domain; Aspartic peptidase domain superfamily; Aspartic peptidase, active site; Aspartic proteinase A1; Phytepsin; Lysosomal aspartic protease; Saposin B type, region 2; Aspartic peptidase A1; Vacuolar aspartic proteinase; Saposin-like type B, region 1	GO:0004190|aspartic-type endopeptidase activity (MF); GO:0006508|proteolysis (BP); GO:0006629|lipid metabolic process (BP)	O65390	Aspartic proteinase A1	Arabidopsis thaliana	0	71.992	| Aspartic proteinase A1 | Aspartic proteinase A2 | Aspartic proteinase oryzasin-1 | Cyprosin (Fragment) | Phytepsin | Aspartic proteinase A3 | Procardosin-A | Procardosin-B | Lysosomal aspartic protease | Cathepsin D | Cardosin-F (Fragments) | Aspartic protease 4 | Cathepsin E-A | Cathepsin E-B | Cardosin-G (Fragments) | Napsin-A | Cardosin-H (Fragments) | Vacuolar protease A | Pepsin II-1 | Probable vacuolar protease A | Pepsin II-2/3 | Pepsin II-4 | Cathepsin D (Fragment) | Saccharopepsin | Renin | Pepsin A | Pepsin A-4 | Pepsin-3	6	94545774
TIOBL06G0199300	6:94545774:A:T	92997909	108929994	104931217	104946118	10385443	AT1G21690.3	83.2	90.6	8.05e-186	516	TRUE	ATPase family associated with various cellular activities (AAA)	; Replication factor C subunit 4; P-loop containing nucleoside triphosphate hydrolase; AAA; DNA Replication and Repair Clamp Loader Complex; Replication factor C, lid domain; Replication factor C subunit 5; DNA polymerase III, clamp loader complex, gamma/delta/delta subunit, C-terminal; Replication factor C, C-terminal; ATPase, AAA-type, core; AAA+ ATPase domain; RCF1/5-like, AAA+ ATPase lid domain	GO:0003689|DNA clamp loader activity (MF); GO:0005634|nucleus (CC); GO:0005663|DNA replication factor C complex (CC); GO:0006261|DNA-templated DNA replication (BP); GO:0006281|DNA repair (BP); GO:0003677|DNA binding (MF); GO:0006260|DNA replication (BP); GO:0005524|ATP binding (MF); GO:0016887|ATP hydrolysis activity (MF)	Q9FXM3	Replication factor C subunit 2	Oryza sativa subsp. japonica	0	82.738	| Replication factor C subunit 2 | Replication factor C subunit 4 | Probable replication factor C subunit 4 | Replication factor C small subunit | Replication factor C small subunit 1 | Replication factor C small subunit 2 | Probable replication factor C subunit 5 | Putative replication factor C small subunit L510 | Replication factor C subunit 3 | Replication factor C subunit 5	6	94545774
TIOBL06G0199310	6:94545774:A:T	92997909	108929994	105022638	105025115	10476864	AT5G50220.1	30.3	45.6	5.64e-08	53.9	FALSE	F-box family protein	; SCF complex F-box component; F-box domain; F-box associated interaction domain; F-box-like domain superfamily	GO:0005515|protein binding (MF)	Q9SUY0	F-box protein At4g22390	Arabidopsis thaliana	1.71e-18	26.486	| F-box protein At4g22390 | F-box protein CPR1 | Putative F-box protein At4g38870 | Putative F-box protein At2g02030 | F-box/kelch-repeat protein At3g23880 | Putative F-box protein At3g16210 | F-box protein At2g21930 | Putative F-box protein At4g21240 | Putative F-box protein At3g10430 | F-box protein At3g08750 | F-box protein At3g17710 | Putative F-box protein At1g47790 | Putative F-box protein At1g32420 | Putative F-box protein At3g10240 | Putative F-box protein At4g09190 | Putative F-box protein At5g15660 | Putative F-box protein At1g53370 | Putative F-box only protein 9 | Putative F-box only protein 15 | Putative F-box protein At1g32660 | F-box protein At5g18160 | Putative F-box protein At1g47765 | Putative F-box protein At5g44220	6	94545774
TIOBL06G0199320	6:94545774:A:T	92997909	108929994	105037599	105040358	10491825						FALSE		; consensus disorder prediction; OS10G0338966 PROTEIN-RELATED								6	94545774
TIOBL06G0199330	6:94545774:A:T	92997909	108929994	105041069	105042774	10495295						FALSE		; Ulp1 protease family, C-terminal catalytic domain; Adenoviral Proteinase; Chain A; Papain-like cysteine peptidase superfamily	GO:0006508|proteolysis (BP); GO:0008234|cysteine-type peptidase activity (MF)							6	94545774
TIOBL06G0199340	6:94545774:A:T	92997909	108929994	105447753	105449145	10901979						FALSE										6	94545774
TIOBL06G0199350	6:94545774:A:T	92997909	108929994	105466110	105468691	10920336	AT1G76790.1	58.3	58.5	2.53e-13	62.8	FALSE	O-methyltransferase family protein	; O-methyltransferase COMT-type; S-adenosyl-L-methionine-dependent methyltransferase superfamily; O-methyltransferase domain	GO:0008168|methyltransferase activity (MF); GO:0008171|O-methyltransferase activity (MF)	A8QW53	5-pentadecatrienyl resorcinol O-methyltransferase	Sorghum bicolor	9.05e-28	65	| 5-pentadecatrienyl resorcinol O-methyltransferase | Myricetin 7/4'-O-methyltransferase 2 | Tabersonine 16-O-methyltransferase | Flavonoid 8-O-methyltransferase 1 | Trans-resveratrol di-O-methyltransferase | Pluviatolide O-methyltransferase | Myricetin O-methyltransferase | Isoflavone 7-O-methyltransferase | Isoflavone-7-O-methyltransferase 9 | Isoflavone-7-O-methyltransferase 6 | Isoflavone-7-O-methyltransferase 8 | 3-O-methylredipecamine 2-O-methyltransferase IpeOMT3 | Strychnine O-methyltransferase | 8-hydroxyquercetin 8-O-methyltransferase | 7'-O-demethylcephaeline 7'-O-methyltransferase IpeOMT2 | (+)-6a-hydroxymaackiain 3-O-methyltransferase 2 | Flavonoid 4'-O-methyltransferase 3 | Isoflavone 4'-O-methyltransferase | Flavonoid 6-O-methyltransferase 4 | Flavonoid 6-O-methyltransferase 6 | Cephaeline 6'-O-methyltransferase CiOMT | (+)-6a-hydroxymaackiain 3-O-methyltransferase 1 | Flavonoid 4'-O-methyltransferase 5 | Cephaeline 6'-O-methyltransferase IpeOMT1 | TRIBOA-glucoside O-methyltransferase BX7 | 3'-hydroxy-N-methyl-(S)-coclaurine 4'-O-methyltransferase | Flavonoid O-methyltransferase-like protein Os11g0303600 | 3'-hydroxy-N-methyl-(S)-coclaurine 4'-O-methyltransferase 2 | Flavonoid 7-O-methyltransferase 2 | (RS)-norcoclaurine 6-O-methyltransferase | Noribogaine 10-O-methyltransferase | Probable O-methyltransferase 3 | Chavicol O-methyltransferase | Acetylserotonin O-methyltransferase 3 | O-methyltransferase ZRP4 | O-methyltransferase 16 | Norreticuline-7-O-methyltransferase | Acetylserotonin O-methyltransferase 1 | Columbamine O-methyltransferase | Flavonoid 7-O-methyltransferase 1B | Flavonoid 7-O-methyltransferase 1A | Eugenol O-methyltransferase | O-methyltransferase 11 | O-methyltransferase 10	6	94545774
TIOBL06G0199360	6:94545774:A:T	92997909	108929994	105588575	105590407	11042801	AT3G23880.1	27.4	72.2	8.52e-15	75.1	FALSE	F-box and associated interaction domains-containing protein	; F-box domain; F-box associated interaction domain; consensus disorder prediction; F-box_AtFBW1-like; F-box-like domain superfamily; SCF complex F-box component	GO:0005515|protein binding (MF)	Q8GXC7	F-box/kelch-repeat protein At3g06240	Arabidopsis thaliana	8.73e-16	24.455	| F-box/kelch-repeat protein At3g06240 | F-box protein At3g07870 | Putative F-box protein At4g21240 | Putative F-box protein At5g50220 | F-box protein At5g18160 | Putative F-box protein At5g52610 | F-box/kelch-repeat protein At3g23880 | F-box protein CPR1 | F-box protein At2g40925 | Putative F-box protein At4g09190 | Putative F-box protein At1g47790 | F-box protein At4g19940 | Putative F-box protein At3g52320 | Putative F-box protein At1g53550 | F-box protein At1g52495 | Putative F-box protein At5g15660 | Putative F-box protein At4g38870 | Putative F-box protein At3g25460 | Putative F-box protein At3g16210 | Putative F-box protein At3g10430 | F-box protein At4g22390 | Putative F-box protein At3g10240 | F-box protein At5g62510 | F-box protein At1g30790 | F-box/kelch-repeat protein At4g19930 | F-box protein At1g47340 | F-box/WD-40 repeat-containing protein 1 | Putative F-box protein At3g23960 | Putative F-box protein At1g71320 | Putative F-box protein At5g62060 | Putative F-box protein At1g33530 | Putative F-box protein At2g16220 | Putative F-box protein At1g47765	6	94545774
TIOBL06G0199370	6:94545774:A:T	92997909	108929994	105776162	105787024	11230388	AT4G21240.1	30.7	38.9	8.71e-12	66.2	FALSE	F-box and associated interaction domains-containing protein	; SCF complex F-box component; F-box domain; Quinoprotein alcohol dehydrogenase-like superfamily; F-box_AtFBW1-like; F-box associated interaction domain; F-box associated domain, type 1; F-box-like domain superfamily	GO:0005515|protein binding (MF)	Q8GXC7	F-box/kelch-repeat protein At3g06240	Arabidopsis thaliana	2.78e-25	27.778	| F-box/kelch-repeat protein At3g06240 | F-box/kelch-repeat protein At3g23880 | Putative F-box protein At1g71320 | F-box protein CPR1 | F-box protein At3g07870 | Putative F-box protein At3g16210 | Putative F-box protein At3g10430 | F-box protein At5g18160 | F-box protein At4g22390 | Putative F-box protein At1g47790 | Putative F-box protein At1g50870 | Putative F-box protein At2g02030 | Putative F-box protein At1g33530 | Putative F-box protein At3g52320 | Putative F-box protein At1g19160 | F-box protein At1g11270 | Putative F-box protein At4g21240 | Putative F-box/LRR-repeat/kelch-repeat protein At1g11620 | Putative F-box protein At3g23260 | Putative F-box protein At3g17620 | Putative F-box only protein 15 | F-box protein At2g40925 | F-box protein At3g08750 | F-box protein At1g52495 | F-box/kelch-repeat protein At3g16740 | Putative F-box protein At5g15660 | Putative F-box protein At3g17480 | Putative F-box protein At3g10240 | Putative F-box protein At1g47730 | F-box/kelch-repeat protein At3g17530 | F-box protein At5g10340 | F-box protein At2g18780 | Putative F-box protein At3g17490 | F-box protein At1g47340 | F-box/LRR-repeat protein At2g43260 | Putative F-box protein At3g24700 | F-box protein At2g21930 | F-box protein At4g19940 | Putative F-box/kelch-repeat protein At3g17570 | Putative F-box protein At4g17780 | F-box protein At2g34280 | Putative F-box protein At5g52610 | Putative F-box protein At2g16220 | Putative F-box/kelch-repeat protein At3g17280 | F-box protein DOR | Putative F-box/kelch-repeat protein At1g62270 | Putative F-box/kelch-repeat protein At1g13200 | F-box protein At1g48060 | F-box/LRR-repeat/kelch-repeat protein At1g09650 | F-box protein At3g49450	6	94545774
TIOBL06G0199380	6:94545774:A:T	92997909	108929994	105935313	105938759	11389539	AT2G30900.1	41.8	78.7	8.86e-87	268	FALSE	TRICHOME BIREFRINGENCE-LIKE 43	; Trichome birefringence-like, N-terminal domain; Trichome birefringence-like family; Trichome birefringence-like, C-terminal domain	GO:0005794|Golgi apparatus (CC); GO:0016413|O-acetyltransferase activity (MF); GO:0016740|transferase activity (MF)	Q9LUZ6	Protein PMR5	Arabidopsis thaliana	9.97e-88	41.21	| Protein PMR5 | Protein trichome birefringence-like 1 | Protein trichome birefringence-like 42 | Protein trichome birefringence-like 28 | Probable xylan O-acetyltransferase 10 | Protein trichome birefringence-like 43 | Protein trichome birefringence-like 32 | Protein trichome birefringence-like 40 | Xylan O-acetyltransferase 1 | Xylan O-acetyltransferase 5 | Protein trichome birefringence-like 38 | Protein trichome birefringence-like 33 | Xylan O-acetyltransferase 7 | Protein trichome birefringence-like 36 | Xylan O-acetyltransferase 6 | Protein trichome birefringence-like 31 | Protein trichome birefringence-like 39 | Probable xylan O-acetyltransferase 8 | Protein trichome birefringence-like 37 | Protein trichome birefringence-like 6 | Xylan O-acetyltransferase 3 | Xylan O-acetyltransferase 4 | Probable xylan O-acetyltransferase 11 | Protein trichome birefringence-like 45 | Protein trichome birefringence-like 5 | Protein trichome birefringence-like 30 | Xylan O-acetyltransferase 2 | Xylan O-acetyltransferase 14 | Protein trichome birefringence-like 11 | Probable xylan O-acetyltransferase 9 | Protein trichome birefringence-like 35 | Protein trichome birefringence-like 34 | Protein trichome birefringence-like 10 | Protein trichome birefringence-like 41 | Protein trichome birefringence-like 9 | Xylan O-acetyltransferase 12 | Protein trichome birefringence-like 8 | Xylan O-acetyltransferase 13 | Protein trichome berefringence-like 7 | Xyloglucan O-acetyltransferase 1 | Protein trichome birefringence-like 25 | Protein trichome birefringence-like 18 | Xyloglucan O-acetyltransferase 2 | Protein YLS7	6	94545774
TIOBL06G0199390	6:94545774:A:T	92997909	108929994	106125727	106131003	11579953						FALSE										6	94545774
TIOBL06G0199400	6:94545774:A:T	92997909	108929994	106966357	106971159	12420583						FALSE		; consensus disorder prediction								6	94545774
TIOBL06G0199410	6:94545774:A:T	92997909	108929994	106967299	106971159	12421525						FALSE		; ASPARTYL PROTEASE DDI-RELATED; Coil; Aspartic peptidase domain superfamily; consensus disorder prediction; Retrotransposon gag domain; gag-polyprotein putative aspartyl protease; retropepsin_like								6	94545774
TIOBL06G0199420	6:94545774:A:T	92997909	108929994	107022535	107024194	12476761						FALSE		; Adenoviral Proteinase; Chain A; Papain-like cysteine peptidase superfamily								6	94545774
TIOBL06G0199430	6:94545774:A:T	92997909	108929994	107062621	107077670	12516847	AT3G12060.1	49.1	76.8	2.38e-08	48.1	FALSE	Plant protein of unknown function (DUF828)	; Trichome birefringence-like, C-terminal domain	GO:0016740|transferase activity (MF)	Q8LED3	Protein trichome birefringence-like 3	Arabidopsis thaliana	2.9e-10	43.939	| Protein trichome birefringence-like 3 | Xylan O-acetyltransferase 1 | Protein trichome birefringence-like 31 | Protein trichome birefringence-like 35 | Probable xylan O-acetyltransferase 10 | Protein trichome birefringence-like 28 | Probable xylan O-acetyltransferase 8 | Xylan O-acetyltransferase 13 | Xylan O-acetyltransferase 12 | Protein trichome birefringence-like 32 | Probable xylan O-acetyltransferase 11 | Protein PMR5 | Protein trichome birefringence-like 1 | Xylan O-acetyltransferase 6 | Xylan O-acetyltransferase 2 | Xylan O-acetyltransferase 4 | Xylan O-acetyltransferase 3 | Protein trichome birefringence-like 36 | Xylan O-acetyltransferase 5 | Protein trichome birefringence-like 34	6	94545774
TIOBL06G0199440	6:94545774:A:T	92997909	108929994	107771598	107793225	13225824	AT3G58600.1	63.7	94.7	7.84e-107	311	TRUE	Adaptin ear-binding coat-associated protein 1 NECAP-1	; consensus disorder prediction; PH-like domain superfamily; Adaptin ear-binding coat-associated protein; NECAP, PHear domain; PH domain-like; ATP-BINDING CASSETTE  ABC  TRANSPORTER-RELATED	GO:0006897|endocytosis (BP); GO:0016020|membrane (CC); GO:0016192|vesicle-mediated transport (BP); GO:0030125|clathrin vesicle coat (CC)	Q8NC96	Adaptin ear-binding coat-associated protein 1	Homo sapiens	2.1e-40	34.572	| Adaptin ear-binding coat-associated protein 1 | Uncharacterized protein At1g03900 | Adaptin ear-binding coat-associated protein 2 | NECAP-like protein CG9132	6	94545774
TIOBL06G0199450	6:94545774:A:T	92997909	108929994	108002448	108007543	13456674	AT3G18760.1	63.6	87.4	2.73e-58	177	TRUE	Translation elongation  factor EF1B/ribosomal protein S6 family protein	; Translation elongation factor EF1B/ribosomal protein S6 family protein; Small ribosomal subunit protein bS6 superfamily; consensus disorder prediction; bS6_mito; Translation elongation factor EF1B/small ribosomal subunit protein bS6	GO:0003735|structural constituent of ribosome (MF); GO:0005840|ribosome (CC); GO:0006412|translation (BP); GO:0019843|rRNA binding (MF); GO:0070181|small ribosomal subunit rRNA binding (MF)							6	94545774
TIOBL06G0199460	6:94545774:A:T	92997909	108929994	108021599	108022172	13475825						FALSE		; Zinc finger BED domain-containing								6	94545774
TIOBL06G0199470	6:94545774:A:T	92997909	108929994	108081497	108087505	13535723	AT5G14040.1	79.3	97	3.11e-207	572	TRUE	phosphate transporter 3;1	; Mitochondrial substrate/solute carrier; Mitochondrial phosphate carrier protein SLC25A3/Pic2/Mir1-like; Phosphate carrier protein, mitochondrial; Mitochondrial carrier domain superfamily	GO:0005315|phosphate transmembrane transporter activity (MF); GO:0005743|mitochondrial inner membrane (CC); GO:0035435|phosphate ion transmembrane transport (BP); GO:1990547|mitochondrial phosphate ion transmembrane transport (BP)	Q9FMU6	Mitochondrial phosphate carrier protein 3, mitochondrial	Arabidopsis thaliana	0	78.763	| Mitochondrial phosphate carrier protein 3, mitochondrial | Mitochondrial phosphate carrier protein 2, mitochondrial | Solute carrier family 25 member 3 | Mitochondrial phosphate carrier protein 1, mitochondrial | Phosphate carrier protein, mitochondrial | Probable mitochondrial phosphate carrier protein | Mitochondrial substrate carrier family protein N | Solute carrier family 25 member 32 | Mitochondrial 2-oxodicarboxylate carrier | Folate transporter 1, chloroplastic | Mitochondrial uncoupling protein 4 | Mitochondrial substrate carrier family protein ucpB | Nicotinamide adenine dinucleotide transporter 1, chloroplastic | Mitochondrial thiamine pyrophosphate carrier 1 | Mitochondrial thiamine diphosphate carrier 2 | Mitochondrial arginine transporter BAC2 | Probable mitochondrial 2-oxodicarboxylate carrier | Mitochondrial adenyl nucleotide antiporter SLC25A24 | Mitochondrial thiamine diphosphate carrier 1 | Mitochondrial adenine nucleotide transporter ADNT1 | Nicotinamide adenine dinucleotide transporter 2, mitochondrial | Mitochondrial substrate carrier family protein J | Mitoferrin-1 | Mitochondrial nicotinamide adenine dinucleotide transporter 2 | Electrogenic aspartate/glutamate antiporter Aralar, mitochondrial | Adenine nucleotide transporter BT1, chloroplastic/amyloplastic/mitochondrial | Uncharacterized mitochondrial carrier C27B12.09c | Calcium-binding mitochondrial carrier protein | Probable mitochondrial adenine nucleotide transporter BTL1 | Calcium-dependent mitochondrial ATP-magnesium/phosphate carrier protein 2 | Mitochondrial magnesium exporter 1 | Mitochondrial substrate carrier family protein W | Mitochondrial nicotinamide adenine dinucleotide transporter 1	6	94545774
TIOBL06G0199480	6:94545774:A:T	92997909	108929994	108245946	108258106	13700172	AT3G58610.1	85.2	94.4	0	937	TRUE	ketol-acid reductoisomerase	; Ketol-acid reductoisomerase, C-terminal; Ketol-acid reductoisomerase, plant; Ketol-acid reductoisomerase, N-terminal; 6-phosphogluconate dehydrogenase-like, C-terminal domain superfamily; 6-phosphogluconate dehydrogenase, domain 2; NAD(P)-binding domain superfamily	GO:0004455|ketol-acid reductoisomerase activity (MF); GO:0009082|branched-chain amino acid biosynthetic process (BP); GO:0005739|mitochondrion (CC); GO:0009097|isoleucine biosynthetic process (BP); GO:0009099|L-valine biosynthetic process (BP); GO:0009507|chloroplast (CC); GO:0016491|oxidoreductase activity (MF)	Q01292	Ketol-acid reductoisomerase, chloroplastic	Spinacia oleracea	0	92.483	| Ketol-acid reductoisomerase, chloroplastic | Ketol-acid reductoisomerase, mitochondrial | Ketol-acid reductoisomerase (NAD(+)) | Probable ketol-acid reductoisomerase, mitochondrial | Ketol-acid reductoisomerase (NADP(+))	6	94545774
TIOBL06G0199490	6:94545774:A:T	92997909	108929994	108288929	108290394	13743155	AT5G57560.1	64.9	75.9	9.37e-123	353	TRUE	Xyloglucan endotransglucosylase/hydrolase family protein	; Beta-glucanase/XTH; Glycoside hydrolase, family 16, active site; Concanavalin A-like lectin/glucanase domain superfamily; Xyloglucan endo-transglycosylase, C-terminal; Xyloglucan endotransglucosylase/hydrolase; Glycoside hydrolase family 16	GO:0004553|hydrolase activity, hydrolyzing O-glycosyl compounds (MF); GO:0005975|carbohydrate metabolic process (BP); GO:0005618|cell wall (CC); GO:0016762|xyloglucan:xyloglucosyl transferase activity (MF); GO:0044042|glucan metabolic process (BP); GO:0048046|apoplast (CC); GO:0010411|xyloglucan metabolic process (BP); GO:0042546|cell wall biogenesis (BP)	Q38857	Xyloglucan endotransglucosylase/hydrolase protein 22	Arabidopsis thaliana	1.42e-124	64.865	| Xyloglucan endotransglucosylase/hydrolase protein 22 | Xyloglucan endotransglucosylase protein 7 | Probable xyloglucan endotransglucosylase/hydrolase protein 23 | Probable xyloglucan endotransglucosylase/hydrolase protein 25 | Xyloglucan endotransglucosylase protein 1 | Xyloglucan endotransglucosylase/hydrolase protein 20 | Probable xyloglucan endotransglucosylase/hydrolase protein 16 | Xyloglucan endotransglucosylase/hydrolase protein 24 | Xyloglucan endotransglucosylase/hydrolase protein 15 | Probable xyloglucan endotransglucosylase/hydrolase protein 12 | Probable xyloglucan endotransglucosylase/hydrolase protein 21 | Xyloglucan endotransglucosylase protein 8 | Putative xyloglucan endotransglucosylase/hydrolase protein 13 | Probable xyloglucan endotransglucosylase/hydrolase protein 18 | Probable xyloglucan endotransglucosylase/hydrolase protein 17 | Xyloglucan endotransglucosylase/hydrolase 2 | Xyloglucan endotransglucosylase/hydrolase protein 19 | Xyloglucan endotransglucosylase/hydrolase protein 14 | Probable xyloglucan endotransglucosylase/hydrolase protein 26 | Xyloglucan endotransglucosylase protein 2 | Probable xyloglucan endotransglucosylase/hydrolase 1 | Xyloglucan endotransglucosylase protein 6 | Xyloglucan endotransglucosylase/hydrolase protein A | Xyloglucan endotransglucosylase protein 34 | Probable xyloglucan endotransglucosylase/hydrolase protein 5 | Probable xyloglucan endotransglucosylase/hydrolase protein B | Xyloglucan endotransglucosylase/hydrolase 1 | Probable xyloglucan endotransglucosylase/hydrolase protein 6 | Probable xyloglucan endotransglucosylase/hydrolase protein 7 | Xyloglucan endotransglucosylase/hydrolase protein 4 | Probable xyloglucan endotransglucosylase/hydrolase protein 10 | Xyloglucan endotransglucosylase/hydrolase protein 9 | Probable xyloglucan endotransglucosylase/hydrolase protein 8 | Xyloglucan endotransglycosylase/hydrolase protein 8 | Xyloglucan endotransglucosylase/hydrolase protein 3 | Probable xyloglucan endotransglucosylase/hydrolase protein 32 | Probable xyloglucan endotransglucosylase/hydrolase protein 28 | Xyloglucan endotransglucosylase/hydrolase protein 31 | Probable xyloglucan endotransglucosylase/hydrolase protein 27 | Probable xyloglucan endotransglucosylase/hydrolase protein 30 | Probable xyloglucan endotransglucosylase/hydrolase protein 33 | Probable xyloglucan endotransglucosylase/hydrolase protein 29 | Probable xyloglucan endotransglucosylase/hydrolase protein 11 | Crh-like protein CRH11 | Beta-glucanase	6	94545774
TIOBL06G0199500	6:94545774:A:T	92997909	108929994	108293053	108307138	13747279	AT1G78870.2	96.1	99.4	3.48e-106	299	TRUE	ubiquitin-conjugating enzyme 35	; Ubiquitin-conjugating enzyme E2 36; Ubiquitin-conjugating enzyme/RWD-like; Ubiquitin-conjugating enzyme, active site; UBIQUITIN-CONJUGATING ENZYME E2; ubc_7		Q9FZ48	Ubiquitin-conjugating enzyme E2 36	Arabidopsis thaliana	1.36e-108	97.386	| Ubiquitin-conjugating enzyme E2 36 | Ubiquitin-conjugating enzyme E2 35 | Ubiquitin-conjugating enzyme E2 N | Ubiquitin-conjugating enzyme E2 13 | Probable ubiquitin-conjugating enzyme E2 N | Putative ubiquitin-conjugating enzyme E2 N-like | Ubiquitin-conjugating enzyme E2 28 | Ubiquitin-conjugating enzyme E2-16 kDa | Ubiquitin-conjugating enzyme E2 8 | Ubiquitin-conjugating enzyme E2-17 kDa | Ubiquitin-conjugating enzyme E2 11 | Ubiquitin-conjugating enzyme E2 10 | SUMO-conjugating enzyme UBC9 | Ubiquitin-conjugating enzyme E2 5B | Ubiquitin-conjugating enzyme E2 29 | Ubiquitin-conjugating enzyme E2 T | Ubiquitin-conjugating enzyme E2 5A | Ubiquitin-conjugating enzyme E2 D2B | Ubiquitin-conjugating enzyme E2 4 | Ubiquitin-conjugating enzyme E2 30 | Ubiquitin-conjugating enzyme E2 D3 | Ubiquitin-conjugating enzyme E2 D4	6	94545774
TIOBL06G0199510	6:94545774:A:T	92997909	108929994	108348624	108349343	13802850						FALSE		; Viral nucleic acid binding		Q04580	14.7 kDa protein	Shallot virus X	4.84e-19	37.19	| 14.7 kDa protein	6	94545774
TIOBL06G0199520	6:94545774:A:T	92997909	108929994	108373210	108382366	13827436						FALSE		; Retrovirus-related Pol polyprotein from transposon TNT 1-94-like, beta-barrel domain; consensus disorder prediction		Q9ZT94	Retrovirus-related Pol polyprotein from transposon RE2	Arabidopsis thaliana	1.29e-17	31.696	| Retrovirus-related Pol polyprotein from transposon RE2 | Retrovirus-related Pol polyprotein from transposon RE1	6	94545774
TIOBL06G0199530	6:94545774:A:T	92997909	108929994	108504957	108515246	13959183						FALSE										6	94545774
TIOBL06G0199540	6:94545774:A:T	92997909	108929994	108567254	108567716	14021480	AT1G77940.1	78.6	99.1	3.97e-63	187	TRUE	Ribosomal protein L7Ae/L30e/S12e/Gadd45 family protein	; Large ribosomal subunit protein eL30-like; Large ribosomal subunit protein eL30, conserved site; Ribosomal protein eL30-like superfamily; Ribosomal protein eL8/eL30/eS12/Gadd45; 60S ribosomal protein L30	GO:0003723|RNA binding (MF)	O49884	Large ribosomal subunit protein eL30	Lupinus luteus	6.13e-69	84.821	| Large ribosomal subunit protein eL30 | Large ribosomal subunit protein eL30y | Large ribosomal subunit protein eL30z | Large ribosomal subunit protein eL30x | Large ribosomal subunit protein eL30B | Large ribosomal subunit protein eL30A	6	94545774
TIOBL06G0199550	6:94545774:A:T	92997909	108929994	108583108	108601809	14037334	AT1G06270.1	55	90.4	2.07e-92	279	TRUE	Pentatricopeptide repeat (PPR) superfamily protein	; Pentatricopeptide repeat; PPR_LONG DOMAIN-CONTAINING PROTEIN; Tetratricopeptide-like helical domain superfamily	GO:0009507|chloroplast (CC); GO:0010019|chloroplast-nucleus signaling pathway (BP); GO:0031930|mitochondria-nucleus signaling pathway (BP); GO:0005515|protein binding (MF)	Q9LNC0	Pentatricopeptide repeat-containing protein At1g06270	Arabidopsis thaliana	3.66e-116	49.518	| Pentatricopeptide repeat-containing protein At1g06270 | Putative pentatricopeptide repeat-containing protein At5g65820 | Pentatricopeptide repeat-containing protein At4g26800 | Pentatricopeptide repeat-containing protein At4g31850, chloroplastic | Pentatricopeptide repeat-containing protein At3g53700, chloroplastic | Pentatricopeptide repeat-containing protein At2g17140 | Pentatricopeptide repeat-containing protein At4g01400, mitochondrial | Pentatricopeptide repeat-containing protein At3g49730 | Pentatricopeptide repeat-containing protein At3g04760, chloroplastic | Pentatricopeptide repeat-containing protein At4g20090 | Pentatricopeptide repeat-containing protein At2g06000 | Pentatricopeptide repeat-containing protein At3g22470, mitochondrial | Pentatricopeptide repeat-containing protein At1g63070, mitochondrial | Pentatricopeptide repeat-containing protein At1g77360, mitochondrial | Pentatricopeptide repeat-containing protein At5g64320, mitochondrial | Pentatricopeptide repeat-containing protein At1g05670, mitochondrial | Pentatricopeptide repeat-containing protein At5g55840 | Pentatricopeptide repeat-containing protein At1g52640, mitochondrial | Pentatricopeptide repeat-containing protein At1g62910 | Pentatricopeptide repeat-containing protein At5g39710 | Pentatricopeptide repeat-containing protein At3g54980, mitochondrial | Pentatricopeptide repeat-containing protein At1g63130, mitochondrial | Pentatricopeptide repeat-containing protein 10, chloroplastic | Pentatricopeptide repeat-containing protein At1g05600 | Pentatricopeptide repeat-containing protein At3g14580, mitochondrial | Pentatricopeptide repeat-containing protein At1g12300, mitochondrial | Pentatricopeptide repeat-containing protein At5g46100 | Pentatricopeptide repeat-containing protein At1g09900 | Pentatricopeptide repeat-containing protein At1g63330 | Pentatricopeptide repeat-containing protein At1g63400 | Pentatricopeptide repeat-containing protein At2g18940, chloroplastic | Pentatricopeptide repeat-containing protein At1g12775, mitochondrial | Pentatricopeptide repeat-containing protein At2g17525, mitochondrial | Putative pentatricopeptide repeat-containing protein At1g74580 | Pentatricopeptide repeat-containing protein At1g80150, mitochondrial | Pentatricopeptide repeat-containing protein At1g62914, mitochondrial | Pentatricopeptide repeat-containing protein At3g48810 | Pentatricopeptide repeat-containing protein At4g19440, chloroplastic | Pentatricopeptide repeat-containing protein At5g65560 | Pentatricopeptide repeat-containing protein At1g62590 | Pentatricopeptide repeat-containing protein At1g63150 | Pentatricopeptide repeat-containing protein At1g63080, mitochondrial | Pentatricopeptide repeat-containing protein At4g28010 | Pentatricopeptide repeat-containing protein At1g02060, chloroplastic | Pentatricopeptide repeat-containing protein At5g16640, mitochondrial | Protein Rf1, mitochondrial | Pentatricopeptide repeat-containing protein At5g18475 | Pentatricopeptide repeat-containing protein At1g09820 | Pentatricopeptide repeat-containing protein At5g02860 | Pentatricopeptide repeat-containing protein At5g18390, mitochondrial	6	94545774
TIOBL06G0199560	6:94545774:A:T	92997909	108929994	108675193	108683161	14129419						FALSE										6	94545774
TIOBL06G0199570	6:94545774:A:T	92997909	108929994	108686770	108688973	14140996	AT1G67020.1	33.3	18.7	5.24e-09	57.8	TRUE		; Retrotransposon gag domain; consensus disorder prediction								6	94545774
