59.68,59.66,59.61,59.52,59.68,59.82,59.91,59.96,60.05,60.05,60.05,60.33,60.45,60.54,60.54,-327.68,-327.68,-327.68,-327.68,-327.68,-327.68,-327.68,-327.68,-327.68,-327.68,-327.68,-327.68,-327.68,-327.68,-327.68,-327.68,-327.68,-327.68,-327.68,-327.68,-327.68,-327.68,-327.68,-327.68,-327.68,-327.68,-327.68,-327.68,-327.68,-327.68,-327.68,-327.68,-327.68,-327.68,-327.68,-327.68,-327.68,-327.68,-327.68,-327.68,-327.68,-327.68,-327.68,-327.68,-327.68,-327.68,-327.68,-327.68,-327.68,-327.68,-327.68,-327.68,-327.68,-327.68,-327.68,-327.68,-327.68,-327.68,-327.68,-327.68,-327.68,-327.68,-327.68,-327.68,-327.68,-327.68,-327.68,-327.68,-327.68,-327.68,-327.68,-327.68,-327.68,-327.68,-327.68,-327.68,-327.68,-327.68,-327.68,-327.68,-327.68,-327.68,-327.68,-327.68,-327.68,-327.68,-327.68,-327.68,-327.68,-327.68,-327.68,-327.68,-327.68,-327.68,-327.68,-327.68,-327.68,-327.68,-327.68,-327.68,-327.68,-327.68,-327.68,-327.68,-327.68,-327.68,-327.68,-327.68,-327.68,-327.68,-327.68,-327.68,-327.68,-327.68,-327.68,-327.68,-327.68,-327.68,-327.68,-327.68,-327.68,-327.68,-327.68,-327.68,-327.68,-327.68,-327.68,-327.68,-327.68,-327.68,-327.68,-327.68,-327.68,-327.68,-327.68,-327.68,-327.68,-327.68,-327.68,-327.68,-327.68,-327.68,-327.68,-327.68,-327.68,-327.68,-327.68,-327.68,-327.68,-327.68,-327.68,-327.68,-327.68,-327.68,-327.68,-327.68,-327.68,-327.68,-327.68,-327.68,-327.68,-327.68,-327.68,-327.68,-327.68,-327.68,-327.68,-327.68,-327.68,-327.68,-327.68,-327.68,-327.68,-327.68,-327.68,-327.68,-327.68,-327.68,-327.68,-327.68,-327.68,-327.68,-327.68,-327.68,-327.68,-327.68,-327.68,-327.68,-327.68,-327.68,-327.68,-327.68,-327.68,-327.68,-327.68,-327.68,-327.68,-327.68,-327.68,-327.68,-327.68,-327.68,-327.68,-327.68,-327.68,-327.68,-327.68,-327.68,-327.68,-327.68,-327.68,-327.68,-327.68,-327.68,-327.68,-327.68,-327.68,-327.68,-327.68,-327.68,-327.68,-327.68,-327.68,-327.68,-327.68,-327.68,-327.68,-327.68,-327.68,-327.68,-327.68,-327.68,-327.68,-327.68,-327.68,-327.68,-327.68,-327.68,-327.68,-327.68,-327.68,-327.68,-327.68,-327.68,-327.68,-327.68,-327.68,-327.68,-327.68,-327.68,-327.68,-327.68,-327.68,-327.68,-327.68,-327.68,-327.68,-327.68,-327.68,-327.68,-327.68,-327.68,-327.68,-327.68,-327.68,-327.68,-327.68,-327.68,-327.68,-327.68,-327.68,-327.68,-327.68,-327.68,-327.68,-327.68,-327.68,-327.68,-327.68,-327.68,-327.68,-327.68,-327.68,-327.68,-327.68,-327.68,-327.68,-327.68,-327.68,-327.68,-327.68,-327.68,-327.68,-327.68,-327.68,-327.68,-327.68,-327.68,-327.68,-327.68,-327.68,-327.68,-327.68,-327.68,-327.68,-327.68,-327.68,-327.68,-327.68,-327.68,-327.68,-327.68,-327.68,-327.68,-327.68,-327.68,-327.68,-327.68,-327.68,-327.68,-327.68,-327.68,-327.68,-327.68,-327.68,-327.68,-327.68,-327.68,-327.68,-327.68,-327.68,-327.68,-327.68,-327.68,-327.68,-327.68,-327.68,-327.68,-327.68,-327.68,-327.68,-327.68,-327.68,-327.68,-327.68,-327.68,-327.68,-327.68,-327.68,-327.68,-327.68,-327.68,-327.68,62.15,62.58,62.65,62.70,62.77,62.79,62.88,62.81,62.88,62.88,62.77,62.88,62.79,62.84,
59.70,59.73,59.82,59.82,59.91,59.91,59.94,59.89,59.91,59.91,59.94,60.05,60.08,60.19,60.12,60.24,60.38,60.47,60.52,60.58,60.58,60.70,60.79,60.72,60.93,61.07,61.14,61.23,61.20,61.30,61.18,-327.68,-327.68,-327.68,-327.68,-327.68,-327.68,-327.68,-327.68,-327.68,-327.68,-327.68,-327.68,-327.68,-327.68,-327.68,-327.68,-327.68,-327.68,-327.68,-327.68,-327.68,-327.68,-327.68,-327.68,-327.68,-327.68,-327.68,-327.68,-327.68,-327.68,-327.68,-327.68,-327.68,-327.68,-327.68,-327.68,-327.68,-327.68,-327.68,-327.68,-327.68,-327.68,-327.68,-327.68,-327.68,-327.68,-327.68,-327.68,-327.68,-327.68,-327.68,-327.68,-327.68,-327.68,-327.68,-327.68,-327.68,-327.68,-327.68,-327.68,-327.68,-327.68,-327.68,-327.68,-327.68,-327.68,-327.68,-327.68,-327.68,-327.68,-327.68,-327.68,-327.68,-327.68,-327.68,-327.68,-327.68,-327.68,-327.68,-327.68,-327.68,-327.68,-327.68,-327.68,-327.68,-327.68,-327.68,-327.68,-327.68,-327.68,-327.68,-327.68,-327.68,-327.68,-327.68,-327.68,-327.68,-327.68,-327.68,-327.68,-327.68,-327.68,-327.68,-327.68,-327.68,-327.68,-327.68,-327.68,-327.68,-327.68,-327.68,-327.68,-327.68,-327.68,-327.68,-327.68,-327.68,-327.68,-327.68,-327.68,-327.68,-327.68,-327.68,-327.68,-327.68,-327.68,-327.68,-327.68,-327.68,-327.68,-327.68,-327.68,-327.68,-327.68,-327.68,-327.68,-327.68,-327.68,-327.68,-327.68,-327.68,-327.68,-327.68,-327.68,-327.68,-327.68,-327.68,-327.68,-327.68,-327.68,-327.68,-327.68,-327.68,-327.68,-327.68,-327.68,-327.68,-327.68,-327.68,-327.68,-327.68,-327.68,-327.68,-327.68,-327.68,-327.68,-327.68,-327.68,-327.68,-327.68,-327.68,-327.68,-327.68,-327.68,-327.68,-327.68,-327.68,-327.68,-327.68,-327.68,-327.68,-327.68,-327.68,-327.68,-327.68,-327.68,-327.68,-327.68,-327.68,-327.68,-327.68,-327.68,-327.68,-327.68,-327.68,-327.68,-327.68,-327.68,-327.68,-327.68,-327.68,-327.68,-327.68,-327.68,-327.68,-327.68,-327.68,-327.68,-327.68,-327.68,-327.68,-327.68,-327.68,-327.68,-327.68,-327.68,-327.68,-327.68,-327.68,-327.68,-327.68,-327.68,-327.68,-327.68,-327.68,-327.68,-327.68,-327.68,-327.68,-327.68,-327.68,-327.68,-327.68,-327.68,-327.68,-327.68,-327.68,-327.68,-327.68,-327.68,-327.68,-327.68,-327.68,-327.68,-327.68,-327.68,-327.68,-327.68,-327.68,-327.68,-327.68,-327.68,-327.68,-327.68,-327.68,-327.68,-327.68,-327.68,-327.68,-327.68,-327.68,-327.68,-327.68,-327.68,-327.68,-327.68,-327.68,-327.68,-327.68,-327.68,-327.68,-327.68,-327.68,-327.68,-327.68,-327.68,-327.68,-327.68,-327.68,-327.68,-327.68,-327.68,-327.68,-327.68,-327.68,-327.68,-327.68,-327.68,-327.68,-327.68,-327.68,-327.68,-327.68,-327.68,-327.68,-327.68,-327.68,-327.68,-327.68,-327.68,-327.68,-327.68,-327.68,-327.68,-327.68,-327.68,-327.68,-327.68,-327.68,-327.68,-327.68,-327.68,-327.68,-327.68,-327.68,-327.68,-327.68,-327.68,-327.68,-327.68,-327.68,61.73,61.87,61.85,61.99,61.92,61.80,61.73,61.73,61.85,61.73,61.73,61.73,61.85,62.01,61.99,61.87,62.03,62.28,62.51,62.70,62.72,62.79,62.93,62.79,62.88,62.81,62.70,62.72,62.77,62.84,
60.22,60.10,60.08,60.10,60.19,60.26,60.22,60.31,60.42,60.31,60.24,60.47,60.54,60.54,60.54,60.54,60.52,60.58,60.61,60.52,60.58,60.65,60.79,60.77,61.04,61.14,61.18,61.32,61.25,61.20,61.09,61.18,61.23,61.25,61.25,61.20,61.18,61.23,61.32,61.32,61.30,61.18,61.02,61.04,61.16,61.09,61.27,61.20,61.20,-327.68,-327.68,-327.68,-327.68,-327.68,-327.68,-327.68,-327.68,-327.68,-327.68,-327.68,-327.68,-327.68,-327.68,-327.68,-327.68,-327.68,-327.68,-327.68,-327.68,-327.68,-327.68,-327.68,-327.68,-327.68,-327.68,-327.68,-327.68,-327.68,-327.68,-327.68,-327.68,-327.68,-327.68,-327.68,-327.68,-327.68,-327.68,-327.68,-327.68,-327.68,-327.68,-327.68,-327.68,-327.68,-327.68,-327.68,-327.68,-327.68,-327.68,-327.68,-327.68,-327.68,-327.68,-327.68,-327.68,-327.68,-327.68,-327.68,-327.68,-327.68,-327.68,-327.68,-327.68,-327.68,-327.68,-327.68,-327.68,-327.68,-327.68,-327.68,-327.68,-327.68,-327.68,-327.68,-327.68,-327.68,-327.68,-327.68,-327.68,-327.68,-327.68,-327.68,-327.68,-327.68,-327.68,-327.68,-327.68,-327.68,-327.68,-327.68,-327.68,-327.68,-327.68,-327.68,-327.68,-327.68,-327.68,-327.68,-327.68,-327.68,-327.68,-327.68,-327.68,-327.68,-327.68,-327.68,-327.68,-327.68,-327.68,-327.68,-327.68,-327.68,-327.68,-327.68,-327.68,-327.68,-327.68,-327.68,-327.68,-327.68,-327.68,-327.68,-327.68,-327.68,-327.68,-327.68,-327.68,-327.68,-327.68,-327.68,-327.68,-327.68,-327.68,-327.68,-327.68,-327.68,-327.68,-327.68,-327.68,-327.68,-327.68,-327.68,-327.68,-327.68,-327.68,-327.68,-327.68,-327.68,-327.68,-327.68,-327.68,-327.68,-327.68,-327.68,-327.68,-327.68,-327.68,-327.68,-327.68,-327.68,-327.68,-327.68,-327.68,-327.68,-327.68,-327.68,-327.68,-327.68,-327.68,-327.68,-327.68,-327.68,-327.68,-327.68,-327.68,-327.68,-327.68,-327.68,-327.68,-327.68,-327.68,-327.68,-327.68,-327.68,-327.68,-327.68,-327.68,-327.68,-327.68,-327.68,-327.68,-327.68,-327.68,-327.68,-327.68,-327.68,-327.68,-327.68,-327.68,-327.68,-327.68,-327.68,-327.68,-327.68,-327.68,-327.68,-327.68,-327.68,-327.68,-327.68,-327.68,-327.68,-327.68,-327.68,-327.68,-327.68,-327.68,-327.68,-327.68,-327.68,-327.68,-327.68,-327.68,-327.68,-327.68,-327.68,-327.68,-327.68,-327.68,-327.68,-327.68,-327.68,-327.68,-327.68,-327.68,-327.68,-327.68,-327.68,-327.68,-327.68,-327.68,-327.68,-327.68,-327.68,-327.68,-327.68,-327.68,-327.68,-327.68,-327.68,-327.68,-327.68,-327.68,-327.68,-327.68,-327.68,-327.68,-327.68,-327.68,-327.68,-327.68,-327.68,-327.68,-327.68,-327.68,-327.68,-327.68,-327.68,-327.68,-327.68,-327.68,-327.68,-327.68,-327.68,-327.68,-327.68,-327.68,-327.68,-327.68,-327.68,-327.68,-327.68,-327.68,-327.68,61.76,61.82,61.87,61.89,61.94,61.64,61.66,61.99,62.22,62.28,62.15,61.99,61.87,61.73,61.60,61.60,61.64,61.60,61.60,61.82,61.87,61.96,61.87,61.85,61.76,61.73,61.85,61.66,61.69,61.82,61.89,61.87,61.99,62.17,62.28,62.61,62.72,62.72,62.79,62.79,62.81,62.81,62.84,62.74,62.70,62.72,62.74,62.84,
60.31,60.31,60.26,60.26,60.31,60.38,60.40,60.45,60.47,60.42,60.49,60.63,60.49,60.47,60.45,60.38,60.31,60.35,60.54,60.54,60.52,60.61,60.65,60.58,60.70,60.93,61.07,61.23,61.20,61.25,61.18,61.07,61.04,61.14,61.18,61.18,61.11,61.18,61.32,61.32,61.32,61.14,61.09,61.04,61.18,61.20,61.25,61.37,61.23,61.07,61.09,61.04,61.14,61.00,61.00,61.00,60.97,60.93,60.95,60.79,60.63,60.49,60.47,60.38,60.42,60.33,60.26,60.31,60.29,-327.68,-327.68,-327.68,-327.68,-327.68,-327.68,-327.68,-327.68,-327.68,-327.68,-327.68,-327.68,-327.68,-327.68,-327.68,-327.68,-327.68,-327.68,-327.68,-327.68,-327.68,-327.68,-327.68,-327.68,-327.68,-327.68,-327.68,-327.68,-327.68,-327.68,-327.68,-327.68,-327.68,-327.68,-327.68,-327.68,-327.68,-327.68,-327.68,-327.68,-327.68,-327.68,-327.68,-327.68,-327.68,-327.68,-327.68,-327.68,-327.68,-327.68,-327.68,-327.68,-327.68,-327.68,-327.68,-327.68,-327.68,-327.68,-327.68,-327.68,-327.68,-327.68,-327.68,-327.68,-327.68,-327.68,-327.68,-327.68,-327.68,-327.68,-327.68,-327.68,-327.68,-327.68,-327.68,-327.68,-327.68,-327.68,-327.68,-327.68,-327.68,-327.68,-327.68,-327.68,-327.68,-327.68,-327.68,-327.68,-327.68,-327.68,-327.68,-327.68,-327.68,-327.68,-327.68,-327.68,-327.68,-327.68,-327.68,-327.68,-327.68,-327.68,-327.68,-327.68,-327.68,-327.68,-327.68,-327.68,-327.68,-327.68,-327.68,-327.68,-327.68,-327.68,-327.68,-327.68,-327.68,-327.68,-327.68,-327.68,-327.68,-327.68,-327.68,-327.68,-327.68,-327.68,-327.68,-327.68,-327.68,-327.68,-327.68,-327.68,-327.68,-327.68,-327.68,-327.68,-327.68,-327.68,-327.68,-327.68,-327.68,-327.68,-327.68,-327.68,-327.68,-327.68,-327.68,-327.68,-327.68,-327.68,-327.68,-327.68,-327.68,-327.68,-327.68,-327.68,-327.68,-327.68,-327.68,-327.68,-327.68,-327.68,-327.68,-327.68,-327.68,-327.68,-327.68,-327.68,-327.68,-327.68,-327.68,-327.68,-327.68,-327.68,-327.68,-327.68,-327.68,-327.68,-327.68,-327.68,-327.68,-327.68,-327.68,-327.68,-327.68,-327.68,-327.68,-327.68,-327.68,-327.68,-327.68,-327.68,-327.68,-327.68,-327.68,-327.68,-327.68,-327.68,-327.68,-327.68,-327.68,-327.68,-327.68,-327.68,-327.68,-327.68,-327.68,-327.68,-327.68,-327.68,-327.68,-327.68,-327.68,-327.68,-327.68,-327.68,-327.68,-327.68,-327.68,-327.68,-327.68,-327.68,-327.68,-327.68,-327.68,-327.68,-327.68,-327.68,-327.68,-327.68,-327.68,-327.68,-327.68,-327.68,-327.68,-327.68,-327.68,-327.68,-327.68,-327.68,-327.68,-327.68,-327.68,-327.68,-327.68,60.47,60.63,60.70,60.58,60.47,60.61,60.79,60.88,60.86,60.95,60.95,61.04,61.16,61.41,61.60,61.64,61.62,61.60,61.64,61.73,61.76,61.82,61.92,61.96,61.99,61.87,61.94,62.15,62.26,62.31,62.05,61.89,61.64,61.64,61.71,61.60,61.57,61.64,61.76,61.85,61.87,61.99,61.92,61.80,61.76,61.73,61.69,61.60,61.85,61.92,61.99,62.03,62.17,62.42,62.65,62.79,62.77,62.79,62.93,62.84,62.74,62.74,62.74,62.70,62.77,62.77,62.74,62.72,
60.24,60.24,60.29,60.33,60.33,60.33,60.31,60.33,60.31,60.29,60.33,60.49,60.52,60.49,60.40,60.33,60.31,60.33,60.45,60.45,60.58,60.45,60.52,60.49,60.49,60.63,60.91,61.11,61.18,61.18,61.25,61.23,61.11,61.04,61.14,61.23,61.18,61.16,61.23,61.32,61.25,61.25,61.02,61.07,61.16,61.09,61.27,61.20,61.20,61.14,61.04,61.18,61.09,61.00,60.97,60.97,60.97,60.95,60.93,60.77,60.65,60.63,60.65,60.58,60.40,60.31,60.33,60.38,60.38,60.33,60.24,60.22,60.17,60.05,59.96,60.03,60.03,59.96,59.82,59.89,59.91,59.87,59.89,59.87,59.68,59.61,59.52,59.63,59.75,59.68,59.47,59.37,59.44,59.52,59.63,-327.68,-327.68,-327.68,-327.68,-327.68,-327.68,-327.68,-327.68,-327.68,-327.68,-327.68,-327.68,-327.68,-327.68,-327.68,-327.68,-327.68,-327.68,-327.68,-327.68,-327.68,-327.68,-327.68,-327.68,-327.68,-327.68,-327.68,-327.68,-327.68,-327.68,-327.68,-327.68,-327.68,-327.68,-327.68,-327.68,-327.68,-327.68,-327.68,-327.68,-327.68,-327.68,-327.68,-327.68,-327.68,-327.68,-327.68,-327.68,-327.68,-327.68,-327.68,-327.68,-327.68,-327.68,-327.68,-327.68,-327.68,-327.68,-327.68,-327.68,-327.68,-327.68,-327.68,-327.68,-327.68,-327.68,-327.68,-327.68,-327.68,-327.68,-327.68,-327.68,-327.68,-327.68,-327.68,-327.68,-327.68,-327.68,-327.68,-327.68,-327.68,-327.68,-327.68,-327.68,-327.68,-327.68,-327.68,-327.68,-327.68,-327.68,-327.68,-327.68,-327.68,-327.68,-327.68,-327.68,-327.68,-327.68,-327.68,-327.68,-327.68,-327.68,-327.68,-327.68,-327.68,-327.68,-327.68,-327.68,-327.68,-327.68,-327.68,-327.68,-327.68,-327.68,-327.68,-327.68,-327.68,-327.68,-327.68,-327.68,-327.68,-327.68,-327.68,-327.68,-327.68,-327.68,-327.68,-327.68,-327.68,-327.68,-327.68,-327.68,-327.68,-327.68,-327.68,-327.68,-327.68,-327.68,-327.68,-327.68,-327.68,-327.68,-327.68,-327.68,-327.68,-327.68,-327.68,-327.68,-327.68,-327.68,-327.68,-327.68,-327.68,-327.68,-327.68,-327.68,-327.68,-327.68,-327.68,-327.68,-327.68,-327.68,-327.68,-327.68,-327.68,-327.68,-327.68,-327.68,-327.68,-327.68,-327.68,-327.68,-327.68,-327.68,-327.68,-327.68,-327.68,-327.68,-327.68,-327.68,-327.68,-327.68,-327.68,-327.68,-327.68,-327.68,-327.68,-327.68,-327.68,-327.68,-327.68,-327.68,-327.68,56.52,56.66,56.91,57.24,57.52,57.71,57.95,58.11,58.37,58.91,59.16,59.49,59.56,59.63,59.77,60.01,60.12,60.24,60.19,60.26,60.31,60.42,60.58,60.63,60.61,60.58,60.61,60.61,60.68,60.77,60.79,60.72,60.72,60.84,60.97,61.02,60.97,61.04,61.18,61.41,61.48,61.48,61.57,61.48,61.64,61.62,61.76,61.82,61.87,61.89,61.92,61.43,61.18,61.50,61.99,62.08,61.73,61.62,61.50,61.60,61.62,61.60,61.62,61.71,61.71,61.78,61.89,61.85,61.78,61.85,61.82,61.69,61.60,61.73,61.99,61.89,61.99,62.19,62.54,62.74,62.90,62.90,62.79,62.77,62.77,62.77,62.67,62.61,62.67,62.72,62.79,62.72,62.61,62.65,
60.19,60.19,60.26,60.31,60.31,60.33,60.22,60.33,60.31,60.45,60.47,60.52,60.63,60.54,60.40,60.33,60.31,60.29,60.33,60.38,60.58,60.35,60.47,60.47,60.45,60.63,60.65,60.77,60.91,61.07,61.11,61.16,61.11,61.00,61.00,61.14,61.18,61.18,61.16,61.18,61.20,61.32,61.23,61.16,60.97,61.04,61.00,61.18,61.23,61.25,61.14,61.00,61.00,61.00,61.00,60.97,60.91,60.91,60.97,60.84,60.63,60.47,60.40,60.38,60.42,60.35,60.26,60.29,60.31,60.19,60.19,60.15,60.01,59.98,59.91,59.91,59.94,59.91,59.82,59.87,59.91,59.89,59.91,59.84,59.77,59.77,59.96,60.03,59.89,59.70,59.68,59.77,59.87,59.75,59.73,59.77,59.77,59.89,59.91,59.91,59.91,59.91,59.87,59.87,59.98,60.08,60.05,60.10,60.08,59.96,59.82,59.56,59.33,59.23,58.91,58.55,58.27,57.95,57.48,57.34,56.87,56.52,55.86,55.79,55.84,55.76,55.69,55.67,55.57,55.48,-327.68,-327.68,-327.68,-327.68,-327.68,-327.68,-327.68,-327.68,-327.68,-327.68,-327.68,-327.68,-327.68,-327.68,-327.68,-327.68,-327.68,-327.68,-327.68,-327.68,-327.68,-327.68,-327.68,-327.68,-327.68,-327.68,-327.68,-327.68,-327.68,-327.68,-327.68,-327.68,-327.68,-327.68,-327.68,-327.68,-327.68,-327.68,-327.68,-327.68,-327.68,-327.68,-327.68,-327.68,-327.68,-327.68,-327.68,-327.68,-327.68,-327.68,-327.68,-327.68,-327.68,-327.68,-327.68,-327.68,-327.68,-327.68,-327.68,-327.68,-327.68,-327.68,-327.68,-327.68,-327.68,-327.68,-327.68,-327.68,-327.68,-327.68,-327.68,-327.68,-327.68,-327.68,-327.68,-327.68,-327.68,-327.68,-327.68,-327.68,-327.68,-327.68,-327.68,-327.68,-327.68,-327.68,-327.68,-327.68,-327.68,-327.68,-327.68,-327.68,-327.68,-327.68,-327.68,-327.68,-327.68,-327.68,-327.68,-327.68,-327.68,-327.68,-327.68,-327.68,-327.68,-327.68,-327.68,-327.68,-327.68,-327.68,-327.68,-327.68,-327.68,-327.68,-327.68,-327.68,-327.68,-327.68,-327.68,-327.68,-327.68,-327.68,-327.68,53.64,53.76,53.78,53.81,53.90,53.90,53.78,53.81,53.95,53.92,54.12,54.38,54.33,54.45,54.45,54.59,54.76,55.14,55.22,55.22,55.41,55.72,55.98,56.52,56.80,57.10,57.52,58.02,58.93,59.16,59.23,59.49,59.66,59.89,60.01,60.03,59.84,59.63,59.73,59.91,60.05,60.05,59.87,59.75,59.63,59.77,59.82,59.66,59.66,59.77,59.96,60.05,60.03,59.98,60.03,60.05,60.22,60.35,60.31,60.29,60.38,60.49,60.63,60.68,60.54,60.47,60.63,60.84,60.81,60.77,60.72,60.86,61.02,61.11,61.27,61.37,61.39,61.50,61.64,61.57,61.48,61.60,61.73,61.87,62.01,61.94,61.04,60.63,60.88,61.43,61.57,61.46,61.48,61.46,61.55,61.57,61.60,61.80,61.85,61.82,61.87,61.80,61.80,61.85,61.85,61.69,61.64,61.64,61.78,62.01,61.89,62.26,62.61,62.77,62.77,62.81,62.88,62.79,62.74,62.81,62.74,62.63,62.65,62.65,62.74,62.84,62.70,62.67,62.77,
60.19,60.19,60.19,60.26,60.19,60.35,60.29,60.26,60.26,60.45,60.49,60.63,60.63,60.58,60.47,60.42,60.40,60.33,60.33,60.33,60.42,60.29,60.45,60.47,60.45,60.47,60.58,60.58,60.72,61.00,61.11,61.09,61.11,61.14,61.07,61.07,61.07,61.18,61.14,61.04,61.16,61.25,61.32,61.23,61.14,61.04,60.95,61.02,61.14,61.14,61.07,61.02,60.95,60.93,60.88,60.91,60.86,60.84,60.88,60.77,60.65,60.49,60.40,60.42,60.33,60.19,60.24,60.35,60.31,60.17,60.05,59.96,59.96,59.94,59.84,59.77,59.77,59.87,59.73,59.70,59.70,59.63,59.73,59.82,59.66,59.49,59.52,59.61,59.75,59.68,59.49,59.35,59.42,59.49,59.63,59.63,59.44,59.33,59.42,59.59,59.52,59.35,59.47,59.44,59.54,59.68,59.63,59.77,59.96,59.91,59.87,59.70,59.63,59.66,59.52,59.35,59.23,59.07,58.72,58.62,58.46,58.37,58.67,58.53,58.30,58.20,58.18,58.09,57.83,57.66,57.59,57.48,57.48,57.29,57.01,56.82,56.63,56.47,56.26,56.21,56.05,55.72,55.55,55.45,55.43,55.36,55.31,55.07,54.90,54.79,54.74,54.71,54.69,54.74,54.67,54.71,54.81,54.64,54.76,54.81,54.76,54.62,54.67,54.71,54.76,54.74,54.86,54.86,54.81,54.79,54.81,54.98,54.81,54.79,54.79,54.74,54.88,54.95,55.02,55.05,55.14,55.19,55.22,55.41,55.55,55.72,55.81,56.02,56.09,56.19,56.38,56.47,56.84,57.03,57.10,57.64,58.67,59.89,60.15,60.01,59.33,58.27,57.95,57.83,57.73,57.57,57.41,57.29,57.13,56.98,56.96,56.89,56.70,56.52,56.38,56.21,56.21,56.00,55.98,55.67,55.57,55.43,55.33,55.33,55.26,55.14,55.12,55.00,54.86,54.93,54.90,54.88,54.88,54.81,54.95,55.00,54.93,54.88,54.83,54.79,54.71,54.57,54.74,54.76,54.69,54.62,54.64,54.67,54.62,54.57,54.52,54.64,54.67,54.67,54.62,54.64,54.81,54.90,54.93,55.07,55.24,54.90,54.81,54.93,54.98,54.90,54.98,54.90,55.00,55.07,55.38,55.36,55.26,55.38,55.55,55.43,55.55,55.69,55.76,55.86,55.98,55.48,55.69,55.79,55.93,56.09,56.21,56.38,56.54,56.66,56.94,57.27,57.52,57.73,57.95,58.13,58.39,58.09,58.18,58.34,58.34,58.41,58.25,58.44,58.18,58.18,58.32,58.51,58.81,58.86,59.09,59.35,59.63,59.94,60.17,60.17,60.19,60.29,60.38,60.52,60.47,60.47,60.33,60.40,60.65,60.86,60.93,61.07,61.16,61.30,61.39,61.41,61.32,61.32,61.50,61.55,61.69,61.78,61.73,60.88,60.49,60.47,60.65,60.93,61.20,61.39,61.48,61.57,61.53,61.64,61.73,61.76,61.76,61.66,61.62,61.71,61.69,61.64,61.71,61.76,61.76,61.76,62.01,62.24,62.65,62.84,62.79,62.74,62.81,62.93,62.88,62.77,62.77,62.70,62.81,62.79,62.67,62.74,62.72,62.77,62.84,62.93,
60.22,60.19,60.17,60.19,60.19,60.31,60.33,60.29,60.33,60.38,60.42,60.63,60.63,60.54,60.58,60.49,60.47,60.42,60.42,60.33,60.31,60.26,60.42,60.45,60.40,60.49,60.47,60.47,60.58,60.63,60.72,60.91,61.09,61.16,61.11,61.14,61.04,61.14,61.11,61.09,61.07,61.18,61.23,61.27,61.23,61.11,61.16,61.16,61.04,61.07,61.16,61.07,60.95,60.84,60.81,60.81,60.84,60.77,60.75,60.63,60.63,60.63,60.38,60.22,60.17,60.19,60.26,60.17,60.05,59.98,59.82,59.75,59.68,59.56,59.63,59.63,59.52,59.52,59.49,59.42,59.47,59.30,59.40,59.33,59.21,58.95,59.21,59.19,59.23,58.95,58.79,58.53,58.20,57.88,57.71,57.59,57.34,57.27,57.15,57.08,57.03,57.01,56.84,57.27,57.31,57.34,57.29,57.34,57.69,57.78,57.69,57.59,57.36,57.43,57.20,56.96,56.84,56.66,56.35,56.38,56.02,55.74,55.86,55.79,55.84,55.79,55.69,55.67,55.57,55.48,55.48,55.50,55.45,55.38,55.29,55.33,55.24,55.14,54.98,54.93,54.86,54.90,54.95,55.00,55.02,55.02,54.95,54.69,54.62,54.57,54.50,54.52,54.55,54.59,54.55,54.47,54.57,54.59,54.71,54.79,54.76,54.64,54.69,54.88,54.79,54.76,54.90,54.90,54.90,54.83,54.90,55.07,54.90,54.90,54.90,54.79,55.14,55.24,55.31,55.29,55.36,55.36,55.50,55.67,55.79,55.98,56.05,56.14,56.26,56.28,56.49,56.63,56.96,57.06,57.13,57.76,58.86,59.94,60.19,60.08,59.54,58.39,57.95,57.80,57.69,57.52,57.41,57.29,57.20,57.03,57.01,56.94,56.73,56.59,56.45,56.28,56.31,56.05,56.00,55.86,55.60,55.43,55.33,55.31,55.24,55.07,54.90,54.81,54.76,54.79,54.76,54.76,54.67,54.67,54.67,54.71,54.74,54.67,54.62,54.55,54.35,54.21,54.00,53.97,54.02,53.95,53.88,53.78,53.71,53.66,53.76,53.81,53.73,53.64,53.76,53.78,53.81,53.92,53.90,53.78,53.81,53.57,53.47,53.64,53.88,53.76,53.88,53.85,53.85,53.95,54.09,54.21,54.12,54.04,54.26,54.21,54.33,54.50,54.67,54.67,54.43,54.47,54.55,54.59,54.64,54.64,54.59,54.57,54.52,54.59,54.69,54.83,54.95,55.07,55.14,55.38,55.62,55.69,55.69,55.76,55.93,56.07,56.21,56.05,55.98,55.95,56.12,56.16,56.28,55.81,56.05,56.21,56.45,56.80,57.15,57.48,57.76,58.04,58.44,58.84,59.16,59.47,59.77,59.12,59.40,59.54,59.66,59.91,60.12,60.15,60.47,60.72,60.84,61.02,61.23,61.48,61.48,61.57,60.75,60.19,60.22,60.12,60.26,60.63,60.91,61.25,61.43,61.53,61.60,61.71,61.73,61.64,61.62,61.69,61.73,61.66,61.60,61.71,61.80,61.64,61.73,61.99,62.38,62.65,62.79,62.81,62.77,62.84,62.84,62.74,62.72,62.77,62.88,62.84,62.65,62.72,62.74,62.77,62.65,62.70,62.70,62.70,
60.19,60.22,60.19,60.19,60.29,60.24,60.29,60.31,60.15,60.29,60.38,60.47,60.52,60.49,60.54,60.52,60.42,60.40,60.42,60.38,60.33,60.38,60.33,60.47,60.47,60.52,60.52,60.52,60.49,60.49,60.61,60.72,60.91,61.07,61.07,61.16,61.14,61.04,61.04,61.16,61.04,61.07,61.23,61.30,61.14,61.11,61.07,61.04,61.09,61.00,60.97,61.02,60.81,60.77,60.70,60.70,60.70,60.65,60.65,60.63,60.45,60.42,60.35,60.19,60.17,60.26,60.15,59.91,59.84,59.61,59.37,59.21,59.00,59.09,58.81,58.67,58.60,58.58,58.37,58.30,58.25,58.18,58.06,57.92,57.78,57.36,57.50,57.13,56.75,56.28,55.98,55.74,55.41,55.19,55.29,55.29,55.24,55.29,55.41,55.38,55.36,55.43,55.38,55.62,55.55,55.57,55.65,55.62,55.62,55.76,55.74,55.76,55.67,55.76,55.57,55.38,55.36,55.31,55.24,55.17,54.90,54.86,54.95,54.90,55.05,54.98,55.19,55.05,54.86,54.79,54.88,54.93,54.90,54.90,54.76,54.59,54.59,54.67,54.69,54.59,54.52,54.43,54.47,54.52,54.52,54.43,54.33,54.09,53.88,53.83,53.78,53.85,53.92,53.92,53.97,54.00,54.09,54.16,54.26,54.26,54.19,54.09,54.14,54.35,54.35,54.38,54.50,54.55,54.38,54.43,54.52,54.59,54.40,54.33,54.38,54.38,54.50,54.67,54.76,54.79,54.90,54.86,55.00,55.22,55.33,55.53,55.50,55.72,55.74,55.98,56.16,56.28,56.61,56.87,56.96,57.43,58.18,59.77,60.05,59.94,59.26,58.11,57.85,57.80,57.69,57.43,57.29,57.13,56.89,56.80,56.75,56.70,56.47,56.31,56.12,55.93,55.81,55.67,55.60,55.41,55.07,54.90,54.81,54.76,54.76,54.69,54.59,54.26,54.21,54.21,54.26,54.14,54.14,54.09,54.07,53.97,54.12,54.09,54.12,54.04,53.90,53.66,53.54,53.45,53.42,53.40,53.28,53.14,53.06,53.09,53.23,53.33,53.38,53.38,53.38,53.26,53.42,53.47,53.52,53.28,53.38,53.06,53.09,53.14,53.30,53.33,53.52,53.54,53.61,53.59,53.66,53.81,53.73,53.64,53.76,53.71,53.78,53.97,54.14,54.26,54.16,54.12,54.21,54.26,54.21,54.07,54.00,54.04,54.04,54.04,54.19,54.43,54.62,54.55,54.57,54.71,54.76,54.83,54.88,54.86,54.90,54.98,54.90,55.00,54.90,54.93,54.98,55.02,55.19,55.29,55.22,55.19,55.12,55.22,55.07,55.24,55.33,55.43,55.53,55.69,56.05,56.40,56.87,57.03,57.10,57.31,57.59,57.80,57.97,58.20,58.09,58.37,58.32,58.77,59.35,59.77,60.19,60.08,59.44,59.52,59.68,59.70,59.75,60.33,60.63,61.04,61.41,61.53,61.64,61.62,61.57,61.55,61.57,61.60,61.60,61.64,61.73,61.82,61.76,61.73,61.87,62.35,62.74,62.74,62.77,62.77,62.84,62.72,62.70,62.79,62.79,62.72,62.65,62.61,62.70,62.88,62.65,62.74,62.70,62.65,62.67,62.70,
60.19,60.29,60.17,60.29,60.26,60.22,60.22,60.35,60.33,60.26,60.35,60.49,60.61,60.65,60.58,60.52,60.47,60.35,60.38,60.40,60.40,60.33,60.33,60.38,60.45,60.45,60.40,60.47,60.54,60.49,60.47,60.52,60.63,60.91,61.02,61.07,61.09,61.02,60.93,61.04,61.02,61.16,61.04,61.02,61.14,61.16,61.14,61.02,60.91,60.93,60.95,60.86,60.61,60.45,60.33,60.33,60.40,60.35,60.35,60.26,60.19,60.19,60.10,59.96,59.52,59.23,58.81,58.53,58.32,58.06,57.85,57.69,57.80,57.71,57.50,57.43,57.29,57.06,56.82,56.54,56.54,56.42,56.24,56.05,55.86,55.62,55.50,55.24,55.07,54.86,54.64,54.55,54.55,54.50,54.38,54.47,54.50,54.55,54.74,54.86,54.86,54.86,54.93,55.02,55.02,55.07,55.07,55.07,55.02,55.02,55.14,55.22,55.19,55.17,55.07,54.90,54.79,54.83,54.81,54.74,54.38,54.45,54.35,54.52,54.57,54.62,54.64,54.67,54.59,54.57,54.64,54.55,54.47,54.45,54.28,54.14,54.07,54.09,54.09,54.09,54.14,54.09,54.09,54.12,54.16,53.97,53.95,53.59,53.23,52.99,53.06,53.33,53.47,53.42,53.54,53.59,53.76,53.90,53.85,53.78,53.69,53.61,53.66,53.78,53.92,54.04,54.19,54.14,54.02,53.97,54.26,54.14,53.92,53.73,53.73,53.64,53.78,54.14,54.26,54.40,54.57,54.59,54.74,54.86,54.98,55.19,55.19,55.24,55.38,55.57,55.76,56.16,56.26,56.49,56.70,57.10,57.57,59.56,59.84,59.82,59.16,58.04,57.73,57.59,57.48,57.20,56.98,56.87,56.66,56.52,56.52,56.52,56.31,56.16,55.95,55.72,55.65,55.60,55.45,55.07,54.76,54.59,54.43,54.40,54.38,54.38,54.33,54.00,53.78,53.76,53.81,53.61,53.59,53.47,53.28,53.35,53.52,53.40,53.59,53.45,53.21,52.42,52.35,52.68,52.78,52.63,52.61,52.49,52.37,52.40,52.49,52.83,52.92,53.06,52.95,53.02,52.99,52.97,52.92,52.80,52.85,52.54,52.54,52.49,52.80,53.02,53.14,53.14,53.30,53.30,53.28,53.35,53.26,53.21,53.30,53.28,53.33,53.57,53.71,53.81,53.83,53.85,53.92,54.02,53.90,53.66,53.59,53.59,53.69,53.73,53.85,54.07,54.16,54.26,54.33,54.50,54.59,54.64,54.62,54.55,54.52,54.59,54.52,54.59,54.45,54.52,54.57,54.67,54.76,54.90,54.90,54.83,54.71,54.59,54.64,54.74,54.67,54.74,54.90,54.93,55.05,55.31,55.60,55.84,55.91,56.02,56.21,56.38,56.54,56.75,56.84,57.03,57.01,57.31,57.73,58.09,58.34,58.53,58.60,58.67,58.88,59.21,59.35,59.89,60.17,60.88,61.48,61.50,61.60,61.41,61.53,61.55,61.55,61.48,61.50,61.62,61.69,61.71,61.73,61.82,62.28,62.70,62.74,62.77,62.77,62.77,62.81,62.67,62.77,62.74,62.74,62.67,62.65,62.74,62.81,62.84,62.74,62.65,62.65,62.67,62.65,62.65,
60.08,60.17,60.12,60.19,60.19,60.31,60.26,60.31,60.33,60.38,60.38,60.47,60.63,60.65,60.70,60.61,60.54,60.40,60.40,60.45,60.38,60.42,60.45,60.47,60.52,60.42,60.40,60.47,60.49,60.54,60.47,60.54,60.70,60.77,60.91,61.00,61.04,60.95,60.91,61.11,60.97,61.02,61.02,60.97,61.00,61.09,61.11,61.11,61.02,60.88,60.65,60.54,60.42,60.08,59.73,59.63,59.66,59.68,59.47,59.35,59.23,59.14,58.81,58.51,58.13,57.78,57.52,57.41,57.34,57.20,57.03,57.10,57.15,56.98,56.80,56.70,56.38,56.12,55.98,55.72,55.79,55.65,55.65,55.41,55.22,55.05,54.95,54.69,54.64,54.43,54.14,54.09,54.02,53.95,53.88,53.81,53.78,53.92,54.09,54.19,54.28,54.43,54.59,54.74,54.74,54.74,54.62,54.59,54.59,54.55,54.69,54.67,54.74,54.76,54.74,54.71,54.59,54.45,54.43,54.28,53.92,53.85,53.88,54.02,54.14,54.26,54.33,54.52,54.33,54.33,54.26,54.26,54.04,53.95,53.88,53.76,53.69,53.64,53.59,53.59,53.66,53.71,53.88,53.92,53.78,53.73,53.59,53.11,52.51,52.35,52.40,52.80,53.04,52.97,53.09,53.26,53.47,53.57,53.40,53.33,53.11,52.97,53.04,53.21,53.59,53.61,53.90,53.85,53.73,53.64,53.83,53.71,53.40,53.16,52.92,52.68,52.92,53.45,53.71,53.97,54.28,54.35,54.45,54.62,54.76,54.83,54.83,54.83,55.12,55.17,55.50,55.84,55.91,56.19,56.54,56.87,57.10,59.42,59.63,59.61,59.05,57.78,57.50,57.34,57.22,57.15,56.96,56.75,56.54,56.38,56.31,56.35,56.21,55.95,55.76,55.62,55.50,55.53,55.17,54.76,54.33,54.09,53.92,53.92,53.95,53.95,53.92,53.64,53.42,53.35,53.23,53.16,52.87,52.78,52.68,52.68,52.85,52.90,52.99,52.85,52.25,51.07,50.87,51.12,51.58,51.94,51.94,51.80,51.73,51.87,52.08,52.32,52.47,52.49,52.61,52.56,52.59,52.40,52.47,52.28,51.94,52.04,51.94,52.01,52.20,52.47,52.73,52.87,52.85,52.99,52.95,52.87,52.80,52.73,52.78,52.80,52.83,52.99,53.23,53.40,53.38,53.57,53.61,53.59,53.61,53.35,53.23,53.11,53.11,53.23,53.35,53.57,53.90,54.09,54.12,54.24,54.26,54.40,54.26,54.24,54.16,54.19,54.12,54.12,53.92,54.00,54.24,54.35,54.57,54.62,54.59,54.59,54.50,54.50,54.45,54.40,54.28,54.26,54.38,54.50,54.74,55.02,55.24,55.45,55.50,55.57,55.69,55.86,56.05,56.21,56.45,56.63,56.87,57.17,57.43,57.71,57.97,58.13,58.32,58.41,58.62,58.88,59.12,59.42,59.75,60.68,61.37,61.41,61.43,61.43,61.50,61.48,61.41,61.43,61.60,61.71,61.69,61.71,61.99,62.38,62.63,62.79,62.77,62.93,62.84,62.77,62.81,62.77,62.74,62.65,62.63,62.70,62.74,62.77,62.72,62.63,62.58,62.72,62.67,62.54,62.42,62.42,
59.98,59.77,60.03,60.10,60.22,60.31,60.19,60.29,60.31,60.33,60.42,60.47,60.47,60.49,60.72,60.63,60.52,60.49,60.40,60.45,60.33,60.35,60.45,60.47,60.42,60.38,60.45,60.58,60.70,60.63,60.61,60.63,60.72,60.68,60.81,60.88,61.04,60.95,60.91,61.09,60.97,60.88,60.97,60.95,60.91,60.86,60.93,61.04,61.02,60.91,60.86,60.54,60.17,59.68,59.19,58.88,58.81,58.67,58.62,58.51,58.37,58.39,58.30,57.92,57.55,57.29,57.15,56.94,56.89,56.82,56.45,56.61,56.54,56.45,56.38,56.24,56.00,55.67,55.60,55.48,55.43,55.24,55.24,54.95,54.76,54.59,54.59,54.40,54.19,54.09,53.83,53.73,53.59,53.30,53.14,53.09,53.06,53.23,53.57,53.81,53.95,54.14,54.28,54.35,54.28,54.24,54.04,54.00,54.02,53.97,54.04,54.16,54.28,54.43,54.52,54.50,54.26,54.19,54.02,53.66,53.28,53.09,53.28,53.28,53.54,53.85,53.88,54.09,54.02,54.09,54.07,54.04,53.76,53.52,53.33,53.26,53.14,53.06,53.04,53.11,53.28,53.38,53.47,53.61,53.59,53.45,53.06,52.61,52.16,52.06,52.13,52.54,52.68,52.68,52.87,53.14,53.33,53.30,53.09,52.87,52.49,52.30,52.35,52.68,53.11,53.30,53.57,53.61,53.47,53.42,53.52,53.23,52.78,52.37,51.89,51.53,51.80,52.63,53.09,53.59,53.85,54.07,54.26,54.45,54.47,54.43,54.40,54.52,54.71,54.93,55.19,55.53,55.74,55.98,56.42,56.73,56.66,59.23,59.47,59.40,58.70,57.41,57.31,57.20,57.13,57.06,56.84,56.70,56.47,56.24,56.19,56.24,56.00,55.86,55.67,55.55,55.31,55.19,54.79,54.26,53.78,53.52,53.33,53.33,53.52,53.59,53.57,53.26,52.97,52.90,52.83,52.56,52.11,52.01,52.11,52.16,52.23,52.32,52.49,52.47,51.97,50.78,50.14,49.92,50.17,50.78,51.19,51.26,51.22,51.29,51.36,51.65,51.89,52.06,52.20,52.16,52.20,52.18,51.94,51.73,51.29,51.07,51.29,51.44,51.63,51.77,52.23,52.42,52.49,52.59,52.59,52.49,52.30,52.25,52.18,52.28,52.32,52.44,52.75,52.97,53.23,53.35,53.28,53.26,53.11,52.90,52.83,52.56,52.49,52.63,52.99,53.18,53.45,53.66,54.00,54.00,53.92,54.12,54.00,53.92,53.85,53.85,53.76,53.57,53.33,53.35,53.81,54.00,54.28,54.38,54.33,54.21,54.02,54.09,53.92,53.95,53.76,53.85,53.92,54.07,54.28,54.59,54.83,54.95,55.02,55.19,55.29,55.31,55.53,55.91,56.21,56.42,56.56,57.01,57.43,57.66,57.83,57.95,58.04,58.27,58.51,58.65,58.95,59.19,59.52,60.42,61.18,61.32,61.39,61.53,61.37,61.25,61.43,61.53,61.57,61.60,61.76,62.08,62.47,62.61,62.63,62.70,62.70,62.88,62.79,62.79,62.79,62.70,62.70,62.56,62.74,62.84,62.77,62.70,62.67,62.67,62.58,62.54,62.54,62.40,62.40,62.40,
59.68,59.47,59.73,59.96,60.10,60.19,60.19,60.24,60.26,60.33,60.33,60.22,60.38,60.52,60.70,60.63,60.65,60.63,60.47,60.49,60.35,60.40,60.42,60.49,60.47,60.38,60.40,60.47,60.52,60.61,60.49,60.58,60.68,60.61,60.72,60.65,60.84,60.86,60.84,60.95,61.07,61.04,60.91,60.91,60.91,60.88,60.91,60.91,60.81,60.77,60.77,60.58,59.98,59.33,58.74,58.53,58.34,58.25,58.16,58.16,58.09,58.09,57.85,57.52,57.29,56.96,56.84,56.84,56.59,56.42,56.33,56.12,55.93,56.02,55.91,55.74,55.57,55.31,55.19,55.19,55.05,54.93,54.67,54.55,54.28,54.09,54.09,54.09,53.92,53.61,53.38,53.30,53.23,52.85,52.49,52.32,52.28,52.47,52.95,53.23,53.59,53.88,54.07,54.09,54.02,53.90,53.59,53.45,53.40,53.30,53.33,53.66,53.88,54.04,54.16,54.26,54.04,53.95,53.61,53.02,52.66,52.25,52.54,52.92,53.14,53.47,53.71,53.88,53.76,53.83,53.90,53.76,53.42,53.11,52.80,52.49,52.37,52.32,52.28,52.40,52.68,52.95,53.21,53.23,53.23,52.95,52.30,51.94,51.51,51.61,51.70,52.13,52.37,52.63,52.68,53.02,53.16,53.06,52.51,51.82,51.44,51.31,51.48,51.80,52.66,53.06,53.23,53.28,53.26,53.16,53.21,52.35,51.68,51.46,50.66,50.05,50.75,51.61,52.54,53.14,53.52,53.83,53.97,54.02,53.76,53.61,53.42,53.66,53.88,54.19,54.76,55.19,55.53,55.74,56.28,56.52,56.35,58.51,58.67,58.55,57.95,57.03,57.15,57.17,57.03,56.98,56.73,56.61,56.35,56.16,56.12,56.14,55.86,55.84,55.57,55.38,55.07,54.64,54.21,53.57,53.04,52.78,52.59,52.61,52.99,53.16,53.26,52.90,52.51,52.44,52.42,51.99,51.51,51.46,51.56,51.41,51.53,51.63,51.80,51.80,51.34,50.31,49.85,49.58,49.29,49.51,50.00,50.41,50.53,50.53,50.46,50.63,51.17,51.48,51.68,51.75,51.77,51.68,51.36,50.87,50.58,50.41,50.66,50.68,50.78,50.97,51.77,52.01,52.11,52.20,52.20,52.04,51.53,51.31,51.07,51.14,51.19,51.41,52.11,52.66,52.87,53.06,53.09,52.95,52.51,52.20,52.04,51.73,51.68,51.87,52.11,52.83,53.14,53.40,53.52,53.83,53.83,53.66,53.38,53.30,53.28,53.38,53.21,52.99,52.83,52.87,53.35,53.66,54.00,54.12,54.04,54.02,53.92,53.71,53.57,53.59,53.52,53.35,53.40,53.66,54.02,54.38,54.64,54.71,54.74,54.81,54.81,54.79,54.98,55.57,56.05,56.21,56.42,56.75,57.17,57.50,57.64,57.78,57.90,57.99,58.09,58.39,58.70,58.91,59.40,60.24,61.11,61.32,61.46,61.30,61.18,61.18,61.48,61.55,61.53,61.78,62.28,62.54,62.63,62.65,62.67,62.79,62.81,62.84,62.72,62.77,62.70,62.65,62.74,62.67,62.77,62.74,62.70,62.63,62.65,62.56,62.45,62.54,62.47,62.31,62.42,62.45,
59.35,59.14,59.37,59.75,59.87,60.01,60.19,60.31,60.26,60.24,60.29,60.31,60.47,60.52,60.65,60.75,60.77,60.68,60.63,60.54,60.40,60.45,60.47,60.47,60.49,60.47,60.58,60.47,60.47,60.52,60.47,60.47,60.58,60.52,60.54,60.52,60.63,60.72,60.77,60.91,60.95,61.04,61.02,60.81,60.75,60.81,60.91,60.81,60.72,60.72,60.65,60.45,59.89,59.09,58.53,58.09,57.85,57.64,57.64,57.69,57.80,57.69,57.59,57.41,57.15,56.54,56.49,56.33,56.07,55.93,55.69,55.50,55.48,55.41,55.48,55.43,55.14,54.90,54.81,54.76,54.74,54.50,54.16,53.92,53.88,53.81,53.85,53.64,53.45,53.38,53.21,53.06,52.87,52.42,52.16,51.97,51.85,51.99,52.37,52.68,53.38,53.78,53.90,53.83,53.69,53.52,53.06,52.68,52.56,52.44,52.49,52.80,53.23,53.59,53.90,53.92,53.78,53.52,52.68,51.82,51.36,51.56,51.75,52.01,52.23,52.73,53.06,53.54,53.57,53.71,53.76,53.40,52.28,51.41,50.92,50.68,50.75,50.83,50.97,51.39,51.77,52.37,52.87,52.87,52.80,52.04,50.56,49.97,50.17,50.80,50.68,51.19,51.99,52.32,52.44,52.90,53.04,52.68,51.61,50.02,49.73,50.00,50.58,50.85,52.13,52.73,53.02,53.06,53.02,52.87,52.68,50.95,50.39,49.83,49.56,49.29,51.00,51.24,52.32,52.83,53.23,53.54,53.66,53.61,52.16,51.61,51.44,51.82,52.23,52.61,54.21,54.86,55.29,55.45,56.00,56.45,56.05,57.10,57.13,57.06,56.66,56.59,57.01,57.10,57.01,56.89,56.87,56.61,56.38,56.14,55.98,55.86,55.81,55.69,55.41,55.02,54.71,54.09,53.59,52.56,51.85,51.58,51.46,51.56,52.32,52.83,52.92,52.49,52.13,52.04,51.94,50.92,50.17,50.00,49.95,49.66,49.70,49.80,50.58,51.31,50.78,50.02,49.63,49.41,49.12,48.92,49.09,48.97,48.63,48.49,48.58,49.19,50.61,51.31,51.29,51.07,51.24,51.05,50.05,48.56,48.34,49.00,49.63,49.70,49.78,50.41,51.31,51.51,51.68,51.82,51.82,51.12,50.24,49.88,49.41,49.22,49.22,50.00,51.58,52.32,52.56,52.85,52.83,52.61,51.14,49.88,49.41,49.19,49.41,49.73,50.34,51.65,52.73,53.11,53.28,53.40,53.40,52.78,51.65,51.63,51.75,52.01,52.20,52.08,52.47,52.68,53.04,53.33,53.76,53.83,53.57,53.33,53.18,52.99,52.99,53.18,53.23,53.14,53.18,53.47,53.92,54.07,54.59,54.43,54.45,54.50,54.50,54.47,54.98,55.38,55.76,55.95,56.26,56.70,57.10,57.31,57.34,57.34,57.43,57.64,57.85,58.18,58.53,58.88,59.37,60.15,61.04,61.30,61.27,61.11,61.32,61.27,61.60,61.57,61.85,62.40,62.58,62.67,62.67,62.65,62.63,62.65,62.72,62.72,62.77,62.77,62.65,62.67,62.70,62.72,62.72,62.74,62.58,62.61,62.63,62.56,62.51,62.45,62.45,62.40,62.54,62.54,
59.07,58.79,59.09,59.47,59.61,59.87,60.15,60.26,60.19,60.19,60.26,60.29,60.63,60.54,60.77,60.93,60.77,60.70,60.72,60.68,60.54,60.52,60.61,60.54,60.49,60.61,60.47,60.42,60.35,60.42,60.47,60.42,60.47,60.45,60.47,60.52,60.42,60.47,60.63,60.75,60.75,60.77,60.84,60.81,60.77,60.77,60.77,60.77,60.75,60.70,60.63,60.38,59.73,58.95,58.27,57.83,57.43,57.15,57.24,57.29,57.34,57.38,57.48,57.03,56.66,56.28,56.02,55.86,55.79,55.53,55.00,54.98,54.81,54.67,54.88,55.02,54.79,54.55,54.47,54.43,54.40,53.78,53.42,53.23,53.42,53.16,53.23,53.14,53.40,53.23,53.06,52.87,52.44,51.58,51.14,50.85,50.68,50.61,51.02,52.01,53.09,53.59,53.71,53.69,53.47,52.87,51.87,51.22,51.05,51.05,51.17,51.58,52.51,53.02,53.54,53.66,53.57,53.23,51.44,49.19,49.07,49.41,49.68,49.44,50.17,52.04,52.87,53.28,53.26,53.52,53.54,53.21,51.53,50.00,49.53,49.63,49.90,49.83,50.41,51.26,51.94,52.47,52.68,52.66,52.49,51.44,49.73,49.27,50.02,50.34,50.09,50.41,51.63,51.94,52.35,52.75,52.99,52.56,51.31,49.05,48.85,49.31,49.95,50.48,51.73,52.61,52.87,52.97,52.83,52.68,52.40,50.31,49.66,48.27,48.63,49.31,51.89,51.44,52.18,52.54,53.06,53.26,53.35,53.23,50.95,50.00,49.73,50.58,51.14,51.26,53.76,54.69,54.93,55.12,55.69,56.33,55.69,56.38,56.54,56.49,55.86,56.14,56.87,56.94,56.91,56.96,56.87,56.56,56.28,56.07,55.76,55.74,55.65,55.53,55.19,54.69,54.14,53.59,52.47,50.85,49.92,49.73,49.73,49.95,51.46,52.47,52.56,52.28,51.80,51.68,51.53,49.73,48.80,48.41,48.31,48.05,48.00,48.19,49.61,50.85,50.27,49.66,49.22,49.14,49.09,48.83,48.73,48.41,47.83,47.53,47.66,48.34,50.05,50.83,50.83,50.90,50.87,50.58,49.05,47.53,48.14,48.90,49.12,49.19,49.29,49.90,50.90,51.14,51.31,51.48,51.48,50.31,49.05,48.88,48.44,47.95,47.88,49.00,51.14,51.97,52.35,52.51,52.49,52.28,50.39,48.80,48.07,47.75,47.83,48.12,48.56,51.53,52.56,52.87,52.87,53.04,52.87,51.39,49.53,49.31,49.41,50.12,50.78,50.92,52.37,52.87,52.90,53.06,53.45,53.35,52.16,51.58,51.31,51.05,50.75,51.07,52.20,52.99,53.30,53.42,53.59,53.81,54.04,53.57,53.61,53.61,53.76,54.04,54.76,55.24,55.60,55.79,56.02,56.49,56.91,57.08,57.03,57.03,57.15,57.34,57.64,58.04,58.44,58.74,59.37,60.33,61.02,61.14,61.16,61.27,61.39,61.41,61.66,61.92,62.40,62.67,62.77,62.77,62.72,62.63,62.67,62.77,62.74,62.74,62.72,62.72,62.65,62.65,62.63,62.67,62.70,62.67,62.51,62.47,62.47,62.51,62.51,62.42,62.40,62.40,62.40,-327.68,
58.70,58.60,58.77,59.19,59.49,59.73,59.89,59.96,60.08,60.24,60.19,60.35,60.65,60.77,61.00,61.04,60.91,60.81,60.84,60.77,60.79,60.77,60.79,60.86,60.79,60.77,60.70,60.45,60.38,60.33,60.38,60.31,60.38,60.40,60.42,60.47,60.38,60.38,60.45,60.63,60.72,60.77,60.77,60.81,60.81,60.70,60.72,60.75,60.68,60.63,60.61,60.45,59.77,58.88,57.99,57.62,57.15,56.96,56.70,56.56,57.03,57.03,56.89,56.63,56.45,55.86,55.62,55.65,55.41,54.28,53.59,53.33,53.06,53.02,53.28,54.33,54.52,54.26,54.12,54.12,53.95,52.49,51.99,52.18,52.63,51.94,52.40,52.87,53.14,53.04,52.78,52.63,52.25,49.66,49.63,49.41,48.70,48.68,49.34,51.05,52.68,53.38,53.59,53.47,53.28,52.73,51.19,50.07,49.85,50.17,50.05,50.44,51.68,52.68,53.23,53.45,53.45,52.97,50.75,48.44,47.88,48.10,48.56,49.09,50.05,52.08,52.68,53.16,53.28,53.23,53.33,52.75,50.63,49.19,49.17,49.66,49.78,49.29,50.22,51.63,52.37,52.59,52.61,52.42,52.13,50.70,49.19,48.90,49.73,49.63,49.85,50.19,51.46,51.80,52.35,52.73,52.87,52.51,51.07,48.78,48.92,49.56,49.70,50.00,51.48,52.68,52.80,52.83,52.56,52.42,52.13,50.22,48.85,47.61,47.90,48.31,50.19,50.24,51.94,52.47,52.95,53.11,53.16,52.85,50.41,49.41,49.44,50.78,51.17,50.95,53.57,54.45,54.76,54.90,55.45,56.07,55.26,55.62,56.26,56.07,55.00,55.69,56.70,56.89,56.91,56.96,56.80,56.49,56.09,55.84,55.69,55.55,55.43,55.24,54.79,54.21,53.52,52.87,51.63,49.68,48.44,48.34,48.56,48.85,51.05,52.11,52.28,51.97,51.53,51.48,51.17,49.22,48.39,47.88,47.71,47.46,47.38,47.95,49.22,50.61,50.09,49.58,49.12,49.00,48.97,48.95,48.83,48.56,48.05,47.26,47.14,47.92,50.12,50.61,50.58,50.48,50.41,50.14,49.09,47.71,48.61,48.58,48.78,48.73,48.95,49.56,50.51,50.83,51.00,51.14,50.95,49.78,48.51,48.36,48.07,47.58,47.53,48.85,50.75,51.75,51.99,52.13,52.13,51.97,49.90,48.29,47.80,47.43,47.53,47.88,48.31,51.05,52.25,52.61,52.66,52.73,52.35,51.14,49.02,48.61,48.75,49.39,49.83,50.63,52.44,53.06,53.04,53.11,53.23,52.99,51.14,50.24,49.88,49.53,49.09,49.36,51.58,53.06,53.14,53.18,53.47,53.52,52.75,51.34,51.41,51.46,51.65,52.40,54.07,55.07,55.53,55.69,55.84,56.16,55.95,55.36,55.57,55.95,56.24,56.75,57.31,57.78,58.25,58.65,59.33,60.29,60.93,61.07,61.27,61.39,61.39,61.55,62.03,62.35,62.61,62.77,62.67,62.65,62.61,62.61,62.65,62.65,62.67,62.72,62.67,62.72,62.58,62.58,62.63,62.67,62.63,62.58,62.47,62.54,62.47,62.47,62.45,62.47,62.47,62.26,62.24,-327.68,
-327.68,58.46,58.46,58.84,59.28,59.54,59.75,59.96,60.03,60.15,60.33,60.52,60.84,61.02,61.18,61.11,61.04,61.02,61.02,61.04,61.07,61.04,61.04,61.11,61.04,60.91,60.77,60.61,60.47,60.33,60.35,60.24,60.38,60.47,60.40,60.38,60.33,60.33,60.40,60.47,60.47,60.58,60.61,60.70,60.79,60.72,60.79,60.77,60.65,60.65,60.63,60.33,59.77,58.88,57.83,57.34,56.89,56.54,55.41,54.26,54.45,54.81,54.50,55.81,56.09,55.65,55.45,55.45,54.74,52.04,50.95,50.90,51.14,51.02,51.68,53.88,54.24,53.92,53.90,53.81,53.42,51.00,50.36,50.87,51.56,50.73,51.70,52.80,52.75,52.66,52.59,52.11,51.68,49.07,49.00,48.85,48.12,48.49,49.34,51.19,52.87,53.30,53.42,53.28,52.99,52.63,51.53,50.24,49.95,50.58,50.48,50.61,51.80,52.80,53.30,53.45,53.30,52.83,50.44,48.41,48.00,48.10,48.85,49.07,50.05,52.32,52.92,53.26,53.11,53.09,53.26,52.56,50.39,49.75,49.63,49.90,49.44,49.09,50.41,51.73,52.35,52.63,52.61,52.47,52.04,50.00,48.56,48.70,49.00,49.19,49.29,50.34,51.53,51.89,52.32,52.73,52.78,52.44,51.02,48.53,48.90,49.61,49.61,49.70,51.29,52.73,52.68,52.73,52.37,52.28,51.99,50.12,48.61,47.43,47.14,47.19,48.12,48.88,51.68,52.30,52.78,53.04,53.11,52.66,50.22,49.19,49.58,50.61,50.73,50.78,53.42,54.24,54.59,54.74,55.38,55.86,54.90,54.93,56.05,55.60,54.43,55.38,56.52,56.77,56.87,56.84,56.70,56.21,55.84,55.67,55.60,55.48,55.07,54.76,54.35,53.69,52.99,51.99,51.00,49.70,48.36,48.05,48.19,48.53,50.75,51.80,52.04,51.80,51.31,51.34,51.05,49.29,48.29,47.46,47.41,47.16,47.36,47.63,48.95,50.12,49.83,49.39,48.97,48.88,48.88,48.95,48.83,48.46,48.12,47.31,47.09,47.61,49.66,49.97,50.09,50.02,50.00,49.83,48.97,48.36,48.41,48.39,48.41,48.51,48.53,49.17,50.22,50.53,50.75,50.80,50.61,49.61,48.31,47.78,47.58,47.41,47.51,48.51,50.53,51.44,51.61,51.73,51.80,51.58,49.80,48.19,47.53,47.51,47.71,47.61,48.19,50.61,51.97,52.40,52.42,52.51,52.35,51.26,48.85,48.53,48.83,49.02,49.39,50.31,52.25,53.09,53.21,53.16,53.18,52.83,50.90,49.63,49.61,49.27,49.05,49.97,51.80,52.68,52.99,53.09,53.35,53.21,51.73,49.83,49.63,49.70,49.58,50.63,53.42,54.86,55.33,55.53,55.76,55.53,53.66,52.59,52.87,53.38,53.64,55.14,56.87,57.78,58.16,58.55,59.33,60.33,61.02,61.20,61.27,61.27,61.53,61.99,62.42,62.54,62.65,62.67,62.70,62.72,62.65,62.65,62.72,62.72,62.70,62.67,62.70,62.74,62.56,62.54,62.63,62.61,62.54,62.56,62.42,62.54,62.47,62.47,62.42,62.38,62.26,62.15,62.24,-327.68,
-327.68,58.46,58.51,58.81,59.21,59.40,59.52,59.66,59.87,60.03,60.33,60.63,61.00,61.14,61.23,61.23,61.23,61.20,61.23,61.32,61.37,61.25,61.32,61.39,61.18,61.14,60.77,60.63,60.47,60.33,60.38,60.33,60.38,60.45,60.42,60.40,60.33,60.29,60.33,60.45,60.49,60.52,60.49,60.58,60.65,60.72,60.84,60.77,60.63,60.63,60.54,60.33,59.82,58.67,57.73,57.22,56.73,56.21,53.92,52.44,52.30,52.59,52.73,55.41,55.69,55.41,55.33,55.33,54.19,50.85,50.75,50.48,50.19,49.97,50.95,53.73,53.95,53.71,53.61,53.52,52.99,50.41,49.34,49.73,50.61,50.70,51.56,52.20,52.25,52.28,52.23,51.82,51.14,49.00,48.34,48.02,48.05,48.63,49.09,51.00,52.99,53.30,53.38,53.16,52.78,52.13,50.85,49.95,49.90,50.56,50.95,51.41,52.25,52.99,53.33,53.38,53.23,52.87,50.39,48.68,47.97,48.12,48.34,48.31,49.83,52.42,52.85,53.06,52.95,53.06,53.04,52.87,50.39,49.70,49.19,49.68,50.19,49.73,50.22,51.56,52.28,52.54,52.54,52.44,51.94,49.73,48.36,49.02,48.83,49.00,49.02,50.68,51.53,51.97,52.30,52.49,52.66,52.40,50.95,48.34,48.41,48.85,49.05,49.63,51.34,52.54,52.66,52.59,52.32,52.16,51.80,49.83,49.00,47.66,47.56,47.16,47.68,48.85,51.61,52.13,52.61,52.85,52.99,52.66,50.31,49.22,49.63,50.12,50.12,50.75,53.40,54.21,54.55,54.69,55.24,55.74,54.67,54.45,55.84,55.07,53.92,55.00,56.38,56.66,56.66,56.52,56.33,55.93,55.55,55.60,55.48,55.26,54.71,54.43,53.83,53.14,52.25,51.14,50.17,49.56,48.75,48.12,47.95,48.19,50.44,51.63,51.75,51.58,51.19,51.07,50.95,49.27,48.17,47.29,47.29,47.21,47.16,47.41,48.51,49.85,49.63,49.22,48.92,48.78,48.78,48.95,48.80,48.56,48.34,47.53,46.91,47.24,49.36,49.46,49.53,49.58,49.39,49.29,48.78,48.17,48.29,48.19,48.29,48.24,48.24,49.09,50.19,50.41,50.56,50.53,50.46,49.63,48.34,47.75,47.73,47.71,47.90,48.70,50.44,51.05,51.19,51.26,51.24,51.05,49.66,47.88,47.48,47.58,48.07,47.97,48.12,50.31,51.77,51.97,52.23,52.37,52.37,51.46,48.90,48.49,48.58,48.75,49.00,49.53,51.94,53.06,53.14,53.06,53.06,52.68,50.83,49.24,49.51,49.14,48.63,49.88,51.61,52.32,52.68,52.83,52.97,53.21,51.53,49.29,49.41,49.41,49.09,50.05,53.02,54.59,55.17,55.38,55.53,55.00,52.51,51.73,53.04,53.23,52.97,54.74,56.73,57.57,57.99,58.51,59.33,60.47,61.07,61.14,61.18,61.41,61.92,62.38,62.54,62.58,62.65,62.65,62.58,62.72,62.70,62.67,62.70,62.72,62.72,62.65,62.67,62.72,62.61,62.54,62.61,62.54,62.47,62.49,62.35,62.49,62.45,62.47,62.42,62.33,62.19,61.94,61.69,-327.68,
-327.68,58.60,58.58,58.91,59.26,59.44,59.61,59.63,59.61,59.84,60.19,60.49,60.86,61.18,61.18,61.23,61.20,61.27,61.39,61.50,61.55,61.53,61.53,61.48,61.48,61.37,60.88,60.54,60.49,60.33,60.35,60.26,60.29,60.33,60.33,60.35,60.35,60.31,60.24,60.24,60.31,60.31,60.33,60.45,60.52,60.49,60.61,60.72,60.63,60.61,60.47,60.35,59.84,58.44,57.64,57.08,56.66,56.05,53.83,53.33,53.30,51.87,52.16,55.22,55.53,55.12,55.19,55.12,54.02,50.90,51.19,51.48,50.27,49.90,51.34,53.59,53.73,53.47,53.35,53.26,52.49,49.73,48.97,49.09,50.05,50.17,51.17,51.82,51.65,51.80,52.06,51.94,51.19,48.61,48.44,49.00,48.63,48.73,49.00,51.14,52.90,53.18,53.35,53.21,52.87,52.25,50.36,49.12,49.12,49.24,50.09,51.46,52.44,53.04,53.23,53.23,53.16,52.73,50.31,48.78,48.31,48.22,48.14,48.19,49.88,51.94,52.51,52.87,52.85,52.63,52.73,52.49,50.68,49.09,48.80,48.88,49.92,50.31,50.73,51.77,52.35,52.51,52.49,52.32,51.97,49.88,48.73,48.83,48.41,48.90,49.31,50.58,51.58,51.80,52.11,52.23,52.49,52.30,50.78,48.27,48.39,48.75,48.58,49.29,51.22,52.35,52.49,52.49,52.32,52.13,51.56,49.22,48.78,48.12,48.90,47.83,48.12,49.17,51.87,52.25,52.51,52.68,52.85,52.59,50.39,49.41,49.44,49.83,49.70,50.61,53.59,54.26,54.43,54.76,55.22,55.55,54.50,54.07,55.69,54.76,53.38,54.57,56.16,56.38,56.28,56.05,55.86,55.62,55.33,55.43,55.19,54.83,54.33,54.00,53.33,52.51,51.48,50.41,49.51,49.09,48.83,48.34,48.05,48.22,50.27,51.31,51.24,51.02,50.90,50.75,50.70,49.44,48.63,48.36,48.53,48.27,48.00,48.07,49.00,49.51,49.27,49.02,48.75,48.58,48.58,48.73,48.78,48.46,48.24,47.78,47.58,47.88,48.88,48.88,49.12,48.88,49.00,48.80,48.39,47.95,48.07,48.07,48.24,48.14,48.29,49.34,50.14,50.34,50.36,50.39,50.39,49.95,49.29,49.07,49.05,49.31,49.36,49.80,50.53,50.68,50.66,50.73,50.97,50.78,49.88,49.19,49.09,49.12,49.09,49.12,49.19,50.78,51.53,51.77,51.75,52.25,52.16,51.73,49.83,49.41,49.41,49.73,49.80,50.02,51.97,52.92,52.95,52.90,52.87,52.66,50.90,49.24,49.34,49.12,48.78,48.78,50.36,52.04,52.35,52.42,52.66,52.75,51.31,49.12,49.00,49.24,49.09,49.88,52.59,54.28,54.88,55.14,55.24,54.67,51.65,51.34,52.32,51.77,51.87,54.43,56.77,57.64,57.85,58.25,59.23,60.33,60.91,61.11,61.41,61.99,62.42,62.47,62.51,62.63,62.58,62.56,62.61,62.56,62.77,62.61,62.58,62.58,62.54,62.56,62.70,62.72,62.58,62.51,62.56,62.47,62.42,62.42,62.35,62.38,62.47,62.40,62.12,61.99,62.19,61.87,61.37,-327.68,
-327.68,58.72,58.77,59.09,59.40,59.52,59.61,59.63,59.61,59.73,59.91,60.24,60.54,60.97,61.09,61.07,61.02,61.11,61.39,61.57,61.62,61.71,61.78,61.73,61.60,61.41,60.97,60.70,60.47,60.24,60.26,60.19,60.24,60.24,60.26,60.19,60.22,60.19,60.17,60.22,60.26,60.22,60.26,60.33,60.35,60.35,60.45,60.52,60.54,60.63,60.49,60.40,59.84,58.34,57.64,57.08,56.61,55.86,53.83,53.40,52.83,52.13,52.54,55.29,55.48,55.07,55.00,54.79,53.73,50.61,51.65,52.90,51.65,50.92,52.18,53.54,53.59,53.23,53.06,52.90,52.13,49.46,48.78,48.90,49.31,49.34,50.92,51.63,51.39,51.80,52.13,52.13,51.02,48.70,48.51,49.17,48.83,48.68,48.75,51.26,52.92,53.23,53.42,53.23,53.16,52.87,50.78,49.41,48.78,48.53,49.34,51.02,52.32,52.92,53.06,53.06,52.95,52.49,50.41,48.78,48.58,49.12,49.09,48.53,50.02,51.87,52.13,52.37,52.61,52.44,52.32,52.32,50.41,48.88,49.12,48.83,49.29,49.78,50.19,51.80,52.35,52.47,52.32,52.25,51.94,50.19,49.34,49.22,49.19,49.53,50.19,50.95,51.58,51.73,51.97,52.16,52.30,52.30,51.12,49.12,49.63,50.05,49.44,49.83,51.34,52.25,52.25,52.32,52.06,51.97,51.61,50.05,49.83,49.24,50.14,49.31,49.29,50.41,52.18,52.32,52.49,52.56,52.78,52.63,50.70,49.92,50.12,50.58,50.51,51.29,53.76,54.43,54.59,54.76,55.24,55.43,54.26,53.69,55.55,54.43,52.90,54.16,55.81,55.91,55.84,55.57,55.53,55.38,55.26,55.14,54.62,54.38,53.81,53.45,52.87,52.04,50.95,50.00,49.17,48.88,48.78,48.80,48.97,49.44,50.48,50.83,50.78,50.51,50.41,50.41,50.39,49.88,49.63,49.61,49.63,49.34,49.12,49.07,49.34,49.12,48.78,48.56,48.49,48.49,48.44,48.49,48.58,48.44,48.22,48.10,48.34,48.22,48.29,48.34,48.41,48.36,48.39,48.29,48.07,47.95,48.05,48.12,48.10,48.22,48.56,49.46,49.88,50.02,50.02,50.12,50.17,50.12,50.12,50.12,50.09,50.14,49.95,50.09,50.05,50.14,50.12,50.75,51.53,51.00,50.17,49.73,49.83,49.95,50.17,50.17,50.58,51.02,51.19,51.73,51.61,51.75,51.94,51.87,51.48,51.34,51.39,51.44,51.56,51.65,52.37,52.73,52.66,52.66,52.66,52.51,51.63,50.73,50.90,50.58,50.61,50.39,50.95,51.63,51.80,52.06,52.08,52.25,51.31,49.88,49.70,50.05,49.88,50.31,52.61,54.00,54.43,54.76,54.98,54.59,51.94,51.34,51.53,51.17,51.89,54.59,56.54,57.34,57.57,58.09,59.23,60.38,61.00,61.30,61.94,62.42,62.49,62.49,62.51,62.58,62.54,62.56,62.58,62.65,62.61,62.49,62.54,62.56,62.61,62.67,62.70,62.65,62.56,62.49,62.51,62.42,62.40,62.45,62.35,62.33,62.26,61.99,61.43,61.53,61.92,61.82,61.55,-327.68,
-327.68,58.74,58.77,59.16,59.54,59.66,59.68,59.73,59.82,59.75,59.84,60.03,60.31,60.58,60.84,60.91,60.91,61.04,61.32,61.50,61.60,61.73,61.76,61.80,61.69,61.48,61.14,60.77,60.49,60.24,60.26,60.29,60.22,60.24,60.24,60.31,60.24,60.24,60.29,60.24,60.31,60.31,60.24,60.22,60.19,60.26,60.40,60.45,60.40,60.45,60.49,60.40,59.87,58.27,57.50,57.15,56.61,55.86,53.90,52.95,52.61,52.08,52.80,55.19,55.38,54.86,54.79,54.74,53.14,50.27,51.46,52.97,52.42,52.16,52.68,53.40,53.40,52.97,52.75,52.51,51.94,49.66,49.00,48.83,49.19,49.24,50.83,51.56,51.68,52.04,52.23,52.51,51.53,51.00,49.90,49.24,49.39,49.44,49.56,51.56,52.99,53.26,53.54,53.45,53.33,53.11,51.89,50.95,50.46,49.92,50.39,51.22,52.13,52.68,52.78,52.68,52.56,52.28,51.19,50.05,50.12,50.44,50.78,50.19,50.92,51.87,51.99,52.11,52.30,52.25,52.20,52.13,51.39,51.07,51.07,51.05,51.29,51.56,51.85,52.23,52.35,52.28,52.20,52.20,51.97,51.73,51.12,50.85,50.95,51.12,51.36,51.53,51.73,51.73,51.97,52.08,52.13,52.25,51.94,51.12,51.26,51.48,51.14,51.19,51.77,52.13,52.06,52.11,51.80,51.70,51.73,51.63,51.53,50.95,51.22,51.14,51.19,51.73,52.16,52.16,52.32,52.47,52.68,52.78,52.11,51.73,52.08,52.30,52.40,52.90,54.00,54.47,54.59,54.74,55.19,55.22,53.92,53.38,55.29,54.07,52.40,53.66,55.48,55.53,55.50,55.41,55.33,55.22,55.17,54.74,54.16,53.90,53.40,52.92,52.44,51.70,50.63,49.56,48.92,48.70,48.73,48.92,49.46,49.97,50.27,50.41,50.41,50.09,49.90,49.97,50.00,49.95,49.83,49.68,49.58,49.17,49.05,48.78,48.80,48.85,48.53,48.22,48.12,48.24,48.36,48.41,48.29,48.24,48.24,47.90,47.92,47.92,47.95,47.95,48.00,47.95,48.14,48.10,48.22,48.07,48.02,48.10,48.07,48.14,48.58,49.24,49.58,49.68,49.75,49.83,49.85,49.85,49.83,49.83,49.68,49.78,49.53,49.63,49.46,49.44,49.53,50.66,51.41,50.44,49.44,49.00,49.09,49.39,49.63,49.85,50.14,50.41,50.95,51.53,51.22,51.41,51.63,51.65,51.82,51.70,51.75,51.87,52.04,52.25,52.42,52.51,52.35,52.40,52.40,52.32,51.97,51.77,51.51,51.31,51.31,51.07,51.12,51.02,51.31,51.53,51.48,51.73,51.56,51.51,51.44,51.61,51.65,51.87,53.06,53.76,54.00,54.33,54.64,54.62,53.66,53.40,53.40,53.38,54.38,55.69,56.54,56.91,57.31,57.92,59.12,60.35,61.27,61.99,62.33,62.40,62.45,62.49,62.51,62.54,62.47,62.58,62.54,62.54,62.65,62.58,62.56,62.63,62.54,62.54,62.61,62.56,62.49,62.49,62.45,62.40,62.33,62.24,62.31,62.08,61.57,61.23,61.00,61.04,61.16,61.18,61.18,-327.68,
-327.68,58.93,58.93,59.19,59.52,59.82,59.77,59.91,59.91,59.91,59.91,59.94,60.17,60.29,60.52,60.70,60.77,60.84,61.04,61.41,61.50,61.60,61.76,61.73,61.80,61.60,61.18,60.86,60.47,60.35,60.31,60.33,60.31,60.29,60.26,60.26,60.29,60.29,60.24,60.17,60.19,60.19,60.29,60.26,60.22,60.22,60.24,60.33,60.26,60.31,60.33,60.31,59.91,58.27,57.43,57.08,56.77,56.12,54.12,53.14,52.99,52.32,53.30,55.22,55.07,54.69,54.45,54.43,53.21,51.29,51.73,52.87,52.49,52.83,52.99,53.26,53.16,52.73,52.49,52.40,51.80,50.39,49.97,49.85,49.83,49.92,50.95,51.36,51.73,52.13,52.42,52.66,52.44,52.23,52.20,52.06,52.06,51.73,51.99,52.49,53.11,53.23,53.52,53.40,53.30,53.14,52.66,52.30,51.85,51.63,51.94,52.04,52.25,52.51,52.49,52.32,52.30,52.16,52.04,52.06,51.75,51.58,51.53,51.53,51.44,51.34,51.53,51.63,51.82,52.08,52.11,52.04,52.11,52.04,51.97,52.11,52.23,52.23,52.23,52.20,52.23,52.20,52.08,52.04,51.94,51.82,51.65,51.53,51.44,51.70,51.63,51.68,51.70,51.65,51.82,51.89,52.01,52.06,52.11,51.99,51.87,51.87,51.82,51.89,51.99,51.99,52.11,52.04,51.87,51.70,51.82,52.13,51.85,51.89,51.87,51.85,51.97,51.77,51.77,51.85,52.11,52.32,52.54,52.83,53.09,53.23,53.38,53.52,53.66,53.83,54.09,54.28,54.45,54.62,55.12,54.95,53.71,52.95,54.90,53.76,52.04,53.23,55.24,55.36,55.19,55.31,55.24,55.14,54.88,54.40,53.90,53.52,52.97,52.59,52.01,51.36,50.24,49.14,48.61,48.49,48.46,48.58,49.14,49.61,49.78,49.85,49.97,49.83,49.78,49.75,49.56,49.39,49.22,49.09,48.95,48.56,48.41,48.22,48.29,48.22,48.12,48.02,47.90,47.95,48.14,48.12,48.07,47.97,47.71,47.38,47.56,47.41,47.43,47.75,47.83,48.14,48.29,48.34,48.53,48.36,48.07,48.05,48.02,48.14,48.39,48.83,49.19,49.39,49.53,49.58,49.51,49.36,49.22,49.17,49.05,49.02,48.90,49.19,49.00,48.78,48.85,49.83,50.70,49.56,48.83,48.34,48.22,48.53,48.80,49.22,49.17,49.36,49.95,50.63,50.68,50.87,51.14,51.24,51.51,51.31,51.14,51.36,51.63,51.97,52.04,52.20,52.20,52.20,52.13,52.20,51.87,51.63,51.29,51.14,50.78,50.27,49.88,49.83,50.24,50.85,51.00,51.29,51.34,51.65,51.80,51.85,52.18,52.56,52.95,53.33,53.69,53.95,54.21,54.62,54.90,54.98,55.12,55.36,55.86,56.07,56.35,56.63,56.91,57.66,59.19,60.81,61.80,62.22,62.35,62.45,62.51,62.49,62.47,62.56,62.47,62.56,62.58,62.49,62.54,62.54,62.56,62.45,62.47,62.54,62.49,62.54,62.51,62.40,62.40,62.33,62.15,61.73,61.92,61.60,60.97,60.97,60.95,61.02,60.88,60.81,60.84,-327.68,
-327.68,59.07,59.07,59.37,59.84,59.96,60.03,60.01,60.03,60.10,60.01,59.96,60.10,60.19,60.38,60.47,60.42,60.47,60.63,61.18,61.48,61.41,61.64,61.73,61.82,61.66,61.16,60.86,60.52,60.40,60.33,60.35,60.33,60.33,60.35,60.40,60.33,60.22,60.17,60.17,60.15,60.22,60.24,60.29,60.19,60.22,60.15,60.31,60.17,60.24,60.15,60.22,59.82,57.99,57.34,57.01,56.89,56.40,55.07,54.83,54.93,54.93,55.05,55.24,54.98,54.57,54.33,54.19,54.02,53.38,53.30,53.42,53.23,53.38,53.09,53.09,52.80,52.49,52.32,52.28,51.97,51.61,51.31,50.97,50.41,50.24,50.58,50.90,51.39,51.94,52.25,52.32,52.66,52.40,52.51,52.49,52.51,52.42,52.83,52.85,52.97,52.97,53.11,53.14,53.06,52.99,52.68,52.54,52.11,51.97,52.13,52.18,52.06,52.11,52.16,52.01,52.01,51.99,51.80,51.75,51.65,51.46,51.22,50.92,50.95,50.97,50.92,51.22,51.48,51.65,51.70,51.80,52.01,52.01,52.04,51.94,51.94,52.11,52.13,52.06,52.13,52.08,51.87,51.73,51.63,51.48,51.34,51.22,51.02,51.14,51.31,51.39,51.34,51.46,51.56,51.75,51.82,51.89,51.82,51.87,51.75,51.80,51.77,51.82,51.87,51.94,52.13,52.04,51.89,51.77,51.82,51.99,51.53,51.70,51.65,51.56,51.58,51.31,51.17,51.48,51.85,52.30,52.54,52.85,53.14,53.30,53.38,53.54,53.64,53.83,53.95,54.14,54.33,54.59,55.14,54.88,53.52,52.37,54.64,53.47,51.68,52.97,55.05,55.17,54.95,55.12,55.00,54.93,54.55,54.02,53.40,53.02,52.47,52.25,51.56,51.05,50.02,49.00,48.41,48.27,48.19,48.19,48.58,49.05,49.24,49.14,49.44,49.61,49.85,49.66,49.02,48.85,48.58,48.39,48.31,48.12,47.80,47.73,47.83,47.90,47.83,47.75,47.75,47.68,47.53,47.51,47.68,47.53,47.29,47.24,47.24,46.86,47.24,47.48,47.88,48.17,48.22,48.46,48.41,48.17,47.66,47.78,47.88,47.83,48.12,48.49,48.85,49.07,49.19,49.24,49.07,48.80,48.53,48.34,48.44,48.34,48.41,48.83,48.41,48.22,48.00,48.63,49.63,48.97,48.34,47.88,47.68,47.73,48.36,48.83,48.41,48.41,48.80,49.66,49.92,50.41,50.83,51.02,51.05,50.85,50.56,50.58,51.02,51.41,51.73,51.77,51.94,52.01,51.97,51.89,51.70,51.41,50.80,50.41,49.83,49.17,48.75,49.07,49.63,50.41,50.58,50.78,51.17,51.68,51.65,51.39,51.75,52.11,52.49,52.85,53.45,53.71,53.97,54.47,55.00,55.41,55.53,55.72,56.00,56.14,56.14,56.40,56.70,57.36,59.26,61.18,62.01,62.24,62.38,62.40,62.38,62.38,62.45,62.51,62.47,62.54,62.49,62.51,62.49,62.40,62.54,62.49,62.31,62.40,62.40,62.40,62.35,62.38,62.28,61.89,61.53,61.18,61.39,61.23,60.84,61.02,60.93,61.07,61.00,60.91,60.86,-327.68,
-327.68,59.28,59.23,59.59,60.05,60.08,60.19,60.15,60.17,60.19,60.15,60.08,60.12,60.29,60.29,60.26,60.22,60.26,60.35,60.77,60.95,61.37,61.39,61.64,61.73,61.62,61.30,60.86,60.58,60.47,60.35,60.33,60.33,60.29,60.33,60.35,60.29,60.17,60.19,60.10,60.22,60.19,60.24,60.19,60.05,60.15,60.05,60.17,60.05,60.10,60.03,60.01,59.68,57.78,57.15,56.87,56.70,56.31,56.26,56.05,55.86,55.57,55.41,55.12,54.62,54.14,53.97,53.76,53.76,53.66,53.66,53.52,53.35,53.33,52.97,52.68,52.40,52.23,52.06,51.99,51.80,51.44,51.00,50.05,49.39,49.36,50.07,50.51,50.95,51.61,52.04,52.32,52.42,52.25,52.42,52.30,52.23,52.32,52.54,52.73,52.78,52.59,52.61,52.78,52.68,52.61,52.42,52.18,51.61,51.44,51.70,51.80,51.65,51.73,51.61,51.53,51.48,51.56,51.53,51.31,51.07,50.73,50.44,50.09,50.14,50.36,50.41,50.78,50.78,51.05,51.22,51.46,51.65,51.75,51.73,51.80,51.94,52.04,51.94,51.97,51.97,51.94,51.75,51.48,51.26,51.07,50.80,50.58,50.44,50.48,50.73,50.78,50.80,51.00,51.31,51.51,51.65,51.68,51.58,51.56,51.51,51.51,51.53,51.53,51.63,51.77,51.99,51.99,51.87,51.75,51.73,51.58,51.31,51.34,51.24,51.29,51.14,50.83,50.58,51.07,51.68,52.25,52.54,52.83,53.14,53.26,53.28,53.28,53.47,53.71,53.81,54.09,54.16,54.50,54.98,54.64,53.28,51.41,54.33,53.16,51.31,52.73,54.98,55.05,54.88,55.00,54.86,54.57,54.16,53.54,52.78,52.08,51.89,51.73,51.17,50.63,49.70,48.85,48.29,48.05,47.90,47.78,48.00,48.31,48.44,48.46,48.73,49.05,49.63,49.31,48.46,48.19,48.07,47.71,47.73,47.48,47.31,47.16,47.24,47.51,47.68,47.71,47.66,47.53,47.36,47.26,47.36,47.34,47.06,46.69,46.76,46.59,46.94,47.43,47.80,47.90,48.31,48.56,47.78,47.19,47.31,47.26,47.29,47.48,47.90,48.05,48.39,48.78,48.92,49.02,48.80,48.31,47.71,47.58,47.66,47.73,48.05,48.36,47.92,47.75,47.48,47.90,48.56,48.53,48.05,47.66,47.63,47.56,47.53,47.90,48.00,47.83,48.10,48.85,49.14,49.70,50.17,50.53,50.78,50.68,50.27,50.12,50.53,50.90,51.29,51.31,51.48,51.70,51.68,51.53,51.29,50.83,50.22,49.61,48.92,48.46,48.29,48.36,48.90,49.80,50.27,50.80,51.65,51.65,51.34,50.66,50.90,51.44,51.63,52.20,53.23,53.57,53.95,54.50,55.00,55.48,55.62,55.76,55.86,55.98,56.05,56.33,56.54,57.38,59.37,61.25,62.08,62.26,62.35,62.33,62.24,62.28,62.40,62.45,62.47,62.51,62.51,62.45,62.42,62.33,62.49,62.40,62.45,62.35,62.40,62.31,62.15,61.99,61.73,61.20,60.97,60.93,61.04,61.09,60.91,61.04,61.04,60.91,61.02,61.04,61.04,-327.68,
-327.68,59.61,59.42,59.91,60.05,60.05,60.19,60.22,60.29,60.22,60.24,60.22,60.19,60.24,60.33,60.24,60.12,60.05,60.24,60.47,60.70,61.11,61.32,61.64,61.82,61.66,61.41,61.04,60.68,60.49,60.40,60.33,60.33,60.33,60.33,60.33,60.29,60.24,60.22,60.22,60.26,60.26,60.22,60.22,60.15,60.08,60.05,60.05,59.98,60.01,59.89,59.84,59.52,57.69,56.96,56.52,56.33,56.14,56.14,55.91,55.65,55.53,55.38,54.95,54.45,53.92,53.69,53.42,53.40,53.33,53.30,53.18,53.11,52.99,52.63,52.30,52.16,51.99,51.89,51.73,51.53,51.05,50.27,49.12,48.63,48.70,49.14,49.83,50.58,51.12,51.68,51.75,51.87,51.97,51.85,51.68,51.87,51.94,52.23,52.08,52.20,52.20,52.30,52.28,52.23,52.20,52.16,51.77,51.36,51.24,51.46,51.51,51.36,51.29,51.12,51.07,51.14,51.24,51.14,50.75,50.41,50.19,50.19,49.92,50.07,50.34,50.63,50.80,50.80,50.75,51.00,51.53,51.73,51.70,51.80,51.82,51.75,51.97,52.01,52.11,52.13,52.06,51.80,51.44,51.07,50.80,50.46,50.00,49.85,50.00,50.14,50.14,50.07,50.53,50.92,51.24,51.41,51.44,51.31,51.22,51.24,51.19,51.17,51.24,51.36,51.56,51.73,51.89,51.77,51.53,51.51,51.36,51.14,51.12,51.02,51.05,51.00,50.53,50.27,50.80,51.53,52.13,52.51,52.83,53.09,53.09,53.06,53.16,53.26,53.54,53.69,53.92,54.04,54.40,54.90,54.43,53.18,51.12,53.90,52.80,50.95,52.49,54.83,55.00,54.79,54.79,54.62,54.09,53.73,52.99,52.18,51.48,51.51,51.26,50.80,50.17,49.31,48.61,48.10,47.68,47.61,47.48,47.41,47.51,47.61,48.05,48.31,48.83,49.19,48.51,47.88,47.88,47.58,47.24,47.09,46.79,46.74,46.66,46.74,47.09,47.46,47.68,47.68,47.58,47.56,47.63,47.66,47.48,47.14,46.56,46.46,46.44,46.94,47.29,47.46,47.78,48.36,47.46,46.61,46.69,46.79,46.59,46.66,46.99,47.29,47.66,48.14,48.61,48.78,48.88,48.61,47.90,47.26,47.11,47.16,47.21,47.56,47.63,47.63,47.95,47.90,48.05,48.22,48.41,47.88,47.36,46.96,46.94,47.16,47.19,47.16,47.53,47.83,48.36,48.46,48.90,49.53,50.12,50.58,50.44,49.88,49.63,49.85,50.36,50.63,50.80,51.12,51.29,51.19,51.14,50.87,50.31,49.58,48.75,48.27,47.92,48.02,48.05,48.63,49.46,50.12,51.26,51.53,51.07,50.41,50.00,50.19,50.56,50.48,51.46,52.99,53.42,53.83,54.45,55.05,55.45,55.60,55.67,55.84,55.86,56.16,56.38,56.54,57.34,59.28,61.18,61.96,62.15,62.19,62.26,62.28,62.33,62.38,62.35,62.38,62.45,62.42,62.38,62.33,62.31,62.31,62.35,62.26,62.31,62.15,62.01,61.64,61.27,61.04,60.95,60.91,60.88,60.93,61.02,60.91,61.04,60.95,61.02,61.02,61.04,61.07,-327.68,
-327.68,59.68,59.61,59.75,59.91,60.10,60.19,60.31,60.38,60.35,60.40,60.42,60.40,60.33,60.35,60.31,60.19,60.17,60.17,60.33,60.47,60.95,61.30,61.64,62.01,61.87,61.64,61.23,60.86,60.58,60.40,60.35,60.33,60.29,60.35,60.38,60.33,60.19,60.19,60.19,60.31,60.19,60.17,60.05,60.15,60.12,60.05,60.05,59.98,59.91,59.75,59.77,59.26,57.52,56.77,56.35,56.19,56.02,55.81,55.65,55.62,55.53,55.31,54.90,54.38,53.78,53.30,53.02,52.97,52.92,52.87,52.85,52.80,52.51,52.13,51.82,51.87,51.73,51.65,51.36,51.14,50.44,49.34,48.44,48.14,48.22,48.61,49.36,50.14,50.73,51.22,51.41,51.39,51.24,51.26,51.17,51.44,51.58,51.89,51.94,51.94,51.89,52.01,51.94,51.70,51.80,51.94,51.63,51.46,51.44,51.46,51.41,51.17,50.95,50.92,50.85,50.92,50.97,50.85,50.56,50.14,50.00,50.14,50.31,50.51,50.92,51.19,51.46,51.53,51.29,51.53,51.82,51.77,51.68,51.51,51.63,51.63,51.73,51.87,52.04,52.18,52.08,51.77,51.39,50.92,50.48,49.92,49.36,49.02,49.36,49.53,49.61,49.63,50.09,50.56,50.95,51.17,51.12,50.90,50.66,50.58,50.63,50.70,51.00,51.14,51.31,51.51,51.68,51.63,51.31,51.00,50.87,50.85,50.83,50.80,50.83,50.83,50.58,50.41,50.66,51.41,52.06,52.49,52.68,52.85,52.90,52.87,52.78,52.83,53.16,53.57,53.85,54.04,54.28,54.90,54.33,53.09,51.34,53.59,52.51,50.66,52.28,54.57,54.79,54.47,54.43,54.09,53.66,53.11,52.37,51.73,51.14,51.02,51.02,50.41,49.34,48.70,48.17,47.83,47.38,47.31,47.24,46.89,46.89,47.14,47.66,47.97,48.29,48.36,47.95,47.63,47.41,46.37,45.97,46.02,46.46,46.44,46.46,46.66,47.01,47.46,47.66,47.63,47.48,47.80,48.05,48.17,48.02,47.51,46.94,46.22,46.02,46.54,46.84,47.46,47.63,47.29,46.41,46.49,46.54,46.81,46.61,45.74,45.30,45.64,46.61,48.05,48.70,48.78,48.78,48.46,47.90,47.11,46.84,46.89,46.79,47.09,47.31,47.80,48.10,48.24,48.12,48.24,48.27,47.97,47.56,47.16,47.53,46.96,46.89,46.81,46.96,47.58,47.83,47.95,48.31,48.95,49.73,50.31,49.75,48.46,48.02,48.10,48.61,49.27,50.39,50.78,50.78,50.78,50.68,50.24,49.31,48.56,48.12,47.83,47.63,47.73,47.95,48.68,49.41,50.09,51.00,50.97,50.56,49.92,49.41,49.34,49.61,49.51,51.00,52.68,53.38,53.69,54.26,54.95,55.41,55.53,55.45,55.53,55.67,55.91,56.21,56.75,57.62,59.28,61.09,61.87,62.05,62.15,62.19,62.26,62.33,62.33,62.28,62.33,62.38,62.42,62.38,62.26,62.26,62.26,62.15,62.08,62.03,61.73,61.30,61.00,60.88,60.88,60.86,60.91,60.91,60.93,61.04,60.91,61.04,61.00,61.04,61.04,61.00,61.00,-327.68,
-327.68,59.56,59.68,59.52,59.82,60.01,60.22,60.31,60.33,60.49,60.61,60.65,60.63,60.65,60.79,60.63,60.33,60.29,60.29,60.40,60.72,60.95,61.53,61.92,62.12,62.08,61.92,61.53,61.09,60.77,60.52,60.40,60.33,60.29,60.33,60.33,60.33,60.33,60.38,60.12,60.22,60.19,60.19,60.17,60.05,60.10,60.05,60.03,59.91,59.77,59.70,59.59,59.09,57.36,56.59,56.21,56.00,55.69,55.45,55.43,55.33,55.41,55.33,55.00,54.35,53.52,52.73,52.23,52.32,52.32,52.40,52.49,52.35,52.01,51.46,51.31,51.39,51.39,51.31,51.00,50.68,49.88,48.63,48.05,47.83,47.88,48.31,48.97,49.70,50.44,50.75,50.85,51.00,50.83,50.53,50.51,50.83,51.31,51.53,51.68,51.97,52.06,51.97,51.77,51.53,51.53,51.31,51.12,50.95,50.97,50.78,50.97,51.24,51.00,50.90,50.75,50.73,50.66,50.39,50.27,50.05,49.97,50.09,50.24,50.61,50.90,51.31,51.56,51.39,51.26,51.70,51.44,51.51,50.66,49.83,49.70,49.78,49.78,50.63,51.26,51.61,51.41,51.12,50.41,49.80,48.92,47.90,47.61,47.61,47.90,48.53,48.85,49.24,49.73,50.19,50.66,50.90,50.87,49.90,48.92,48.78,48.92,49.27,50.58,51.22,51.02,51.29,51.56,51.48,51.19,50.44,49.44,49.83,49.36,49.63,49.83,50.17,50.46,50.61,50.68,51.31,51.97,52.37,52.37,51.99,51.75,51.73,51.51,51.89,52.32,53.28,53.76,53.92,54.12,54.86,54.40,53.11,51.14,53.54,52.59,50.44,52.01,54.43,54.74,54.28,54.19,53.76,53.11,51.53,50.19,49.78,49.41,49.90,50.51,49.83,48.73,48.12,47.66,47.36,46.91,46.79,46.69,46.49,46.54,46.91,47.41,47.71,48.00,48.05,48.05,47.92,47.16,45.44,44.85,45.35,46.74,47.21,47.26,47.16,47.11,47.26,47.46,47.58,47.66,48.17,48.51,48.29,48.27,48.02,47.38,45.79,44.77,45.49,46.34,47.06,46.74,46.89,46.39,46.27,46.32,46.69,46.86,46.41,45.57,45.20,46.49,48.39,48.90,48.56,48.49,48.19,48.00,47.26,46.89,46.71,46.51,46.81,47.26,47.80,48.05,48.17,47.95,48.12,48.07,48.24,48.19,48.41,48.68,48.00,47.01,46.74,47.06,47.41,47.63,47.92,48.34,49.00,49.83,50.41,49.41,46.74,45.62,45.64,46.49,48.05,50.14,50.53,50.44,50.44,50.31,49.58,48.39,47.88,47.63,47.51,47.36,47.51,48.22,48.92,49.27,49.78,50.51,50.53,49.90,49.22,48.53,48.39,48.56,48.75,50.70,52.49,53.23,53.64,54.21,54.79,54.93,54.98,55.07,55.00,55.26,55.65,56.21,56.52,57.64,59.61,61.02,61.89,62.12,62.26,62.19,62.12,62.26,62.26,62.26,62.28,62.28,62.31,62.28,62.24,62.15,62.26,62.08,61.80,61.43,61.11,61.07,60.93,60.95,60.93,60.97,61.00,61.02,61.09,61.09,61.00,61.14,61.04,61.23,61.04,61.09,61.09,-327.68,
-327.68,59.49,59.49,59.52,59.70,59.89,60.08,60.22,60.29,60.47,60.68,60.77,60.84,60.91,60.95,60.72,60.65,60.38,60.49,60.70,60.86,61.48,61.94,62.35,62.54,62.45,62.17,61.82,61.41,61.00,60.68,60.45,60.40,60.33,60.31,60.31,60.31,60.24,60.29,60.22,60.24,60.24,60.22,60.08,60.10,60.08,60.08,59.96,59.94,59.75,59.70,59.52,58.95,57.64,56.70,56.05,55.69,55.41,55.05,54.93,54.98,55.24,55.31,54.98,54.21,53.28,52.51,52.01,51.87,51.70,51.68,51.89,51.63,51.22,50.87,50.75,50.92,51.05,50.95,50.68,50.27,49.31,48.17,47.61,47.63,47.73,48.29,48.90,49.58,50.22,50.44,50.44,50.00,49.41,49.41,49.31,49.29,49.27,49.05,51.22,51.70,51.70,51.63,51.53,51.39,50.83,49.41,48.49,48.44,48.56,48.49,49.44,51.14,50.95,50.70,50.46,50.22,49.83,49.00,48.68,48.70,48.44,48.22,48.39,49.12,50.05,50.46,50.73,50.68,50.61,50.68,50.44,50.41,47.66,46.64,46.81,46.64,46.81,48.68,50.31,50.73,50.53,50.07,49.31,48.53,47.24,46.29,46.49,46.84,47.14,47.90,48.46,49.00,49.27,49.83,50.34,50.48,50.48,48.83,47.46,47.41,47.71,48.29,49.51,50.87,50.95,51.07,51.41,51.53,51.31,50.39,48.31,48.56,47.88,48.14,48.51,49.00,49.83,50.63,50.73,51.31,51.89,52.30,52.23,51.31,50.22,49.88,50.14,51.24,51.22,53.06,53.59,53.85,54.00,54.83,54.57,53.06,50.80,53.42,52.49,50.09,51.80,54.35,54.74,54.33,54.21,53.69,52.92,50.00,48.12,47.92,47.90,49.17,50.34,49.73,48.73,48.12,47.56,47.16,46.61,46.46,46.41,46.34,46.29,46.69,47.48,47.71,48.02,48.19,48.24,48.05,47.16,44.97,44.85,45.59,47.46,47.68,47.63,47.48,47.24,47.24,47.41,47.75,48.24,48.41,48.44,48.34,48.36,48.31,48.07,46.61,44.18,44.40,45.32,45.79,45.99,46.17,46.09,46.44,46.54,46.76,47.19,47.41,47.09,46.27,47.29,48.85,48.75,48.29,48.36,48.29,48.07,47.53,46.96,46.56,46.61,47.06,47.46,47.88,47.97,48.07,48.02,48.10,48.19,48.34,48.36,48.56,49.27,48.92,47.16,46.91,47.41,47.97,48.12,48.05,48.39,49.17,50.02,50.36,48.51,45.57,44.80,45.07,46.24,48.70,50.19,50.51,50.36,50.36,50.07,49.29,48.12,47.46,47.46,47.46,47.26,47.41,47.97,48.53,49.00,49.41,49.80,49.68,49.05,48.29,47.66,47.48,47.66,48.73,50.80,52.23,53.04,53.45,54.07,53.76,52.13,51.99,52.11,52.35,53.66,55.31,56.24,56.49,57.50,59.37,61.25,62.01,62.05,62.08,62.15,62.15,62.19,62.15,62.19,62.24,62.26,62.26,62.24,62.17,61.94,61.99,61.53,61.25,61.11,61.09,61.16,60.95,61.02,61.04,61.14,61.11,61.18,61.18,61.09,61.09,61.20,61.14,61.23,61.07,61.16,61.18,-327.68,
-327.68,59.59,59.63,59.56,59.68,59.68,59.91,60.03,60.19,60.38,60.65,60.86,60.97,61.09,61.11,61.04,60.84,60.79,60.70,60.95,61.32,62.17,62.42,62.81,62.95,62.90,62.61,62.28,61.87,61.32,60.91,60.54,60.47,60.38,60.31,60.29,60.19,60.29,60.31,60.12,60.33,60.19,60.38,60.19,60.08,60.10,60.03,59.96,59.96,59.77,59.73,59.52,59.05,57.64,56.54,55.79,55.48,54.95,54.64,54.40,54.09,53.95,54.24,54.57,54.24,53.42,52.63,52.01,51.19,50.19,49.68,49.80,49.36,49.68,49.88,50.19,50.58,50.70,50.39,49.83,49.29,48.29,47.51,47.19,47.36,47.66,48.12,48.88,49.63,50.05,50.17,49.95,48.58,47.26,46.71,47.56,46.89,47.19,47.31,50.70,51.46,51.48,51.14,51.34,51.36,50.24,47.61,46.66,46.56,46.69,46.79,48.34,50.80,50.75,50.31,49.95,49.58,49.12,48.51,48.34,48.58,48.17,47.41,47.78,48.95,49.97,50.51,50.70,50.78,50.58,50.07,49.56,47.58,46.02,45.57,45.97,46.04,46.66,48.07,49.92,50.41,50.41,49.97,49.07,48.17,47.24,46.29,46.37,46.79,47.01,47.73,48.29,48.83,49.12,49.53,50.14,50.27,50.34,49.14,47.11,46.39,46.34,47.63,49.09,50.12,50.63,51.00,51.44,51.61,51.46,50.66,48.29,47.61,47.06,47.01,47.63,47.90,49.07,50.44,50.63,51.26,51.87,52.28,52.08,50.53,49.75,49.68,49.92,50.85,50.48,52.87,53.52,53.78,54.09,54.81,54.47,53.06,50.41,52.75,52.13,49.80,51.61,54.35,54.76,54.43,54.09,53.69,53.06,49.68,47.63,47.58,47.61,48.49,50.58,50.09,49.29,48.63,47.92,47.19,46.56,46.56,46.69,46.51,46.27,46.17,47.53,47.90,48.19,48.41,48.34,48.02,47.38,45.05,45.10,45.94,47.73,48.00,47.90,47.58,47.16,47.06,47.46,48.12,48.34,48.39,48.56,48.44,48.56,48.34,48.17,47.14,44.13,44.25,44.97,45.54,46.04,46.37,46.59,46.74,46.96,47.11,47.21,46.86,46.32,46.24,47.24,48.85,48.80,48.34,48.51,48.49,48.19,47.66,46.61,46.51,46.91,47.26,47.73,48.07,48.12,48.12,48.24,48.12,48.27,48.27,48.44,48.44,48.14,48.36,47.16,47.41,48.07,48.61,48.90,48.58,48.85,49.58,49.97,48.85,46.02,44.67,45.00,45.67,47.58,49.36,50.34,50.63,50.56,50.51,50.00,48.95,47.78,47.53,47.78,47.58,47.26,47.29,47.71,48.36,48.85,49.00,49.00,48.78,48.51,48.39,47.71,46.96,47.06,48.41,50.63,52.16,52.83,53.23,53.90,52.80,49.51,49.00,49.41,49.75,52.16,55.02,55.86,56.31,57.36,59.35,61.14,61.92,61.99,62.01,62.08,62.03,62.17,62.15,62.17,62.19,62.19,62.19,62.05,61.82,61.53,61.37,61.04,61.07,61.00,61.04,61.09,61.16,61.07,61.09,61.18,61.16,61.11,61.11,61.07,61.09,61.18,61.18,61.25,61.16,61.18,61.18,-327.68,
-327.68,59.59,59.63,59.59,59.66,59.66,59.77,59.91,60.05,60.22,60.47,60.75,61.00,61.30,61.32,61.20,61.02,60.97,60.91,61.18,61.64,62.38,62.81,63.18,63.29,63.25,63.13,62.84,62.38,61.76,60.91,60.35,60.22,60.19,60.19,60.29,60.19,60.26,60.38,60.33,60.26,60.26,60.24,60.29,60.12,60.12,60.05,59.94,59.98,59.77,59.70,59.59,59.07,57.71,56.40,55.53,55.17,54.43,53.16,51.77,50.78,50.78,52.44,54.07,54.12,53.52,52.87,52.18,51.14,49.88,48.88,48.68,48.83,48.70,49.09,49.83,50.31,50.41,49.88,48.95,47.97,47.01,46.56,46.76,47.36,47.41,47.97,49.07,49.92,50.24,50.17,49.78,48.31,47.26,46.24,45.94,45.87,46.37,47.71,50.63,51.29,51.48,51.19,51.39,51.31,50.44,47.51,46.51,46.39,46.39,46.49,48.34,50.63,50.46,50.12,49.68,49.29,49.00,48.29,47.90,47.46,46.27,46.32,47.19,48.70,49.88,50.44,50.68,50.83,50.36,50.00,49.05,46.69,45.92,45.25,45.47,46.32,46.69,48.12,50.05,50.34,50.22,49.68,48.83,48.00,47.26,46.69,46.56,46.66,46.89,47.63,48.41,48.78,48.83,49.22,49.95,50.19,50.05,49.00,46.61,45.57,45.05,46.46,48.68,49.46,50.22,50.78,51.31,51.61,51.53,50.80,48.46,47.41,46.79,46.69,46.69,46.99,48.56,50.22,50.41,51.19,51.89,52.32,51.82,49.68,50.05,51.14,50.78,50.73,50.41,52.68,53.45,53.76,54.09,54.81,54.38,52.35,50.07,52.37,51.94,49.46,51.41,54.21,54.69,54.26,53.88,53.54,52.99,49.83,47.90,47.75,47.63,49.00,50.80,50.48,49.80,49.19,48.39,47.26,46.27,46.49,47.14,47.14,46.96,46.69,47.68,48.05,48.34,48.36,48.24,48.12,47.26,45.20,45.05,45.94,47.53,48.19,48.22,47.63,47.06,47.31,47.97,48.34,48.53,48.44,48.53,48.46,48.39,48.24,48.12,47.41,44.57,44.90,46.02,46.64,47.24,47.06,46.69,46.96,47.24,47.36,47.31,46.64,45.59,45.10,45.94,47.92,48.56,48.36,48.63,48.68,48.39,47.66,45.54,46.07,47.11,47.63,47.97,48.31,48.36,48.36,48.56,48.41,48.44,48.51,47.56,45.79,46.07,46.39,46.37,47.90,49.00,49.83,49.92,48.73,48.56,49.24,49.36,47.68,45.44,45.15,46.37,47.73,48.49,49.19,50.19,50.78,50.75,50.66,50.17,49.02,48.36,48.22,47.97,47.66,47.46,47.61,48.19,48.78,49.00,49.00,48.92,48.56,48.75,48.92,47.83,46.91,47.09,48.31,50.07,51.36,52.20,52.56,53.54,52.56,49.22,48.51,48.85,48.92,51.58,54.86,55.79,56.14,57.24,59.09,60.93,61.87,61.96,61.99,62.12,62.12,62.15,62.12,62.12,62.12,62.03,61.92,61.71,61.37,61.07,61.09,61.09,61.00,61.11,61.18,61.23,61.09,61.30,61.25,61.30,61.25,61.16,61.11,61.09,61.11,61.20,61.23,61.39,61.23,61.25,61.25,-327.68,
-327.68,59.68,59.66,59.63,59.73,59.73,59.73,59.82,59.98,60.12,60.29,60.52,60.81,61.25,61.64,61.46,61.27,61.27,61.30,61.39,61.92,62.70,63.16,63.41,63.55,63.59,63.55,63.32,62.81,61.66,60.63,60.22,60.05,60.10,60.15,60.19,60.29,60.24,60.33,60.19,60.35,60.29,60.31,60.15,60.24,60.12,60.12,60.10,60.03,59.87,59.77,59.61,59.12,57.71,56.38,55.45,54.90,53.83,51.70,50.24,50.17,50.63,52.37,54.07,54.28,53.78,52.97,52.13,50.78,49.66,49.19,48.78,48.46,48.19,48.75,49.63,50.09,50.24,50.00,49.00,47.61,46.59,46.22,46.29,46.91,46.94,47.63,49.00,49.80,50.19,50.19,49.75,48.07,47.09,46.81,46.61,46.34,46.27,47.63,50.68,51.48,51.53,51.34,51.56,51.56,51.07,49.07,46.44,46.44,46.32,46.37,48.31,50.56,50.27,49.92,49.66,49.39,49.09,48.07,46.94,46.07,45.74,45.97,46.49,48.24,49.56,50.12,50.66,50.78,50.63,50.05,48.78,46.07,45.32,45.12,45.84,46.99,47.73,48.63,50.14,50.39,50.22,49.85,49.09,48.17,47.11,46.02,46.22,46.96,47.51,47.11,47.88,48.34,48.17,48.97,49.70,50.05,49.95,48.49,46.94,45.59,44.65,45.35,47.71,49.53,50.31,50.90,51.31,51.61,51.53,50.92,48.75,47.88,47.14,46.99,46.17,46.69,48.68,50.53,50.58,51.29,51.97,52.37,51.63,49.88,50.56,50.80,50.39,50.36,50.56,52.68,53.45,53.78,54.16,54.76,54.43,52.28,49.70,51.82,51.94,49.19,51.61,54.04,54.67,54.24,53.85,53.45,52.92,50.07,48.22,48.05,49.22,50.66,51.17,50.68,49.92,49.12,48.24,47.56,46.27,45.82,47.01,47.51,47.46,47.36,47.75,48.00,48.36,48.29,48.12,47.88,47.31,45.00,44.90,45.52,46.91,48.24,48.12,47.21,47.16,47.97,48.53,48.61,48.56,48.39,48.36,48.34,48.19,48.27,47.90,46.91,45.74,46.91,47.38,47.66,47.56,47.01,46.22,46.61,47.16,47.38,47.41,47.29,46.22,44.92,45.44,47.24,48.05,48.14,48.36,48.41,48.27,46.91,44.82,45.52,47.16,47.46,47.73,48.44,48.68,48.70,48.90,48.75,48.73,48.31,46.49,45.54,45.92,45.74,45.99,47.90,49.27,50.02,49.78,48.51,48.58,49.24,49.58,48.14,46.66,47.24,49.00,49.41,48.78,48.63,50.02,50.87,50.90,50.87,50.48,49.56,48.97,48.36,48.14,48.10,47.92,48.12,48.97,49.46,49.63,49.66,49.41,48.83,48.41,48.31,47.63,46.91,47.21,48.02,48.97,49.97,50.80,51.70,52.56,52.08,49.66,48.85,48.70,48.78,51.17,54.81,55.91,56.07,57.27,59.09,60.91,61.76,61.94,61.87,61.99,62.05,62.01,62.05,62.05,61.96,61.76,61.50,61.30,61.18,61.09,61.07,61.04,61.07,61.18,61.25,61.23,61.16,61.27,61.32,61.18,61.18,61.20,61.11,61.16,61.23,61.23,61.25,61.37,61.23,61.32,-327.68,-327.68,
-327.68,-327.68,59.87,59.77,59.77,59.77,59.82,59.87,59.96,60.05,60.12,60.29,60.49,61.27,62.22,61.80,61.43,61.39,61.53,61.69,62.54,63.18,63.46,63.69,63.80,63.89,63.87,63.48,62.79,61.39,60.40,60.05,59.89,59.91,60.12,60.08,60.19,60.19,60.33,60.26,60.33,60.33,60.31,60.26,60.29,60.19,60.08,60.12,60.03,59.96,59.91,59.68,59.21,57.85,56.59,55.81,55.14,54.02,51.75,50.02,49.75,50.46,52.42,54.00,54.24,53.73,52.85,52.18,51.00,50.02,49.85,49.05,48.56,48.22,48.70,49.56,49.95,50.19,50.12,49.27,47.75,46.59,46.27,46.27,46.41,46.49,47.63,49.14,49.90,50.07,49.90,49.41,48.29,47.46,48.07,48.05,47.26,46.76,47.53,50.83,51.53,51.68,51.58,51.53,51.70,50.78,49.14,46.66,46.39,46.39,46.49,48.44,50.36,50.07,49.85,49.73,49.56,49.22,48.02,46.59,45.94,45.74,45.52,46.24,47.97,49.07,49.51,50.00,50.58,50.61,50.17,48.58,46.51,45.94,45.62,46.24,46.96,47.11,48.41,50.00,50.07,50.00,49.95,49.56,48.41,46.64,45.59,46.51,47.53,47.92,46.76,47.56,48.00,48.14,49.00,49.80,50.07,49.85,48.27,47.38,46.79,46.27,46.22,47.75,50.02,50.85,51.12,51.29,51.53,51.58,51.14,49.41,48.07,47.16,47.26,46.69,47.16,48.90,51.05,51.17,51.63,52.13,52.37,51.53,49.92,49.92,49.00,48.90,49.63,50.73,52.87,53.45,53.83,54.26,54.59,54.38,52.11,49.41,51.44,51.56,48.92,51.34,53.97,54.59,54.14,53.81,53.59,52.97,50.27,48.31,48.85,51.19,51.75,51.51,51.02,50.34,49.41,48.80,48.41,47.01,46.12,46.89,47.71,47.63,47.71,47.73,48.05,48.44,48.53,48.12,47.80,47.19,45.47,45.25,45.57,46.49,47.88,48.12,48.39,49.00,49.09,48.83,48.61,48.44,48.22,48.24,48.14,48.00,48.10,47.11,46.02,47.16,47.75,47.48,47.63,47.56,46.86,45.87,46.12,46.86,47.51,47.63,47.68,47.36,46.02,45.79,46.86,47.63,47.92,48.10,48.27,48.27,47.24,46.24,46.64,47.75,47.63,48.05,48.73,49.09,49.19,49.41,49.41,49.14,48.44,47.51,46.91,46.91,46.79,46.69,47.09,47.78,48.80,49.31,49.09,49.27,49.70,49.80,48.68,47.41,48.27,49.19,49.29,48.51,48.80,50.31,50.97,51.02,50.97,50.44,49.83,49.34,48.85,48.36,48.27,48.02,48.17,49.27,50.09,50.36,50.34,49.97,49.09,48.10,47.46,46.96,47.01,47.63,48.19,48.78,49.36,49.85,50.80,52.08,52.01,49.68,48.75,48.56,49.07,51.70,54.67,55.72,56.12,57.17,59.12,60.77,61.78,61.78,61.87,61.89,61.96,61.92,61.89,61.73,61.64,61.37,61.16,61.09,61.18,61.18,61.16,61.20,61.20,61.23,61.32,61.25,61.16,61.25,61.27,61.32,61.32,61.32,61.20,61.30,61.30,61.27,61.30,61.30,61.18,61.39,-327.68,-327.68,
-327.68,-327.68,59.89,59.87,59.77,59.82,59.89,59.94,60.03,60.12,60.19,60.26,60.65,61.96,62.51,62.19,61.99,61.73,61.73,62.17,63.13,63.75,63.92,63.98,64.05,64.12,64.01,63.71,62.77,60.86,60.19,59.91,59.77,59.82,59.89,60.03,59.94,60.10,60.24,60.31,60.35,60.29,60.33,60.33,60.31,60.19,60.05,60.15,60.10,59.98,59.91,59.73,59.21,58.18,56.80,56.00,55.36,54.04,51.73,49.97,49.56,49.92,51.77,53.97,54.26,53.76,53.18,52.73,51.75,50.19,49.46,49.17,48.78,48.41,48.83,49.70,50.05,50.17,49.83,48.92,47.83,46.91,46.49,46.32,46.29,46.61,47.78,49.07,49.83,50.02,49.75,49.41,48.56,47.53,47.68,48.17,47.41,47.16,47.90,50.39,51.73,51.89,51.87,51.68,51.58,50.31,47.78,46.69,46.49,46.69,46.71,48.73,50.14,49.85,49.88,50.00,49.88,49.41,48.24,46.89,46.69,46.59,45.97,46.46,48.12,49.05,49.41,50.00,50.46,50.58,50.31,48.61,46.94,47.48,47.88,47.75,47.16,47.16,48.75,49.92,49.97,49.97,49.95,49.61,48.70,46.99,46.24,47.14,47.92,48.31,47.16,48.07,48.61,48.73,49.63,50.05,50.31,50.00,48.78,47.78,48.10,47.92,47.83,48.83,50.56,51.19,51.17,51.14,51.51,51.63,51.14,49.51,48.53,48.02,48.34,47.61,47.75,49.34,51.36,51.53,51.85,52.16,52.35,51.58,49.70,49.36,48.53,48.68,49.63,50.73,53.18,53.64,53.92,54.19,54.40,54.09,51.85,49.12,51.02,51.36,48.75,51.24,53.76,54.47,54.09,53.76,53.59,53.02,50.63,48.68,49.27,51.85,51.94,51.56,51.17,50.75,50.14,49.63,49.12,48.12,47.56,47.66,48.02,47.90,47.88,48.02,48.10,49.41,49.53,48.92,48.34,47.90,47.21,47.19,47.16,47.16,47.61,48.51,49.22,49.17,48.97,48.63,48.29,48.27,48.17,48.12,48.02,47.97,47.41,45.92,46.76,47.56,47.63,47.63,47.46,47.26,46.44,45.69,45.84,46.49,47.41,47.78,47.80,47.83,47.41,46.91,47.16,47.63,48.07,48.31,48.53,48.61,48.34,48.10,48.24,48.46,48.61,48.88,49.19,49.63,49.80,50.02,49.90,49.66,49.46,49.29,49.19,49.05,48.95,48.80,48.75,48.97,49.29,49.34,49.41,49.56,49.70,49.80,49.19,48.46,49.29,49.73,49.70,49.51,50.02,50.85,51.14,51.19,50.95,50.51,50.22,49.83,49.41,48.95,48.56,47.95,48.58,50.00,50.70,50.85,50.83,50.58,49.73,48.17,46.91,46.66,47.41,48.24,48.90,49.34,49.63,50.02,51.02,52.23,52.04,49.58,48.44,48.41,49.19,51.58,54.71,55.74,56.14,57.27,59.00,60.52,61.73,61.78,61.78,61.89,61.78,61.66,61.57,61.30,61.25,61.14,61.09,61.14,61.18,61.20,61.25,61.25,61.25,61.20,61.39,61.43,61.46,61.32,61.41,61.30,61.30,61.32,61.30,61.32,61.37,61.39,61.32,61.30,61.25,61.32,-327.68,-327.68,
-327.68,-327.68,59.96,59.89,59.82,59.84,59.91,59.96,60.05,60.19,60.22,60.40,61.02,62.49,63.02,62.28,61.92,61.92,62.08,62.95,63.78,64.12,64.21,64.24,64.26,64.24,64.14,63.66,62.15,60.61,60.17,59.91,59.84,59.73,59.96,59.82,59.98,60.03,60.08,60.19,60.15,60.31,60.35,60.38,60.33,60.19,60.19,60.33,60.19,60.01,59.91,59.77,59.23,58.25,57.13,56.02,55.45,54.09,51.77,50.17,49.73,49.80,51.48,54.00,54.12,53.73,53.45,53.06,51.82,49.95,48.95,48.73,48.61,48.46,49.19,50.09,50.24,50.07,49.36,48.27,47.58,47.11,46.69,46.56,46.69,47.24,47.97,48.85,49.56,50.05,50.22,49.88,48.56,47.31,47.06,47.53,47.46,47.58,48.44,50.56,51.46,51.89,52.01,51.87,51.75,50.46,48.12,48.12,47.92,48.05,48.12,49.19,50.12,49.88,50.14,50.41,50.34,49.95,48.88,48.02,48.19,48.07,47.83,47.68,48.78,49.51,49.85,50.31,50.58,50.53,50.14,48.97,47.36,47.58,47.90,48.34,48.12,48.29,49.09,50.19,50.09,50.19,50.12,49.83,49.27,48.58,48.24,48.31,48.36,48.53,48.31,48.78,49.22,49.63,49.95,50.41,50.44,50.58,50.58,50.58,50.90,50.83,50.92,51.24,51.48,51.53,51.31,51.24,51.56,51.85,51.75,51.05,50.75,50.56,50.46,49.92,49.97,50.70,51.53,51.56,51.94,52.13,52.32,52.32,51.29,51.29,51.00,51.05,51.46,52.06,53.40,53.66,53.88,54.12,54.14,53.81,51.65,48.85,50.66,50.80,48.49,50.56,53.45,54.19,53.90,53.66,53.42,53.11,51.94,51.02,51.29,52.32,52.08,51.73,51.31,51.05,50.58,50.09,49.66,49.12,48.80,48.36,48.53,48.31,48.27,48.12,48.17,49.56,49.36,48.68,48.44,48.12,48.12,48.00,47.88,47.80,47.90,48.63,49.22,48.80,48.51,48.39,48.22,48.07,47.95,47.97,48.05,47.29,46.27,46.02,47.38,47.63,47.63,47.48,47.26,46.86,45.94,45.57,45.72,46.32,47.38,47.90,47.95,47.92,47.75,47.14,47.29,47.58,48.05,48.51,48.61,48.90,48.78,48.85,48.97,48.97,49.14,49.19,49.46,49.68,50.00,50.09,50.19,50.00,49.88,49.63,49.56,49.44,49.41,49.41,49.46,49.61,49.46,49.39,49.36,49.34,49.58,49.78,49.83,49.97,50.31,50.56,50.75,50.85,50.95,51.12,51.17,51.14,50.80,50.44,50.31,50.17,50.12,49.95,50.17,50.36,50.70,50.97,51.14,51.00,51.02,50.97,50.41,49.05,48.12,48.05,48.56,49.24,49.73,49.95,50.19,50.80,51.87,52.78,51.82,49.75,48.56,48.51,49.39,51.97,54.76,55.72,56.40,57.62,59.00,60.45,61.60,61.80,61.78,61.78,61.57,61.37,61.27,61.25,61.25,61.18,61.20,61.25,61.30,61.37,61.32,61.39,61.43,61.39,61.43,61.32,61.46,61.50,61.41,61.41,61.37,61.27,61.32,61.25,61.30,61.39,61.39,61.30,61.27,61.32,-327.68,-327.68,
-327.68,-327.68,59.82,59.77,59.77,59.89,59.94,60.01,60.05,60.19,60.29,60.61,61.76,63.04,63.34,62.54,62.24,62.12,62.65,63.57,64.19,64.49,64.54,64.42,64.37,64.28,64.05,63.27,61.46,60.47,60.15,59.98,59.84,59.75,59.77,59.87,59.96,59.98,60.01,59.96,60.12,60.19,60.17,60.19,60.24,60.17,60.22,60.31,60.24,60.12,60.01,59.77,59.23,58.41,57.15,56.12,55.65,54.40,52.16,51.07,50.83,50.95,52.32,54.16,54.14,53.92,53.71,53.26,52.18,50.68,50.70,49.95,49.73,49.70,50.02,50.73,50.48,50.00,49.14,48.19,47.63,47.21,47.01,47.01,47.06,47.43,48.02,48.80,49.63,50.24,50.51,50.39,49.75,49.19,49.19,49.63,49.85,50.05,50.48,51.14,51.53,51.94,52.08,51.87,51.85,51.22,50.22,50.07,50.17,50.19,50.12,50.14,50.07,50.07,50.39,50.61,50.58,50.19,49.95,49.73,49.66,49.56,49.51,49.61,49.85,50.17,50.34,50.58,50.58,50.46,50.09,49.85,49.63,49.53,49.56,49.63,49.61,49.73,50.02,50.09,50.19,50.12,49.95,49.90,49.73,49.34,49.07,48.92,48.73,48.73,48.92,49.22,49.51,49.80,50.14,50.44,50.70,50.73,51.05,51.07,51.22,51.44,51.53,51.61,51.63,51.61,51.63,51.70,51.80,51.99,52.13,52.37,52.18,51.85,51.68,51.34,51.46,51.53,51.58,51.48,51.80,52.06,52.16,52.32,52.51,52.49,52.56,52.59,52.87,53.06,53.45,53.64,53.83,53.97,53.95,53.57,51.36,48.53,50.00,50.00,48.12,50.19,52.87,53.88,53.78,53.71,53.59,53.30,52.87,52.54,52.59,52.54,52.32,51.87,51.48,51.14,50.56,50.00,49.63,49.31,48.92,48.53,48.68,48.44,48.39,48.29,48.19,48.78,48.63,48.34,48.22,48.00,48.07,48.17,48.17,48.10,48.14,48.51,49.05,48.78,48.41,48.19,48.05,47.95,47.90,47.80,47.73,47.26,47.36,47.24,47.58,47.51,47.46,47.21,46.94,46.44,45.74,45.49,45.57,46.17,47.16,47.73,47.90,47.95,47.78,46.94,47.11,47.29,47.83,48.34,48.61,48.90,48.92,49.09,49.12,49.12,49.19,49.19,49.41,49.70,50.12,50.17,50.19,50.31,50.02,49.80,49.41,49.07,48.97,48.95,49.12,49.36,49.29,49.09,49.00,49.00,49.09,49.22,49.46,49.90,50.31,50.58,50.78,50.95,50.97,51.02,51.07,51.02,50.63,50.48,50.41,50.36,50.46,50.75,50.95,51.14,51.31,51.24,51.12,51.02,51.14,51.31,51.26,51.14,51.07,51.05,51.19,51.24,50.85,50.70,51.02,51.80,52.85,53.38,52.66,51.44,51.34,51.07,51.44,53.35,55.07,55.74,56.21,57.64,59.21,60.54,61.55,61.64,61.60,61.53,61.23,61.16,61.11,61.27,61.23,61.18,61.27,61.30,61.32,61.30,61.37,61.43,61.41,61.41,61.48,61.50,61.43,61.39,61.48,61.32,61.41,61.39,61.32,61.32,61.25,61.32,61.39,61.32,61.30,61.30,-327.68,-327.68,
-327.68,-327.68,59.89,59.87,59.87,59.96,60.05,60.08,60.19,60.22,60.49,60.95,62.42,63.46,63.62,62.77,62.35,62.35,63.09,64.01,64.54,64.76,64.72,64.56,64.37,64.31,63.85,62.61,61.04,60.35,60.08,59.96,59.91,59.89,59.96,59.84,59.91,59.82,59.82,59.89,60.01,60.03,60.22,60.19,60.19,60.19,60.24,60.26,60.19,60.17,60.05,59.84,59.23,58.09,56.73,55.95,55.67,54.76,53.23,53.45,54.07,54.12,54.55,54.62,54.26,53.90,53.61,53.26,52.85,52.54,52.30,51.65,51.14,51.00,50.90,51.00,50.58,50.17,49.24,48.51,48.02,47.75,47.78,47.80,47.66,47.73,48.10,48.92,49.78,50.41,50.73,50.68,50.44,50.39,50.36,50.53,50.78,50.90,51.14,51.53,51.75,51.87,51.94,51.82,51.75,51.44,51.02,50.80,50.78,50.97,50.78,50.51,49.95,50.00,50.24,50.66,50.66,50.44,50.46,50.34,50.09,49.97,49.95,50.14,50.56,50.68,50.56,50.56,50.44,50.34,49.95,49.85,49.63,49.31,49.53,49.41,49.66,49.78,50.00,49.85,50.00,49.85,49.78,50.05,50.14,49.63,49.09,48.78,48.78,49.19,49.90,49.78,49.56,49.83,50.05,50.36,50.63,50.80,50.95,50.83,50.90,51.19,51.46,51.61,51.63,51.73,51.75,51.80,51.97,52.04,52.56,53.33,53.02,52.13,51.68,51.53,51.46,51.53,51.46,51.58,51.75,52.04,52.23,52.35,52.51,52.75,52.75,52.85,53.04,53.28,53.33,53.57,53.76,53.85,53.78,53.23,51.14,48.17,49.09,49.02,47.88,49.92,52.68,53.64,53.76,53.73,53.52,53.30,53.06,52.85,52.68,52.47,52.25,51.75,51.41,51.07,50.58,49.95,49.41,49.14,48.80,48.56,48.44,48.51,48.85,48.88,48.39,48.80,48.88,48.80,49.05,47.90,47.78,47.83,47.90,48.00,48.05,48.02,48.41,48.41,48.19,47.95,48.02,47.95,47.90,47.80,47.61,47.75,47.88,47.71,47.34,47.41,47.19,46.96,46.71,46.09,45.69,45.52,45.54,45.87,46.74,47.51,47.78,47.88,47.43,46.64,46.89,47.16,47.68,48.19,48.56,48.78,48.90,49.09,49.02,49.02,49.17,49.00,49.39,49.75,49.95,50.22,50.17,50.22,50.00,49.70,49.09,48.61,48.34,48.51,49.00,49.05,48.85,48.61,48.44,48.56,48.92,49.29,49.51,49.88,50.24,50.51,50.66,50.73,50.75,50.78,50.85,50.78,50.66,50.66,50.61,50.66,50.80,50.85,50.92,51.12,51.19,50.97,51.05,51.12,51.14,51.26,51.53,51.73,51.97,52.04,51.85,51.82,51.70,51.58,51.87,52.51,53.18,53.59,53.69,53.71,54.19,54.26,55.00,55.24,55.41,55.67,56.38,57.71,59.00,60.22,61.41,61.39,61.27,60.97,61.04,61.14,61.16,61.37,61.27,61.18,61.37,61.39,61.41,61.41,61.48,61.43,61.39,61.48,61.48,61.39,61.41,61.55,61.48,61.43,61.41,61.48,61.32,61.37,61.37,61.37,61.39,61.32,61.30,61.32,-327.68,-327.68,
-327.68,-327.68,60.01,59.98,59.96,59.98,60.08,60.19,60.33,60.33,60.63,61.64,63.04,63.52,63.57,62.93,62.42,62.56,63.50,64.31,64.65,64.74,64.74,64.65,64.56,64.26,63.55,61.92,60.81,60.31,60.17,60.03,60.10,59.96,59.89,59.89,59.96,59.91,60.01,59.89,59.89,59.96,59.98,60.05,60.10,60.12,60.22,60.26,60.24,60.15,60.05,59.89,59.37,57.95,56.61,55.93,55.67,55.36,55.14,55.19,55.07,54.95,54.86,54.59,54.16,53.83,53.40,53.14,52.90,52.68,52.42,52.13,51.68,51.48,51.24,50.95,50.63,50.56,50.02,49.39,48.83,48.58,48.73,48.78,48.49,48.39,48.51,49.24,50.07,50.68,50.85,50.83,50.53,49.95,49.95,50.48,50.90,51.14,51.44,51.68,51.82,51.89,51.85,51.75,51.63,51.31,50.92,50.75,50.63,50.78,50.56,50.17,49.73,49.73,50.17,50.53,50.63,50.58,50.48,50.41,50.00,49.75,49.95,50.22,51.05,51.48,51.19,50.78,50.41,50.07,49.75,49.44,49.00,48.92,48.97,49.00,49.17,49.29,49.68,49.80,49.66,49.70,49.63,49.75,49.68,49.29,48.78,48.61,49.19,49.97,50.61,49.63,49.00,49.56,49.95,50.22,50.61,50.70,50.85,50.44,50.51,51.07,51.31,51.53,51.65,51.70,51.82,51.94,52.01,52.11,52.51,53.64,53.42,52.18,51.41,51.31,51.19,51.14,51.29,51.61,51.77,52.08,52.25,52.37,52.44,52.47,52.59,52.75,52.85,53.11,53.14,53.38,53.64,53.76,53.73,53.09,50.75,47.97,48.97,48.95,47.80,49.95,52.63,53.61,53.81,53.61,53.57,53.35,53.09,52.87,52.61,52.37,52.11,51.73,51.36,50.87,50.36,49.75,49.22,49.02,48.73,48.41,48.22,48.12,48.46,48.58,48.53,48.51,48.68,48.75,49.07,47.80,47.61,47.58,47.63,47.66,47.63,47.61,47.71,47.92,47.88,47.83,47.78,48.00,47.92,47.75,47.56,47.66,47.51,47.21,47.29,47.16,46.99,47.01,46.89,46.56,46.34,46.02,45.79,45.72,46.27,47.16,47.68,47.68,47.01,46.56,46.69,47.16,47.61,48.12,48.44,48.58,48.73,48.85,48.90,48.90,49.05,49.14,49.51,49.73,49.92,50.14,50.17,49.95,49.88,49.61,49.05,48.49,48.07,48.12,48.80,48.88,48.36,48.24,48.56,49.14,49.68,50.17,50.41,50.14,50.19,50.36,50.48,50.61,50.53,50.56,50.61,50.61,50.70,50.75,50.75,50.70,50.68,50.73,50.78,50.80,50.78,50.75,50.73,50.73,50.83,51.07,51.31,51.73,51.99,52.08,51.99,51.94,51.87,51.89,52.13,52.49,53.02,53.59,54.12,54.55,54.90,55.26,55.43,55.53,55.60,55.74,56.40,57.78,59.00,60.05,61.02,60.97,61.00,60.91,61.07,61.20,61.16,61.41,61.46,61.27,61.43,61.46,61.55,61.50,61.48,61.50,61.48,61.55,61.57,61.46,61.46,61.50,61.57,61.43,61.60,61.46,61.48,61.32,61.41,61.39,61.39,61.32,61.32,61.37,-327.68,-327.68,
-327.68,-327.68,59.96,59.98,60.03,60.08,60.12,60.26,60.42,60.49,60.91,62.40,63.41,63.78,63.52,62.93,62.58,63.04,63.98,64.60,64.78,64.83,64.74,64.63,64.51,64.12,63.16,61.48,60.63,60.33,60.17,60.05,60.08,59.94,60.03,59.96,59.94,59.87,59.91,59.87,59.84,59.87,59.91,59.94,59.98,60.10,60.15,60.19,60.24,60.19,60.05,59.94,59.37,57.90,56.66,55.98,55.53,55.24,55.14,55.07,55.02,54.79,54.76,54.55,54.09,53.73,53.28,52.97,52.87,52.66,52.51,52.32,51.99,51.73,51.39,51.12,50.73,50.75,50.78,50.39,49.95,49.53,49.44,49.58,49.39,49.24,49.27,49.83,50.51,50.78,50.87,50.61,50.19,49.90,50.00,50.46,50.80,51.12,51.44,51.58,51.73,51.73,51.73,51.73,51.51,51.12,50.70,50.44,50.19,50.51,50.39,49.78,49.34,49.66,49.97,50.34,50.46,50.39,50.36,50.27,49.78,49.41,49.68,50.05,51.07,51.58,51.07,50.73,50.27,49.83,49.31,48.78,48.24,48.14,48.36,48.29,48.39,48.75,49.27,49.46,49.58,49.58,49.27,49.14,48.85,48.61,48.56,48.63,48.78,49.41,50.24,49.05,48.56,49.19,49.80,50.14,50.39,50.66,50.63,50.68,50.66,50.87,51.17,51.34,51.51,51.63,51.73,51.94,51.94,51.94,52.04,52.61,52.47,51.41,50.97,50.70,50.78,50.70,51.07,51.39,51.73,51.97,52.13,52.16,52.30,52.23,52.18,52.28,52.59,52.80,52.92,53.33,53.47,53.64,53.73,52.92,50.68,47.73,48.88,49.02,47.56,49.68,52.56,53.64,53.78,53.59,53.59,53.26,52.99,52.68,52.51,52.25,51.77,51.61,51.24,50.83,50.22,49.44,48.95,48.58,48.17,47.95,47.83,47.51,47.19,47.68,47.56,47.80,48.00,48.29,48.24,47.61,47.43,47.29,47.41,47.46,47.31,47.09,46.91,47.16,47.61,47.68,47.53,47.75,47.80,47.90,47.51,47.31,47.21,46.76,46.94,46.76,46.89,47.19,47.41,47.41,47.29,47.19,46.69,46.27,45.99,46.49,47.41,47.31,46.94,46.71,46.61,47.01,47.41,47.90,48.02,48.24,48.31,48.27,48.22,48.17,48.29,48.29,48.88,49.36,49.63,49.97,50.02,49.92,49.80,49.39,48.73,47.97,47.61,47.92,48.41,48.41,48.10,48.22,48.63,49.00,49.58,50.22,50.66,50.12,50.00,50.12,50.19,50.41,50.22,50.41,50.51,50.63,50.83,50.85,50.78,50.78,50.70,50.58,50.61,50.63,50.61,50.44,50.31,50.36,50.44,50.58,50.95,51.53,51.87,51.85,51.77,51.94,51.87,51.73,51.77,52.32,52.87,53.64,54.19,54.67,55.07,55.17,55.31,55.53,55.67,55.93,56.61,57.83,58.88,59.84,60.77,60.91,61.04,61.16,61.14,61.23,61.18,61.46,61.50,61.37,61.46,61.50,61.53,61.57,61.53,61.48,61.48,61.53,61.48,61.46,61.48,61.48,61.53,61.66,61.48,61.48,61.50,61.37,61.48,61.32,61.39,61.37,61.32,61.32,-327.68,-327.68,
-327.68,-327.68,60.05,60.03,60.05,60.15,60.22,60.35,60.47,60.63,61.41,62.88,63.66,63.94,63.57,63.07,62.77,63.25,64.05,64.65,64.83,64.78,64.74,64.63,64.42,63.80,62.49,61.14,60.49,60.31,60.17,60.12,60.05,60.05,59.98,59.98,60.05,60.05,60.01,59.89,59.87,59.91,59.96,59.91,59.87,59.98,60.05,60.05,60.15,60.10,60.05,59.96,59.37,57.78,56.52,55.74,55.38,55.12,55.05,54.86,54.90,54.86,54.76,54.52,54.14,53.61,53.23,52.90,52.68,52.87,52.61,52.37,52.04,51.75,51.44,51.02,50.78,50.70,50.95,50.66,50.22,50.09,50.00,50.12,50.05,50.02,50.02,50.27,50.61,50.85,50.80,50.48,50.07,49.90,49.95,50.19,50.51,50.87,51.26,51.41,51.56,51.68,51.56,51.48,51.14,50.83,50.36,50.17,50.19,50.14,50.00,49.53,49.17,49.41,49.73,50.19,50.19,50.12,50.24,50.14,49.73,49.27,49.34,49.66,50.58,51.12,50.56,50.07,49.80,49.51,49.07,48.17,47.63,47.66,47.83,47.61,47.58,48.10,48.78,49.05,49.29,49.14,49.00,48.58,48.31,48.07,48.05,48.12,48.34,49.14,49.68,48.29,47.92,48.78,49.24,49.88,50.41,50.61,50.66,50.53,50.61,50.78,50.95,51.07,51.05,51.24,51.39,51.61,51.73,51.56,51.51,51.53,51.05,50.73,50.51,50.22,50.48,50.63,50.75,51.12,51.56,51.85,51.94,51.94,51.97,51.82,51.85,52.01,52.30,52.44,52.61,53.14,53.28,53.52,53.42,52.87,50.41,47.48,48.36,48.56,47.43,49.53,52.49,53.59,53.78,53.59,53.40,52.92,52.80,52.30,51.94,51.68,51.58,51.31,50.95,50.56,49.83,49.00,48.29,47.78,47.38,47.19,47.16,46.96,47.16,47.31,47.46,47.41,47.73,48.22,47.56,47.41,47.36,47.11,47.01,46.86,46.32,46.29,46.64,46.74,47.21,47.41,47.41,47.48,47.63,47.63,47.26,46.69,46.66,46.49,46.56,46.54,46.94,47.26,47.48,47.53,47.73,47.95,47.90,47.56,46.69,46.27,46.86,46.74,46.81,46.59,46.84,47.26,47.41,47.73,47.73,47.80,47.53,46.32,45.84,45.94,45.15,44.95,46.07,48.29,49.56,49.80,49.92,49.88,49.56,48.34,46.81,46.54,47.29,48.00,48.12,48.02,47.97,48.17,48.61,48.85,49.22,49.80,49.68,48.61,48.44,48.41,48.56,48.88,48.95,49.75,50.31,50.44,50.73,50.78,50.66,50.48,50.09,50.14,50.19,50.34,50.27,50.27,50.00,49.83,50.05,50.39,50.83,51.31,51.65,51.65,51.65,51.75,51.73,51.53,51.53,52.13,52.87,53.64,54.35,54.81,55.07,55.17,55.26,55.41,55.57,55.84,56.54,57.83,58.84,59.66,60.70,60.91,60.95,61.25,61.09,61.27,61.20,61.50,61.53,61.48,61.50,61.53,61.53,61.60,61.57,61.53,61.60,61.69,61.62,61.55,61.57,61.55,61.53,61.48,61.53,61.57,61.53,61.48,61.48,61.39,61.48,61.37,61.32,61.32,-327.68,-327.68,
-327.68,-327.68,60.10,60.10,60.15,60.17,60.29,60.40,60.45,60.84,62.22,63.27,63.66,63.94,63.52,63.02,62.81,63.46,64.31,64.67,64.78,64.74,64.81,64.60,64.26,63.52,61.80,60.88,60.47,60.31,60.19,60.08,60.05,60.17,60.19,60.08,60.10,60.12,60.12,59.96,59.87,59.87,59.84,59.89,59.91,59.94,60.05,59.98,59.98,59.96,59.98,59.94,59.54,57.95,56.75,55.69,55.24,54.95,54.90,54.76,54.71,54.71,54.74,54.57,54.19,53.71,53.16,52.68,52.40,52.47,52.18,52.20,51.70,51.63,51.12,50.66,50.58,50.70,50.73,50.51,50.22,50.41,50.44,50.56,50.53,50.63,50.56,50.68,50.83,50.73,50.46,50.02,49.73,49.68,49.80,50.00,50.39,50.75,51.12,51.31,51.39,51.44,51.48,51.19,50.70,50.27,49.78,49.70,49.95,49.90,49.68,49.22,49.05,49.27,49.56,50.02,49.97,50.05,50.05,49.80,49.46,48.95,48.95,49.19,49.80,50.46,50.27,49.61,49.34,49.14,49.00,48.12,47.21,47.11,47.16,46.99,47.06,47.48,48.44,49.00,49.41,49.14,48.97,48.49,48.12,47.73,47.38,47.36,47.75,48.75,48.58,47.68,47.66,48.36,49.07,49.83,50.27,50.31,49.97,49.83,50.00,50.00,49.97,50.27,50.63,50.80,50.90,51.24,51.14,50.90,50.39,50.02,49.63,49.61,49.53,49.36,49.51,50.05,50.63,51.07,51.53,51.70,51.68,51.31,50.87,50.83,50.80,51.24,51.53,51.63,52.37,52.78,53.16,53.40,53.54,52.83,50.44,47.24,47.75,48.00,47.16,49.36,52.32,53.42,53.78,53.40,53.21,52.97,52.23,51.29,50.66,50.41,50.14,50.66,50.58,50.05,49.39,48.61,47.80,47.34,47.06,46.84,46.56,46.66,46.84,46.96,47.24,47.43,47.78,47.53,47.26,47.24,47.09,46.71,46.59,46.49,46.12,46.22,46.61,46.89,47.26,47.63,47.34,47.41,47.53,47.19,46.37,45.47,46.32,46.49,46.39,46.49,47.01,47.29,47.38,47.56,47.68,47.95,48.29,48.51,47.97,47.09,46.69,46.49,46.49,46.66,47.19,47.58,47.68,47.95,47.88,47.78,47.21,45.07,44.77,44.52,43.63,43.40,44.90,47.88,49.53,49.75,49.83,49.80,49.41,47.88,45.97,46.34,47.56,47.73,47.63,47.58,47.66,48.10,48.44,48.61,48.88,49.22,48.36,46.02,45.79,45.87,45.97,46.32,46.89,49.00,50.00,50.31,50.48,50.58,50.44,49.14,47.16,47.34,47.48,47.51,48.10,49.24,49.92,49.92,49.97,50.58,50.78,51.14,50.83,50.78,50.95,51.19,51.31,51.24,51.53,52.30,53.28,53.78,54.38,54.74,54.98,54.98,55.00,55.19,55.45,55.84,56.70,57.85,58.74,59.70,60.72,61.00,61.16,61.14,61.16,61.27,61.37,61.57,61.53,61.53,61.60,61.50,61.48,61.60,61.57,61.53,61.64,61.64,61.53,61.48,61.53,61.60,61.57,61.55,61.55,61.43,61.53,61.48,61.53,61.46,61.53,61.32,61.39,61.41,-327.68,-327.68,
-327.68,-327.68,60.15,60.12,60.19,60.26,60.26,60.47,60.61,61.27,62.77,63.55,63.87,64.03,63.41,62.95,63.29,64.03,64.51,64.60,64.72,64.85,64.63,64.37,64.03,63.11,61.43,60.77,60.38,60.31,60.22,60.17,60.10,60.19,60.10,60.12,60.17,60.19,60.15,60.05,60.05,60.01,59.94,59.91,59.89,59.91,59.91,59.89,59.89,59.91,59.77,59.75,59.30,57.80,56.89,55.53,55.05,54.79,54.59,54.26,54.26,54.47,54.55,54.38,54.19,53.73,53.06,52.63,52.23,51.99,51.70,51.56,51.05,51.17,50.61,50.41,50.48,50.68,50.83,50.61,50.31,50.41,50.19,50.22,50.24,50.56,50.61,50.80,50.78,50.51,50.05,49.63,49.34,49.36,49.53,49.73,49.90,50.09,50.36,50.78,51.14,51.19,51.07,50.83,50.36,49.44,48.56,48.19,48.53,48.44,48.39,48.58,48.85,48.83,49.09,49.66,49.78,49.92,49.19,48.12,48.22,47.36,47.53,48.12,48.83,49.66,50.00,49.56,49.00,48.73,48.70,48.46,46.99,46.59,46.29,46.46,46.29,46.71,48.49,49.44,49.44,48.78,48.34,47.83,47.53,47.24,46.91,47.09,47.41,47.53,46.74,46.99,47.48,48.10,48.97,49.78,50.17,49.83,47.83,47.31,47.38,47.34,47.01,48.34,50.00,50.51,50.56,50.70,50.78,50.58,49.39,47.19,46.71,47.06,46.66,46.81,47.41,49.00,50.48,51.05,51.48,51.63,51.44,50.36,48.68,47.95,48.02,49.17,49.24,49.78,52.08,52.49,52.75,53.35,53.28,52.78,50.41,46.96,47.46,47.78,46.96,49.19,52.37,53.59,53.73,53.42,53.06,52.63,50.92,47.90,47.41,46.91,47.46,49.92,50.19,49.63,49.00,48.29,47.51,47.06,46.76,46.66,46.54,46.29,46.69,47.01,47.16,47.31,47.34,46.71,46.49,46.34,45.94,45.87,46.17,46.34,46.14,46.14,46.49,46.66,47.01,47.36,46.81,46.81,46.91,46.49,44.67,44.33,46.49,46.49,46.34,46.44,46.89,47.24,47.34,47.46,47.58,47.80,48.24,48.63,48.24,47.19,46.74,46.32,46.14,46.86,47.34,47.66,47.90,48.02,48.05,48.05,47.48,45.35,44.28,43.15,42.74,43.20,45.05,47.88,49.31,49.56,49.63,49.66,49.46,47.88,45.99,46.46,47.24,47.26,47.34,47.34,47.43,47.75,48.17,48.44,48.70,48.88,47.73,45.05,44.33,44.42,44.38,44.85,46.02,48.70,49.88,50.19,50.41,50.63,50.46,48.24,45.79,45.64,45.32,45.52,46.07,48.70,49.90,50.19,50.19,50.63,50.63,49.78,48.34,48.12,48.51,49.07,49.88,51.05,51.89,52.51,53.40,53.88,54.09,53.83,53.76,54.00,54.12,54.50,55.07,55.69,56.63,57.80,58.77,59.77,60.68,60.95,61.09,61.11,61.23,61.39,61.46,61.53,61.48,61.43,61.57,61.48,61.60,61.62,61.55,61.53,61.62,61.66,61.71,61.62,61.55,61.55,61.57,61.55,61.57,61.53,61.57,61.48,61.50,61.48,61.48,61.32,61.48,61.48,-327.68,-327.68,
-327.68,-327.68,60.17,60.08,60.19,60.19,60.29,60.49,60.68,61.87,63.11,63.52,63.85,63.78,63.18,63.04,63.55,64.10,64.37,64.51,64.49,64.60,64.49,64.14,63.69,62.33,61.07,60.61,60.42,60.29,60.19,60.15,60.15,60.19,60.19,60.19,60.19,60.19,60.08,59.96,59.96,59.96,59.91,59.98,59.98,59.94,59.89,59.75,59.75,59.77,59.56,59.54,59.09,57.78,57.01,55.50,54.90,54.59,53.83,53.23,53.78,53.59,53.66,54.07,53.92,53.42,52.95,52.42,51.63,50.48,50.12,50.09,49.83,49.46,49.78,50.27,50.58,50.66,50.92,50.63,50.12,49.14,48.53,48.31,48.19,49.00,50.17,50.70,50.68,50.27,49.63,49.00,48.17,47.68,47.71,47.46,47.01,47.09,48.17,49.92,50.73,50.90,50.80,50.53,49.97,48.34,46.94,46.14,45.99,46.69,46.84,48.19,48.41,48.36,48.68,49.27,49.58,49.78,48.63,46.44,46.89,46.66,45.82,46.44,47.78,48.88,49.46,49.51,48.90,48.31,48.12,48.39,47.73,47.53,46.14,46.79,47.11,47.61,49.09,49.92,49.41,48.56,48.00,47.43,47.14,46.91,46.71,46.96,46.96,46.04,45.72,46.69,47.48,48.34,49.00,49.83,50.22,49.78,47.14,47.26,46.76,45.97,46.09,47.90,49.70,50.07,50.07,50.39,50.63,50.53,49.22,46.76,46.79,47.53,46.37,47.06,48.73,49.41,50.31,50.85,51.41,51.56,51.48,50.19,47.90,47.29,47.92,48.34,48.31,49.56,52.11,52.23,52.44,53.16,53.18,52.83,50.22,46.71,47.11,47.38,46.66,49.12,52.40,53.66,53.71,53.35,52.99,52.47,50.48,46.81,46.27,46.02,46.79,49.41,49.80,49.24,48.68,48.24,47.56,46.86,46.54,46.49,46.27,46.27,46.49,46.86,47.41,47.58,47.56,47.01,46.34,46.02,45.72,45.57,45.77,45.87,45.92,46.24,46.51,46.79,46.79,46.64,46.66,46.66,46.66,46.22,44.85,45.47,46.49,46.49,46.49,46.69,46.59,47.09,47.31,47.21,47.16,47.19,47.41,47.41,46.46,46.09,46.27,46.56,46.54,47.24,47.41,47.58,47.66,47.95,48.05,48.17,47.61,45.20,43.07,42.74,43.20,44.57,46.22,47.88,48.97,49.12,49.22,49.29,49.07,47.68,46.27,46.81,47.58,47.56,47.36,47.09,47.34,47.71,48.10,48.36,48.75,48.92,47.78,44.85,43.63,44.18,44.25,44.77,46.24,48.49,49.70,50.00,50.24,50.58,50.48,48.27,45.47,44.25,44.38,44.85,46.02,48.56,49.80,50.02,50.44,50.53,50.51,48.41,46.02,45.39,45.74,46.49,47.90,50.85,52.18,52.75,53.38,53.71,52.97,51.07,50.70,51.26,51.44,52.11,54.19,55.50,56.59,57.83,58.70,59.68,60.68,60.93,61.11,61.25,61.27,61.41,61.50,61.50,61.41,61.43,61.53,61.55,61.60,61.64,61.57,61.57,61.64,61.60,61.60,61.62,61.66,61.69,61.62,61.60,61.60,61.55,61.57,61.64,61.53,61.48,61.50,61.32,61.48,61.46,-327.68,-327.68,
-327.68,-327.68,60.10,60.22,60.05,60.10,60.29,60.49,60.95,62.24,62.93,63.34,63.50,63.27,62.93,63.16,63.71,63.89,64.01,64.21,64.12,64.19,64.05,63.66,63.09,61.50,60.77,60.42,60.33,60.24,60.22,60.24,60.26,60.29,60.24,60.22,60.26,60.24,60.19,60.19,60.12,60.05,60.17,60.01,59.98,60.03,59.91,59.73,59.70,59.66,59.52,59.37,59.00,57.90,57.13,55.65,54.90,54.26,52.18,51.26,51.58,50.46,52.04,53.59,53.40,53.23,52.61,51.73,50.19,48.34,48.88,48.51,48.12,48.56,49.41,50.36,50.75,50.61,50.70,50.56,49.68,47.68,46.81,46.27,46.14,47.63,49.66,50.63,50.61,50.14,49.27,48.63,47.66,46.71,46.49,46.12,45.99,46.09,47.46,49.61,50.48,50.66,50.68,50.41,50.14,48.75,46.91,46.14,46.34,45.92,46.02,47.90,48.31,48.17,48.51,49.22,49.73,49.73,47.90,46.07,46.49,46.44,45.92,45.67,47.14,48.39,48.95,49.27,48.85,48.12,47.58,48.02,48.41,48.58,46.96,48.05,48.85,49.17,49.51,49.95,50.27,49.22,48.39,47.92,47.63,47.41,47.14,47.26,47.31,46.46,46.02,46.84,47.46,48.34,49.00,49.75,49.88,49.63,46.71,45.99,45.42,45.30,47.16,48.78,49.27,49.70,49.90,50.12,50.53,50.53,49.56,47.73,46.79,47.34,46.49,47.09,48.80,49.63,50.41,51.00,51.34,51.46,51.31,50.09,48.00,47.58,49.09,49.46,49.27,50.83,51.99,52.32,52.59,53.33,53.40,52.73,50.12,46.51,46.86,47.19,46.46,49.00,52.44,53.57,53.66,53.23,52.75,52.54,50.53,46.99,46.22,45.84,46.69,49.05,49.00,48.58,48.56,48.46,47.92,47.24,46.69,46.32,46.32,46.14,46.66,47.06,47.58,47.90,47.75,47.43,46.91,46.76,46.61,46.22,45.97,45.82,45.84,46.07,46.24,46.07,46.17,46.69,46.89,46.91,46.91,46.69,46.02,46.59,46.69,46.76,46.86,46.94,46.91,47.41,47.53,47.24,46.81,46.51,46.29,45.30,44.28,44.05,46.02,47.16,47.43,47.73,47.63,47.09,47.16,47.53,47.68,47.75,47.16,44.72,43.25,43.20,44.97,46.34,46.51,47.61,48.68,48.83,49.00,49.02,48.83,47.92,47.46,47.88,48.00,47.90,47.16,46.69,47.16,47.83,48.22,48.41,48.78,49.02,48.10,45.35,44.40,44.87,44.75,45.12,46.39,48.27,49.61,49.88,50.14,50.41,50.31,48.22,44.67,43.30,43.58,44.97,46.74,48.53,49.70,49.78,50.19,50.53,50.56,48.19,45.35,44.52,44.80,45.49,46.94,50.70,52.23,52.75,53.11,53.59,52.18,48.97,49.02,49.39,49.53,51.14,53.85,55.26,56.49,57.92,58.81,59.82,60.75,61.11,61.25,61.30,61.32,61.43,61.46,61.48,61.48,61.48,61.57,61.62,61.57,61.69,61.62,61.55,61.64,61.66,61.64,61.55,61.60,61.64,61.57,61.50,61.48,61.50,61.55,61.53,61.48,61.48,61.53,61.37,61.46,61.46,-327.68,-327.68,
-327.68,-327.68,60.03,60.17,60.01,60.17,60.19,60.49,61.20,62.03,62.54,62.84,62.84,62.77,62.88,63.18,63.41,63.41,63.41,63.66,63.57,63.66,63.34,62.72,61.99,60.91,60.63,60.31,60.33,60.24,60.26,60.33,60.33,60.33,60.22,60.19,60.19,60.15,60.17,60.12,60.10,60.08,60.01,60.01,59.94,59.91,59.89,59.75,59.77,59.56,59.49,59.28,59.00,57.97,57.34,55.79,54.95,54.12,51.53,51.02,51.17,50.36,51.94,53.42,53.47,53.02,52.32,51.48,50.27,48.80,48.56,47.75,47.16,48.10,49.29,50.61,50.83,50.58,50.63,50.41,49.41,47.56,46.86,46.09,46.17,47.80,49.85,50.51,50.53,50.00,49.09,48.56,47.58,46.37,45.99,45.94,45.69,45.44,47.16,49.51,50.46,50.73,50.80,50.53,50.12,49.39,47.41,47.09,47.43,46.04,45.54,47.53,48.22,48.29,48.68,49.73,50.58,49.85,47.88,46.46,46.12,45.89,46.34,46.76,47.63,48.58,48.83,48.92,48.73,48.07,47.21,47.36,47.66,48.10,47.51,48.29,48.75,49.19,49.68,50.17,50.95,50.61,48.34,48.12,48.24,48.70,48.12,47.71,47.41,46.34,45.64,46.79,47.61,48.31,49.09,49.70,49.95,49.31,46.34,45.39,44.92,45.30,46.91,48.05,48.56,49.14,49.68,50.19,50.51,50.53,49.41,47.26,45.42,45.59,45.89,47.06,46.99,49.24,50.61,50.87,51.31,51.48,51.34,50.05,47.95,47.73,50.05,50.14,48.78,49.75,51.73,52.13,52.49,53.45,53.33,52.66,50.05,46.32,46.66,47.11,46.24,48.73,52.23,53.52,53.69,53.23,52.85,52.35,50.46,46.84,46.02,46.27,47.38,48.56,48.39,48.34,48.51,48.44,48.14,47.56,46.66,45.72,45.42,46.04,46.69,46.79,47.34,47.75,47.83,47.56,47.31,47.31,46.86,46.69,46.37,45.82,45.39,45.07,45.15,45.59,46.46,46.84,46.99,47.01,46.99,46.94,46.64,47.09,47.14,46.94,47.16,47.21,47.38,47.71,47.80,47.66,47.41,46.96,46.34,44.90,43.63,43.90,46.56,47.61,47.97,48.10,48.07,47.21,46.94,47.41,47.66,47.88,47.58,45.57,44.85,44.85,45.77,46.14,46.17,47.36,48.44,48.61,48.75,48.92,48.78,48.34,48.02,47.90,47.97,47.88,47.11,45.74,46.29,47.51,48.19,48.27,48.78,49.14,48.49,46.22,45.74,45.64,45.64,45.92,46.49,48.10,49.58,50.00,50.12,50.51,50.31,48.56,45.12,43.50,44.15,45.94,47.16,48.49,49.46,49.88,50.24,50.75,50.63,48.58,45.57,44.30,44.65,45.54,47.29,50.44,52.06,52.49,52.85,53.45,52.06,48.70,48.34,48.36,48.68,50.63,53.59,55.19,56.61,57.95,58.74,59.77,60.84,61.20,61.32,61.39,61.41,61.41,61.41,61.48,61.57,61.48,61.57,61.60,61.60,61.69,61.73,61.57,61.66,61.73,61.64,61.64,61.60,61.55,61.57,61.50,61.46,61.48,61.50,61.50,61.57,61.48,61.57,61.48,61.46,61.43,-327.68,-327.68,
-327.68,-327.68,60.03,60.05,60.03,60.22,60.17,60.45,61.11,61.55,61.94,62.42,62.58,62.45,62.51,62.61,62.54,62.63,62.56,62.77,62.65,62.79,62.40,61.71,61.04,60.65,60.49,60.31,60.42,60.31,60.31,60.31,60.35,60.33,60.33,60.40,60.33,60.22,60.17,60.22,60.19,60.12,60.05,60.05,59.98,59.94,59.89,59.73,59.77,59.54,59.52,59.26,58.86,57.95,57.52,55.98,55.07,54.40,51.61,51.05,50.36,49.88,51.97,53.66,53.59,53.06,52.37,52.01,50.66,49.41,48.00,46.89,46.99,47.63,48.75,50.92,51.05,50.63,50.48,50.24,49.36,47.56,47.41,46.64,46.56,48.22,50.02,50.51,50.46,49.97,49.22,48.85,47.75,45.94,45.62,45.59,45.59,46.07,47.61,49.73,50.61,50.83,50.85,50.68,50.36,48.83,47.09,46.69,46.76,45.94,45.47,47.71,48.49,48.51,48.80,49.56,50.09,49.66,47.73,46.39,45.97,46.74,48.53,49.00,49.19,49.29,49.14,48.83,48.46,48.05,47.41,46.86,47.06,47.34,47.43,48.05,48.53,49.12,49.88,50.56,51.26,50.95,48.10,48.07,48.39,48.78,47.78,45.97,45.20,45.30,45.87,47.19,47.90,48.27,49.14,49.78,49.88,49.24,46.41,45.30,44.97,45.54,46.76,47.26,48.17,48.78,49.36,50.05,50.58,50.61,49.44,47.31,45.72,44.45,46.22,46.56,46.76,49.05,50.61,51.02,51.31,51.41,51.36,50.36,48.92,48.73,48.88,48.97,48.70,49.58,51.51,51.73,52.40,53.40,53.38,52.68,50.00,46.39,46.56,46.84,46.09,48.75,52.18,53.40,53.69,52.95,52.68,52.23,50.58,46.56,46.14,48.12,49.00,48.68,48.22,48.29,48.44,48.31,48.22,47.66,46.02,44.52,44.40,46.49,47.06,47.06,47.24,47.61,47.73,47.71,47.75,47.61,47.26,46.89,46.29,45.79,46.02,46.29,46.12,46.41,46.76,46.81,46.96,46.96,46.89,46.91,46.79,47.41,47.41,47.11,47.36,47.41,47.46,47.75,47.90,47.90,47.90,47.71,47.16,45.84,44.87,45.17,47.21,47.95,48.10,48.24,48.14,47.90,47.51,47.63,48.12,48.31,48.10,46.37,45.99,45.97,46.02,46.02,46.24,47.38,48.36,48.49,48.56,48.78,48.80,48.46,48.07,47.90,47.90,47.63,46.54,45.64,46.17,47.48,48.12,48.05,48.61,49.07,48.63,46.91,46.49,46.49,46.69,46.86,46.99,48.17,49.83,50.12,50.22,50.34,50.17,48.92,45.97,45.12,45.69,46.56,47.06,48.46,49.78,50.19,50.46,50.58,50.66,49.00,45.92,45.00,46.02,47.66,48.80,50.56,51.73,52.16,52.80,53.33,52.13,48.92,48.17,48.10,48.31,50.44,53.66,55.29,56.70,58.06,58.79,59.82,60.77,61.18,61.39,61.43,61.48,61.48,61.50,61.60,61.60,61.60,61.53,61.60,61.62,61.60,61.71,61.66,61.62,61.69,61.69,61.69,61.60,61.62,61.60,61.55,61.50,61.48,61.53,61.55,61.50,61.57,61.60,61.60,61.48,61.48,-327.68,-327.68,
-327.68,-327.68,60.10,60.08,60.08,60.17,60.22,60.47,60.79,61.23,61.96,62.31,62.08,61.78,61.73,61.76,61.73,61.71,61.71,61.71,61.73,61.80,61.41,61.04,60.75,60.58,60.52,60.35,60.40,60.33,60.33,60.33,60.33,60.45,60.42,60.33,60.31,60.26,60.24,60.26,60.19,60.10,60.05,60.05,60.05,59.96,59.89,59.75,59.77,59.59,59.52,59.30,58.81,57.95,57.57,56.07,55.36,54.64,51.68,50.63,49.75,50.00,52.49,53.81,53.83,53.06,52.59,52.32,50.95,49.80,47.80,47.16,46.94,47.16,49.27,51.82,51.80,50.73,50.41,50.24,49.56,47.31,47.56,46.99,46.79,48.61,50.02,50.51,50.41,50.07,49.68,49.34,48.00,46.02,45.35,45.27,45.59,46.27,47.66,49.75,50.70,50.97,51.00,50.75,50.31,48.31,46.32,45.79,45.52,45.35,46.07,48.05,48.53,48.44,48.36,48.88,49.41,49.19,47.21,46.27,47.90,50.02,50.63,50.09,49.58,49.29,49.07,48.63,48.22,47.95,47.58,46.84,46.69,46.91,47.68,48.29,48.75,49.46,50.53,51.17,50.63,49.41,48.17,48.31,47.95,46.89,46.09,45.44,45.32,45.89,46.64,47.61,48.34,48.90,49.46,49.78,49.88,49.24,46.91,45.32,45.10,46.14,46.69,47.56,48.34,48.78,49.31,50.12,50.75,50.80,49.56,47.46,46.41,46.39,48.63,47.78,47.63,49.39,50.70,50.97,51.26,51.56,51.56,50.31,48.58,48.34,48.56,49.39,49.09,50.02,51.68,52.01,52.47,53.30,53.23,52.66,49.92,46.14,46.34,46.56,45.82,48.61,52.08,53.26,53.42,52.99,52.75,52.32,51.14,47.95,48.27,49.85,49.36,48.68,48.17,48.29,48.39,48.22,48.12,47.83,47.16,46.12,46.02,47.16,47.21,47.26,47.29,47.63,47.78,47.92,48.12,47.83,47.58,47.21,46.54,46.34,46.81,47.09,47.16,47.19,47.14,46.81,46.89,46.91,46.79,46.84,46.86,47.56,47.63,47.34,47.48,47.63,47.56,47.73,47.80,47.97,48.07,48.02,47.78,47.01,46.51,46.37,47.41,48.17,48.14,48.27,48.34,48.17,47.73,48.05,48.14,48.27,48.27,48.07,48.07,48.07,48.02,47.92,48.10,48.41,48.46,48.27,48.34,48.56,48.61,48.63,48.36,48.05,47.68,47.19,46.69,46.54,47.34,47.68,48.02,48.02,48.44,48.90,48.78,48.05,47.78,47.90,48.12,48.44,48.49,49.07,49.97,50.14,50.22,50.34,50.22,49.41,47.48,46.91,46.91,46.89,47.21,48.85,50.19,50.31,50.53,50.66,50.46,49.00,46.39,46.69,48.34,49.83,50.00,50.83,51.51,52.06,52.80,53.18,52.25,49.09,47.95,47.92,48.49,50.46,53.76,55.38,56.80,58.13,58.77,59.84,60.91,61.27,61.39,61.46,61.46,61.46,61.53,61.57,61.60,61.60,61.60,61.66,61.64,61.60,61.73,61.60,61.66,61.76,61.73,61.62,61.64,61.69,61.62,61.62,61.60,61.60,61.55,61.46,61.46,61.48,61.64,61.53,61.50,61.50,-327.68,-327.68,
-327.68,-327.68,60.24,60.12,60.24,60.19,60.33,60.65,60.97,61.57,62.15,61.89,61.32,61.02,61.00,60.95,60.86,60.95,60.95,61.00,60.97,60.97,60.81,60.72,60.52,60.49,60.54,60.47,60.40,60.38,60.31,60.26,60.33,60.45,60.47,60.42,60.45,60.42,60.31,60.26,60.15,60.10,60.12,60.05,59.98,59.98,59.96,59.82,59.77,59.56,59.54,59.35,58.77,57.85,57.55,56.16,55.48,54.67,51.00,49.83,49.70,50.02,52.75,53.71,53.73,53.23,52.90,52.44,51.39,50.02,48.63,48.12,48.14,48.83,50.36,52.25,51.70,50.66,50.58,50.39,49.41,47.41,48.12,47.38,47.38,49.31,50.22,50.56,50.41,50.34,50.00,49.88,48.29,46.39,46.02,46.17,46.61,47.11,48.39,49.80,50.66,50.97,51.07,50.87,50.39,48.51,47.01,46.49,46.22,46.02,46.91,48.27,48.61,48.68,48.41,48.73,49.19,49.02,47.61,48.51,51.05,51.70,50.87,50.00,49.31,49.00,48.85,48.51,48.14,47.80,47.41,46.71,46.69,46.96,48.10,48.90,49.27,50.02,50.66,50.48,48.85,48.31,48.56,48.85,48.39,47.31,46.71,46.84,46.49,46.96,47.29,47.97,48.78,49.39,49.73,49.90,49.97,49.58,48.17,47.26,47.26,47.29,47.38,47.90,48.78,49.24,49.75,50.41,51.00,51.02,50.00,47.90,47.92,48.02,49.19,48.88,48.78,49.83,50.78,50.90,51.24,51.65,51.75,50.87,49.63,49.58,49.80,50.14,50.73,51.29,52.13,52.28,52.59,52.92,53.21,52.42,49.80,45.99,46.09,46.44,45.67,48.34,51.75,52.97,53.23,53.06,52.68,52.40,51.94,51.19,51.02,50.78,49.80,49.02,48.49,48.24,48.19,48.17,48.02,47.92,47.73,47.36,46.86,47.26,47.31,47.41,47.53,47.63,47.68,47.90,48.05,47.71,47.41,47.09,46.51,46.66,47.21,47.31,47.43,47.43,47.53,47.06,46.84,46.76,46.69,46.64,46.46,47.26,48.05,47.58,47.75,47.38,47.36,47.66,47.80,47.95,48.07,48.12,48.14,47.66,47.16,46.74,47.06,47.90,48.14,48.19,48.14,47.97,47.90,48.05,48.31,48.19,48.27,48.44,48.56,48.49,48.49,48.53,48.51,48.39,48.17,47.88,48.00,48.24,48.44,48.51,48.53,48.27,47.71,47.14,47.09,47.43,47.95,48.07,48.14,48.19,48.51,48.78,48.97,48.83,48.88,49.09,49.31,49.63,49.63,49.80,49.80,49.85,50.00,50.19,50.14,50.02,49.78,49.75,49.63,49.58,49.66,50.27,50.36,50.46,50.48,50.41,50.34,49.34,47.92,48.56,49.29,49.29,49.53,50.41,51.19,52.01,52.66,53.16,52.59,49.58,48.29,48.49,48.90,51.39,54.07,55.48,56.98,58.09,58.70,59.89,60.91,61.20,61.32,61.37,61.39,61.53,61.57,61.57,61.60,61.60,61.66,61.66,61.64,61.66,61.64,61.64,61.73,61.73,61.66,61.66,61.66,61.60,61.71,61.73,61.62,61.60,61.60,61.48,61.48,61.48,61.62,61.46,61.48,61.48,-327.68,-327.68,
-327.68,-327.68,60.33,60.19,60.33,60.33,60.52,60.93,61.32,61.82,61.69,61.09,60.65,60.52,60.49,60.58,60.45,60.40,60.35,60.47,60.47,60.47,60.52,60.49,60.40,60.49,60.40,60.47,60.38,60.38,60.35,60.31,60.35,60.42,60.40,60.38,60.45,60.52,60.40,60.40,60.19,60.10,60.10,60.15,60.01,60.01,59.98,59.87,59.77,59.59,59.54,59.37,58.60,57.80,57.55,56.14,55.45,54.50,51.31,50.51,50.44,50.63,52.97,53.83,53.71,53.33,52.95,52.66,52.01,51.05,49.80,49.97,50.39,49.83,50.44,51.34,50.97,50.66,50.78,50.56,49.66,48.90,49.61,48.61,48.51,50.05,50.36,50.48,50.46,50.34,50.05,49.83,49.12,47.68,48.12,48.29,47.58,47.80,48.88,49.97,50.66,51.05,51.22,51.12,50.66,49.14,48.12,48.14,48.19,48.14,48.27,48.95,49.19,49.19,49.31,49.27,49.27,49.14,48.88,51.44,52.04,51.73,50.97,50.00,49.44,49.19,49.02,48.63,48.44,48.10,47.58,47.16,47.09,47.36,48.10,48.78,49.17,49.68,49.63,48.97,48.34,48.70,49.00,49.27,49.36,49.17,48.80,48.78,48.78,48.46,48.27,48.46,48.95,49.39,49.78,49.97,50.02,50.07,49.80,49.41,49.27,49.00,48.70,48.85,49.24,49.61,50.14,50.73,51.17,51.34,51.14,50.85,50.39,50.19,50.41,50.09,49.95,50.58,50.78,50.97,51.31,52.06,52.04,51.82,51.75,51.85,51.77,51.80,52.23,52.32,52.44,52.44,52.85,53.04,53.02,52.23,49.63,46.02,46.14,46.34,45.57,48.17,51.56,52.78,53.06,53.11,52.73,52.42,52.20,51.94,51.48,50.85,50.05,49.41,48.70,48.27,48.10,48.00,47.90,47.78,47.80,47.68,46.91,47.14,47.46,47.56,47.63,47.71,47.78,47.95,47.75,47.41,47.41,47.16,46.74,46.64,47.21,47.41,47.51,47.53,47.68,47.48,47.01,46.86,46.74,46.49,46.09,46.51,47.71,47.80,47.41,46.27,46.49,47.46,47.80,47.95,48.12,48.31,48.34,47.95,47.29,46.79,46.54,46.76,47.19,47.53,47.41,47.61,47.75,48.00,48.00,47.83,47.83,48.07,48.07,48.14,48.29,48.41,48.29,48.07,47.73,47.46,47.58,47.90,48.22,48.46,48.56,48.39,47.97,47.29,47.09,47.34,47.90,48.02,48.24,48.24,48.46,48.73,48.90,48.95,49.19,49.31,49.41,49.68,49.63,49.73,49.58,49.56,49.78,49.97,50.07,50.07,50.31,50.34,50.41,50.53,50.73,50.56,50.51,50.31,50.39,50.17,49.92,49.44,49.07,48.83,48.68,48.68,48.75,49.68,50.85,51.77,52.44,53.11,53.14,51.85,51.53,51.94,52.23,54.02,55.38,55.72,56.94,58.04,58.65,59.75,60.91,61.37,61.46,61.43,61.48,61.53,61.55,61.62,61.64,61.64,61.64,61.60,61.69,61.60,61.60,61.71,61.71,61.73,61.69,61.69,61.76,61.69,61.71,61.71,61.57,61.60,61.64,61.60,61.57,61.50,61.50,61.48,61.53,61.53,-327.68,-327.68,
-327.68,-327.68,60.33,60.19,60.33,60.58,61.14,61.60,61.92,61.71,61.04,60.54,60.42,60.40,60.26,60.33,60.35,60.24,60.31,60.35,60.33,60.42,60.42,60.45,60.35,60.45,60.33,60.35,60.35,60.33,60.31,60.33,60.35,60.38,60.38,60.38,60.31,60.26,60.33,60.38,60.22,60.12,60.10,60.12,60.01,60.05,60.01,59.77,59.75,59.59,59.52,59.33,58.53,57.64,57.50,56.09,55.38,54.69,53.09,52.49,51.77,52.04,53.33,53.78,53.66,53.28,52.87,52.63,52.47,51.34,49.97,50.75,50.97,51.12,51.31,51.46,51.29,51.22,51.19,51.19,50.68,50.75,50.83,50.27,50.07,50.46,50.39,50.53,50.48,50.34,49.97,49.68,49.39,49.24,49.83,49.88,49.75,49.83,50.02,50.41,50.73,50.85,51.07,51.14,51.14,50.92,50.78,50.61,50.56,50.17,49.63,49.46,49.51,49.58,49.63,49.80,49.41,49.36,49.41,50.83,51.94,52.13,51.73,50.75,49.95,49.51,49.24,49.02,48.78,48.70,48.49,48.07,47.90,47.90,48.05,48.10,48.34,48.53,48.39,48.39,48.51,48.88,49.02,49.36,49.63,49.70,49.70,49.53,49.27,49.09,48.78,48.61,48.90,49.14,49.41,49.73,49.92,50.09,50.39,50.14,50.00,49.85,49.56,49.46,49.36,49.63,50.02,50.56,50.87,51.19,51.26,50.95,50.63,50.53,50.58,50.53,50.46,50.58,50.87,50.97,51.31,51.73,51.85,51.77,51.94,52.01,51.99,52.13,52.30,52.47,52.47,52.68,52.95,52.99,52.95,52.25,49.44,45.67,45.89,46.24,45.54,48.12,51.41,52.68,53.02,53.04,52.68,52.54,52.13,51.94,51.36,50.87,50.22,49.63,48.97,48.39,48.05,47.88,47.80,47.75,47.73,47.71,47.16,47.16,47.53,48.10,47.92,48.02,47.92,47.95,47.63,47.31,47.29,47.16,46.81,46.66,46.91,47.36,47.56,47.58,47.80,47.73,47.31,46.89,46.69,46.34,46.02,45.84,46.51,47.24,46.49,45.47,45.67,46.79,47.63,48.02,48.34,48.56,48.61,48.34,47.29,46.74,46.29,45.94,46.02,46.66,46.86,47.21,47.46,47.75,47.80,47.58,47.46,47.73,48.34,48.31,47.95,47.78,47.68,47.61,47.38,47.06,47.09,47.56,48.05,48.34,48.49,48.39,48.12,47.29,46.94,46.91,47.38,47.66,48.02,48.05,48.34,48.56,48.63,48.78,49.19,49.24,49.00,49.17,49.14,49.31,49.24,49.39,49.56,49.83,50.00,50.00,50.19,50.27,50.31,50.31,50.24,50.24,50.41,50.27,50.09,49.92,49.56,49.19,48.85,48.41,48.22,48.24,48.36,49.17,50.56,51.63,52.28,52.97,53.40,53.59,53.85,54.07,54.50,55.14,55.45,55.98,56.98,57.97,58.39,59.68,60.88,61.30,61.39,61.48,61.50,61.50,61.60,61.66,61.62,61.62,61.66,61.60,61.60,61.57,61.66,61.71,61.62,61.80,61.71,61.60,61.73,61.64,61.69,61.60,61.60,61.60,61.55,61.60,61.60,61.41,61.41,61.57,61.53,-327.68,-327.68,-327.68,
-327.68,-327.68,60.54,60.29,60.49,61.23,61.73,61.82,61.69,61.09,60.58,60.33,60.26,60.26,60.33,60.24,60.31,60.22,60.33,60.29,60.33,60.33,60.31,60.35,60.38,60.45,60.40,60.33,60.33,60.35,60.35,60.38,60.35,60.38,60.40,60.42,60.35,60.47,60.40,60.38,60.24,60.31,60.05,60.01,60.08,60.03,59.98,59.82,59.87,59.63,59.54,59.35,58.44,57.34,57.34,55.98,55.41,55.17,54.50,54.35,53.81,53.76,53.76,53.78,53.35,53.28,53.09,53.16,52.97,52.32,51.97,52.13,51.85,51.77,51.63,51.53,51.34,51.26,51.17,51.29,51.14,51.24,51.19,50.85,50.78,50.58,50.39,50.46,50.41,50.34,49.92,49.63,49.75,50.09,50.22,50.39,50.41,50.48,50.63,50.53,50.63,50.85,50.95,51.02,51.12,51.05,51.05,50.90,50.63,50.19,49.68,49.34,49.41,49.68,49.83,49.85,49.44,49.12,49.14,49.02,49.83,50.80,51.17,50.78,50.39,49.80,49.36,49.09,48.80,49.00,49.41,49.05,48.78,48.61,47.61,47.56,47.68,47.97,48.12,48.14,48.46,48.75,48.92,49.22,49.36,49.56,49.63,49.46,49.29,49.14,48.92,48.61,48.63,48.83,49.09,49.66,50.02,50.19,50.44,50.41,50.39,50.27,50.07,49.97,49.97,50.02,50.44,50.83,51.02,51.00,51.07,50.90,50.58,50.41,50.58,50.58,50.63,50.78,50.95,51.17,51.34,51.53,51.73,51.85,51.82,51.80,51.87,52.01,52.13,52.30,52.47,52.66,52.83,52.99,52.99,52.25,49.58,45.82,45.94,46.14,45.52,48.10,51.41,52.73,53.16,53.16,52.83,52.54,52.28,51.68,51.41,50.95,50.53,50.00,49.27,48.78,48.27,47.80,47.66,47.63,47.61,47.53,47.31,47.29,47.51,48.19,48.17,48.10,48.12,48.00,47.68,47.34,47.36,47.14,47.01,47.21,46.91,46.94,47.63,47.71,48.02,47.95,47.88,47.34,46.96,46.32,45.84,45.74,45.69,45.99,45.72,45.32,45.32,45.57,46.34,47.56,48.22,48.63,48.83,48.49,46.91,46.69,46.27,45.99,46.02,46.51,46.84,46.91,47.36,47.41,47.36,47.31,47.14,47.58,48.46,48.49,48.07,47.68,47.36,46.96,46.74,46.59,46.54,47.19,47.92,48.27,48.24,48.39,48.10,47.34,46.64,46.46,46.84,47.61,48.14,48.46,48.58,48.63,48.53,48.56,49.14,49.00,48.78,48.63,48.73,48.92,48.97,49.19,49.41,49.53,49.66,49.83,49.80,49.90,49.92,49.85,50.00,50.09,50.12,50.09,49.88,49.58,49.19,48.78,48.41,48.07,48.00,48.12,48.17,48.88,50.39,51.41,52.11,52.83,53.42,53.90,54.19,54.50,54.95,55.22,55.33,55.79,57.29,57.92,58.16,59.37,60.79,61.37,61.48,61.50,61.55,61.48,61.60,61.66,61.64,61.64,61.66,61.62,61.55,61.62,61.73,61.76,61.71,61.73,61.69,61.53,61.71,61.69,61.69,61.69,61.60,61.60,61.57,61.50,61.46,61.46,61.46,61.57,61.53,-327.68,-327.68,-327.68,
-327.68,-327.68,-327.68,60.47,61.18,61.92,61.94,61.64,61.09,60.54,60.33,60.29,60.19,60.17,60.26,60.40,60.12,60.26,60.26,60.33,60.24,60.24,60.38,60.35,60.45,60.47,60.47,60.42,60.40,60.42,60.40,60.40,60.40,60.40,60.35,60.45,60.42,60.47,60.31,60.26,60.33,60.15,60.19,60.12,60.10,60.05,60.03,59.91,59.91,59.63,59.52,59.37,58.27,57.10,57.20,55.93,55.38,55.36,55.07,54.83,54.64,54.19,53.61,53.40,53.35,53.09,52.85,52.73,52.56,52.23,51.82,51.58,51.31,51.22,50.87,50.78,50.58,50.63,50.56,50.66,50.78,51.02,50.75,50.61,50.58,50.46,50.19,50.31,50.27,50.27,49.95,49.75,49.83,50.00,50.09,50.24,50.46,50.58,50.70,50.75,50.78,50.80,50.97,51.12,50.97,50.92,50.83,50.56,50.41,50.24,49.80,49.27,49.36,49.75,49.90,49.80,49.27,49.07,48.83,48.80,49.05,49.39,49.46,49.41,49.39,49.29,49.19,49.02,48.78,48.80,49.58,49.53,49.27,48.51,46.84,47.06,47.46,47.90,48.29,48.56,48.41,48.68,48.83,49.00,48.95,49.17,49.36,49.22,49.12,49.05,48.92,48.75,48.63,48.92,49.34,49.73,50.19,50.22,50.44,50.36,50.24,50.12,50.00,50.00,50.17,50.39,50.68,50.85,50.97,50.95,50.87,50.80,50.48,50.41,50.39,50.34,50.51,50.58,50.78,51.00,51.22,51.44,51.63,51.58,51.73,51.65,51.53,51.58,51.82,51.99,52.13,52.30,52.66,52.87,52.90,52.28,49.70,45.69,45.67,46.04,45.39,47.83,51.48,52.73,53.09,52.95,52.73,52.47,52.06,51.53,51.07,50.83,50.58,50.22,49.73,49.09,48.34,47.75,47.58,47.56,47.56,47.41,47.16,47.36,47.63,47.80,48.12,48.05,48.12,48.10,47.88,47.56,47.46,47.29,47.43,47.61,47.16,46.91,47.66,47.90,48.02,48.07,48.19,48.07,47.71,46.46,45.77,45.72,45.57,45.69,45.62,45.42,45.32,45.20,45.30,46.04,47.16,48.22,48.88,48.27,46.54,46.49,46.41,46.46,46.17,46.37,46.41,46.69,46.76,47.11,47.09,46.91,46.59,46.84,47.83,48.12,47.90,47.78,47.34,46.61,46.04,46.04,46.41,47.11,47.97,48.36,48.36,48.36,47.90,47.24,46.32,46.29,47.09,48.29,48.85,49.05,48.97,48.85,48.46,48.49,48.92,48.56,48.36,48.10,48.29,48.39,48.53,48.83,49.09,49.34,49.34,49.19,49.41,49.61,49.34,49.12,49.22,49.53,49.70,49.75,49.61,49.24,48.80,48.34,48.00,47.88,47.78,47.88,47.95,48.85,50.17,50.90,51.87,52.68,53.42,53.83,54.16,54.50,54.71,54.93,55.24,55.81,57.17,57.95,58.09,59.42,60.81,61.23,61.30,61.32,61.43,61.48,61.53,61.62,61.66,61.64,61.64,61.66,61.69,61.73,61.73,61.78,61.80,61.80,61.73,61.55,61.71,61.69,61.73,61.71,61.60,61.64,61.62,61.60,61.60,61.55,61.55,61.57,61.55,-327.68,-327.68,-327.68,
-327.68,-327.68,-327.68,61.04,62.01,61.99,61.50,61.09,60.58,60.29,60.29,60.31,60.33,60.26,60.31,60.24,60.31,60.31,60.26,60.33,60.26,60.19,60.35,60.35,60.40,60.45,60.45,60.45,60.47,60.49,60.47,60.42,60.45,60.52,60.47,60.47,60.42,60.54,60.47,60.40,60.33,60.19,60.17,60.05,60.15,60.08,59.98,59.96,59.91,59.77,59.63,59.40,58.16,57.01,57.10,55.93,55.36,55.22,54.88,54.59,54.35,53.88,53.30,53.09,53.06,52.85,52.49,52.25,52.04,51.73,51.26,50.83,50.48,50.19,49.97,49.83,49.63,49.41,49.56,49.78,50.07,50.36,50.27,50.19,50.09,50.05,49.80,49.97,50.07,50.09,49.92,49.83,49.83,49.83,49.80,50.02,50.22,50.46,50.53,50.53,50.78,50.95,51.00,50.92,50.78,50.58,50.46,50.41,50.24,50.09,49.92,49.63,49.46,49.70,50.02,49.83,49.51,49.19,49.00,49.02,49.07,49.29,49.12,48.95,49.09,49.17,49.24,49.05,48.92,48.70,48.97,49.51,48.92,47.75,46.59,46.89,47.43,47.73,48.49,49.14,48.61,48.56,48.78,48.88,48.78,49.00,49.14,49.00,48.83,48.75,48.78,48.75,48.85,49.27,49.66,49.95,50.39,50.22,50.36,50.19,49.95,49.66,49.63,49.80,50.12,50.44,50.75,50.85,50.87,50.83,50.68,50.48,50.22,50.02,49.88,50.00,50.17,50.34,50.44,50.80,50.97,51.19,51.26,51.34,51.31,51.14,51.05,51.00,51.36,51.68,51.82,52.11,52.44,52.75,52.83,52.20,49.78,45.77,45.59,45.92,45.30,48.22,51.51,52.68,52.97,52.80,52.61,52.25,51.80,51.07,50.58,50.46,50.44,50.22,49.88,49.36,48.51,47.90,47.46,47.41,47.38,47.24,46.86,46.79,46.89,47.34,47.78,47.92,48.05,48.05,47.95,47.51,47.24,47.34,47.43,47.43,47.19,47.16,47.68,47.83,47.88,48.00,48.24,48.44,48.12,46.41,45.59,45.20,45.15,44.87,44.67,44.62,44.52,44.92,45.30,45.57,45.82,46.39,47.06,46.27,45.10,45.52,45.35,45.39,45.42,45.57,45.57,45.87,46.09,46.54,46.91,47.09,47.09,47.24,47.63,47.92,47.66,47.26,46.71,46.09,45.97,46.39,47.21,47.88,48.34,48.56,48.68,48.70,48.12,46.84,46.14,46.74,47.75,48.56,48.92,48.92,48.80,48.61,48.34,48.29,48.46,48.19,47.90,47.71,47.80,48.12,48.31,48.58,48.97,49.34,49.34,48.92,48.92,48.97,48.58,48.19,48.17,48.90,49.34,49.44,49.44,49.17,48.63,48.07,47.63,47.63,47.43,47.56,47.75,48.85,49.83,50.53,51.68,52.49,53.26,53.76,54.21,54.38,54.57,54.83,55.07,55.69,57.17,57.80,58.04,59.70,61.07,61.18,61.48,61.43,61.55,61.53,61.57,61.60,61.69,61.69,61.69,61.73,61.73,61.73,61.73,61.85,61.78,61.73,61.80,61.71,61.64,61.66,61.73,61.78,61.64,61.64,61.57,61.60,61.62,61.60,61.55,61.53,61.55,-327.68,-327.68,-327.68,
-327.68,-327.68,-327.68,61.85,62.15,61.57,60.95,60.63,60.40,60.24,60.17,60.19,60.22,60.10,60.17,60.31,60.24,60.19,60.24,60.33,60.24,60.24,60.31,60.33,60.38,60.40,60.42,60.45,60.47,60.47,60.47,60.47,60.52,60.47,60.61,60.45,60.45,60.58,60.49,60.42,60.45,60.42,60.17,60.19,60.03,60.10,60.05,59.96,59.94,59.84,59.61,59.40,58.09,56.87,57.03,55.84,55.29,55.00,54.59,54.26,53.97,53.69,53.16,52.95,52.75,52.54,52.25,51.87,51.53,51.26,50.63,49.88,49.56,49.34,49.07,48.90,48.73,48.49,48.58,48.85,49.27,49.61,49.66,49.66,49.53,49.46,49.34,49.56,49.83,49.90,49.80,49.78,49.73,49.68,49.39,49.70,49.97,50.14,50.19,50.44,50.63,50.78,50.85,50.85,50.56,50.22,50.05,49.95,49.92,49.97,49.88,49.80,49.70,49.73,49.75,49.83,49.80,49.29,48.97,49.00,49.00,48.97,48.63,48.39,48.95,49.02,49.19,49.17,49.02,48.75,48.44,48.10,47.43,46.71,46.41,46.81,47.24,47.53,48.53,49.24,48.56,48.56,48.78,48.90,48.85,48.90,49.00,48.90,48.75,48.56,48.70,48.80,49.24,49.58,49.97,50.09,50.39,50.12,49.70,49.44,49.36,49.07,49.07,49.36,50.07,50.51,50.66,50.73,50.70,50.56,50.22,49.53,49.22,49.36,49.27,49.27,49.19,49.66,50.07,50.44,50.73,50.95,51.05,50.78,50.58,50.41,50.19,50.02,50.48,51.00,51.68,51.82,52.37,52.63,52.80,52.49,49.73,45.64,45.49,46.02,45.20,48.24,51.53,52.80,52.99,52.78,52.37,52.11,51.46,49.78,49.00,48.92,49.17,49.73,49.97,49.41,48.61,47.90,47.31,47.14,46.94,46.89,46.41,45.39,45.32,46.51,47.48,47.73,47.90,47.83,47.75,47.29,47.06,47.11,47.16,47.16,47.01,47.24,47.58,47.68,47.78,47.92,48.22,48.19,47.34,46.37,45.72,44.85,44.23,43.65,43.45,43.45,43.88,44.72,45.32,45.54,45.44,45.47,45.52,45.07,43.50,43.58,43.98,44.05,44.18,43.83,44.35,45.52,46.41,47.43,48.31,48.70,48.85,48.75,48.29,47.80,47.41,46.91,46.24,45.94,46.61,47.38,47.68,47.92,48.12,48.41,48.56,48.83,48.07,46.29,46.46,47.43,47.97,48.19,48.49,48.46,48.36,48.36,48.17,48.00,47.92,47.71,47.48,47.66,47.90,48.14,48.29,48.44,49.00,49.44,49.78,49.29,48.44,47.95,47.78,47.56,47.66,48.41,49.07,49.29,49.31,49.07,48.56,47.88,47.26,47.16,47.14,47.29,47.41,48.46,49.22,50.14,51.44,52.44,53.16,53.61,54.00,54.26,54.28,54.52,54.93,55.53,57.03,57.71,57.78,59.49,61.14,61.37,61.41,61.43,61.53,61.60,61.64,61.64,61.69,61.71,61.69,61.73,61.76,61.76,61.73,61.78,61.73,61.76,61.85,61.73,61.73,61.73,61.73,61.73,61.62,61.62,61.60,61.50,61.48,61.50,61.48,61.55,61.50,-327.68,-327.68,-327.68,
-327.68,-327.68,-327.68,62.22,61.69,60.93,60.47,60.38,60.24,60.12,60.12,60.17,60.17,60.08,60.15,60.12,60.17,60.26,60.19,60.26,60.31,60.26,60.33,60.35,60.33,60.38,60.42,60.45,60.47,60.38,60.33,60.45,60.54,60.61,60.65,60.42,60.49,60.54,60.49,60.42,60.35,60.35,60.19,60.22,60.05,60.24,60.05,59.89,59.96,59.82,59.63,59.35,58.02,56.82,56.96,55.79,55.22,54.76,54.24,53.85,53.73,53.35,52.99,52.87,52.75,52.44,51.89,51.44,51.14,50.51,49.83,49.07,48.78,48.58,48.19,48.14,48.31,48.22,48.12,47.95,48.51,48.88,49.05,49.09,49.07,49.00,48.85,49.19,49.56,49.75,49.83,49.66,49.56,49.39,49.07,49.29,49.63,49.73,49.80,50.27,50.56,50.78,50.80,50.61,50.24,49.92,49.70,49.51,49.41,49.41,49.46,49.63,49.88,49.80,49.83,49.90,49.63,49.44,49.29,49.00,48.56,48.41,48.14,48.10,48.56,48.92,49.14,49.19,49.00,48.61,48.14,47.51,46.49,46.07,46.27,46.61,47.09,47.48,48.29,48.68,48.00,48.51,48.78,48.85,48.70,47.51,47.53,47.41,47.68,47.75,48.05,48.73,49.61,49.78,49.92,50.07,50.19,49.73,47.88,47.48,47.29,47.21,47.16,47.63,49.83,50.19,50.27,50.36,50.39,50.14,49.24,47.36,47.31,48.56,48.36,48.27,47.36,48.61,49.63,49.92,50.39,50.61,50.68,49.70,48.56,48.41,48.63,48.75,48.75,49.78,51.63,51.87,52.49,52.80,52.92,52.63,49.85,45.62,45.42,45.84,45.05,48.27,51.58,53.02,53.11,52.87,52.44,52.06,51.00,47.75,46.86,46.69,47.21,49.02,50.00,49.61,48.83,47.90,46.91,46.64,46.49,46.44,46.17,45.05,45.30,46.51,47.29,47.38,47.53,47.58,47.36,47.01,46.69,46.64,46.71,46.76,46.74,47.06,47.41,47.63,47.80,47.78,47.61,47.16,46.51,46.46,46.07,44.52,43.53,43.07,43.78,43.78,44.00,44.82,45.35,45.57,45.44,45.49,45.49,45.30,43.25,43.07,43.17,43.12,43.12,43.63,45.17,47.19,48.17,48.41,48.68,48.70,48.73,48.83,48.46,47.90,47.26,46.89,46.69,46.81,47.26,47.51,47.63,47.73,47.92,48.27,48.27,48.44,47.41,46.24,46.84,47.41,47.68,47.97,48.12,48.10,48.07,48.22,48.07,47.73,47.41,47.26,47.24,47.56,47.71,48.00,48.22,48.56,48.90,49.34,49.78,49.61,47.63,45.94,46.04,45.74,45.82,47.06,48.61,49.07,49.17,48.97,48.41,47.73,46.59,46.69,46.96,46.76,46.69,47.41,48.12,49.14,50.58,51.97,52.97,53.06,52.25,51.87,52.54,53.09,54.19,55.26,56.82,57.62,57.95,59.16,61.00,61.27,61.50,61.48,61.48,61.55,61.62,61.64,61.64,61.69,61.71,61.69,61.71,61.71,61.71,61.76,61.78,61.80,61.82,61.73,61.53,61.66,61.73,61.66,61.60,61.60,61.50,61.55,61.55,61.46,61.48,61.53,61.48,-327.68,-327.68,-327.68,
-327.68,-327.68,-327.68,61.69,61.14,60.52,60.26,60.12,60.10,60.22,60.19,60.10,60.17,60.22,60.33,60.12,60.19,60.22,60.12,60.22,60.19,60.26,60.31,60.26,60.31,60.33,60.35,60.38,60.35,60.42,60.40,60.35,60.49,60.52,60.49,60.63,60.49,60.52,60.52,60.38,60.33,60.15,60.19,60.19,60.03,60.19,60.05,60.01,59.91,59.87,59.73,59.37,57.83,56.87,56.89,55.86,54.93,54.21,53.71,53.14,52.87,52.75,52.68,52.56,52.42,52.20,51.70,51.19,50.51,49.66,48.56,47.90,47.97,47.92,47.75,48.12,48.39,48.12,47.63,47.41,47.38,47.68,47.75,47.80,47.80,47.95,48.44,48.83,49.14,49.58,49.80,49.53,48.63,48.24,48.07,48.12,48.53,48.12,48.51,49.95,50.44,50.66,50.58,50.34,49.63,48.75,48.14,48.12,48.31,48.12,47.97,49.05,49.61,49.63,49.63,49.78,49.63,49.41,48.88,47.88,46.07,46.02,46.24,46.59,48.05,48.83,49.00,49.07,48.92,48.24,47.43,46.69,46.12,46.02,46.14,46.41,46.79,47.24,47.83,47.46,47.80,48.34,48.78,49.00,48.56,46.02,45.77,45.89,46.02,46.44,47.19,48.53,49.39,49.63,49.88,50.05,50.05,49.36,46.39,45.84,45.30,45.17,45.47,46.39,49.51,49.73,49.63,49.70,49.97,49.83,48.07,46.02,46.17,47.73,47.56,47.46,46.29,48.00,49.12,49.31,49.92,50.19,50.07,48.85,47.24,46.91,47.73,48.12,47.90,49.14,51.75,52.18,52.66,52.97,53.04,52.68,50.00,45.67,45.47,45.79,45.10,48.17,51.63,53.02,53.18,52.95,52.66,52.08,50.95,47.16,46.69,46.32,46.07,48.80,50.00,49.66,48.83,47.90,46.99,46.49,46.27,46.24,46.22,46.14,46.56,46.99,47.31,47.24,47.14,47.19,47.36,47.16,46.39,45.87,46.07,46.29,46.17,46.54,47.14,47.29,47.38,47.14,46.89,46.66,46.41,46.74,46.29,43.85,42.51,42.61,43.78,44.90,45.57,45.84,45.84,45.69,45.47,45.59,45.92,45.35,43.12,42.92,43.07,42.46,43.00,45.49,47.73,48.31,48.31,48.29,48.34,48.31,48.56,48.95,48.51,47.92,47.38,46.96,46.74,46.81,47.19,47.41,47.63,47.66,47.83,48.02,47.53,47.46,46.81,46.39,46.69,47.01,47.41,47.63,47.56,47.14,47.53,47.78,47.71,47.29,46.91,47.16,47.26,47.46,47.63,48.05,48.31,48.78,49.00,49.39,49.90,49.41,47.01,45.02,44.25,43.83,44.33,46.17,48.31,48.97,49.00,48.78,48.22,47.26,46.41,46.76,47.06,46.46,46.14,46.71,47.34,48.24,49.56,51.12,52.47,51.65,48.92,48.22,48.61,49.19,52.44,54.90,56.82,57.48,57.78,59.12,61.00,61.16,61.41,61.37,61.57,61.55,61.62,61.69,61.62,61.69,61.71,61.66,61.66,61.71,61.71,61.73,61.78,61.78,61.76,61.73,61.66,61.69,61.71,61.73,61.66,61.53,61.53,61.55,61.50,61.46,61.41,61.41,61.48,-327.68,-327.68,-327.68,
-327.68,-327.68,-327.68,60.77,60.63,60.35,60.22,60.05,60.01,60.05,60.17,60.15,60.19,60.19,60.29,60.19,60.22,60.24,60.17,60.17,60.15,60.24,60.24,60.26,60.33,60.33,60.33,60.35,60.40,60.47,60.38,60.40,60.45,60.54,60.52,60.52,60.49,60.52,60.47,60.52,60.24,60.35,60.31,60.19,60.22,60.12,60.08,59.91,59.98,59.82,59.70,59.44,58.09,57.17,56.89,55.79,54.57,53.21,51.89,51.26,50.78,50.75,52.01,52.40,52.23,51.85,51.34,50.58,49.36,48.17,47.26,47.06,47.46,47.38,47.53,48.07,48.78,48.97,47.78,47.01,45.64,45.05,45.42,45.64,45.92,46.86,47.97,48.31,48.78,49.39,49.63,49.36,47.41,46.74,46.59,46.54,46.76,46.27,46.96,49.80,50.39,50.48,50.41,50.09,49.22,47.46,45.89,45.82,46.29,46.44,47.14,48.83,49.46,49.36,49.36,49.39,49.41,48.95,46.84,45.72,44.40,44.45,44.47,45.30,47.90,48.58,48.95,49.12,48.85,47.83,47.14,46.81,46.46,46.27,46.14,46.44,46.41,46.29,46.99,47.01,47.88,48.53,48.90,49.00,48.58,45.94,45.30,45.27,45.54,45.82,46.61,48.27,48.92,49.17,49.70,50.00,50.00,49.34,46.64,45.39,44.77,44.80,45.42,45.97,49.14,49.39,49.02,49.07,49.53,49.66,48.19,46.71,46.27,46.69,46.99,47.01,46.89,48.12,48.85,48.80,49.53,49.90,49.63,48.39,47.21,46.84,47.38,47.97,48.27,49.66,51.94,52.25,52.66,52.99,53.06,52.54,49.95,45.57,45.42,45.72,45.02,47.51,51.58,52.95,53.18,52.99,52.63,52.18,50.95,46.94,46.91,46.66,45.94,48.97,49.92,49.56,48.78,47.88,47.01,46.69,46.41,46.29,46.49,46.86,46.96,47.01,47.36,47.61,47.21,47.41,47.73,47.73,47.09,46.39,46.29,46.02,46.04,46.02,45.87,45.87,46.69,46.79,46.99,47.06,46.89,47.06,46.12,43.55,42.18,42.28,44.28,46.94,47.92,47.71,47.36,46.96,46.37,46.02,45.97,45.67,43.40,42.54,42.21,42.56,44.75,47.63,48.05,48.17,48.34,48.22,48.14,48.19,48.83,49.19,48.46,47.90,47.46,46.99,46.66,46.71,46.89,47.09,47.31,47.43,47.46,47.09,45.42,45.62,46.39,46.29,46.24,46.49,46.91,47.06,46.61,45.97,46.51,46.99,47.09,46.27,45.47,46.84,47.80,47.43,47.38,48.36,48.61,48.75,49.19,49.53,49.44,48.49,46.12,43.68,42.97,43.12,44.03,46.02,48.07,48.78,48.68,48.61,48.17,47.36,46.69,46.91,46.86,46.49,46.14,46.79,47.46,48.49,49.88,51.22,52.23,51.07,47.75,47.68,48.10,49.24,52.80,54.64,56.59,57.55,57.78,59.07,60.81,61.27,61.39,61.41,61.57,61.60,61.60,61.71,61.64,61.64,61.73,61.73,61.73,61.71,61.66,61.73,61.71,61.73,61.73,61.62,61.76,61.66,61.73,61.66,61.60,61.71,61.53,61.60,61.50,61.50,61.43,61.37,61.46,-327.68,-327.68,-327.68,
-327.68,-327.68,-327.68,60.40,60.31,60.19,60.15,60.05,60.08,60.15,60.19,60.15,60.12,60.19,60.24,60.24,60.12,60.10,60.15,60.17,60.22,60.26,60.22,60.24,60.31,60.33,60.35,60.38,60.40,60.38,60.35,60.45,60.35,60.49,60.61,60.49,60.54,60.49,60.52,60.54,60.31,60.33,60.24,60.26,60.17,60.15,60.10,60.03,59.98,59.87,59.66,59.49,58.25,57.27,56.89,55.91,54.64,53.02,50.09,49.05,48.51,48.85,51.14,52.13,51.94,51.63,51.00,50.09,48.29,47.09,46.49,46.51,46.79,46.91,47.34,47.90,48.58,49.07,47.53,46.54,45.47,44.75,44.62,44.67,44.72,45.79,47.29,47.75,48.51,49.19,49.51,49.27,46.76,45.84,45.79,45.52,45.57,45.44,46.66,49.88,50.27,50.41,50.19,49.83,48.97,47.29,45.54,45.05,45.64,46.69,48.34,49.17,48.92,48.90,48.78,48.95,49.07,48.78,45.92,44.52,44.38,44.30,44.25,45.49,48.07,48.44,48.95,49.27,48.61,47.75,47.16,46.76,46.51,46.09,46.02,46.32,46.69,46.69,47.14,47.56,48.34,48.83,49.19,49.09,48.56,45.79,45.39,45.47,45.49,45.57,46.32,47.90,48.46,48.56,49.41,49.83,49.85,49.19,46.49,45.05,44.77,45.42,45.79,45.72,48.78,49.09,48.75,48.78,49.34,49.63,48.61,47.66,46.69,46.02,46.71,46.74,47.31,47.71,48.41,48.61,49.19,49.75,49.41,48.34,47.31,47.16,47.63,48.14,48.51,50.24,51.94,52.25,52.68,53.04,53.14,52.49,50.83,45.57,45.22,45.57,44.87,47.31,51.97,52.83,53.09,52.95,52.49,52.13,51.00,46.84,47.46,47.24,46.74,48.85,49.97,49.44,48.70,47.88,47.19,46.79,46.49,46.66,47.11,47.26,47.16,46.79,47.66,48.12,47.83,47.80,47.97,47.92,47.68,47.14,46.14,45.79,46.29,46.32,45.30,45.47,46.89,47.34,47.58,47.63,47.41,47.56,46.46,44.30,43.12,43.15,44.60,46.99,48.12,47.97,47.88,47.71,47.38,46.91,46.39,45.57,43.58,42.54,42.26,43.58,46.94,48.00,48.12,48.22,48.29,48.14,47.95,48.12,48.78,49.09,48.56,48.10,47.56,47.01,46.86,46.94,46.91,46.69,46.86,47.06,46.96,46.27,44.47,45.30,46.29,46.44,45.92,45.69,46.09,46.49,46.29,45.74,46.24,46.54,46.59,45.59,43.98,45.10,46.64,46.66,47.92,49.70,49.22,48.34,48.41,48.63,48.61,47.92,45.52,43.38,43.27,43.73,44.38,46.07,47.97,48.51,48.46,48.49,48.10,47.38,46.46,45.52,45.62,46.46,46.66,47.26,48.31,49.66,50.90,51.73,52.08,50.48,47.83,47.34,47.58,48.78,51.99,54.76,56.38,57.29,57.64,58.95,60.79,61.27,61.48,61.46,61.53,61.53,61.53,61.73,61.60,61.64,61.73,61.64,61.66,61.66,61.69,61.76,61.73,61.73,61.71,61.71,61.73,61.71,61.73,61.64,61.48,61.62,61.60,61.53,61.53,61.48,61.41,61.43,61.48,-327.68,-327.68,-327.68,
-327.68,-327.68,-327.68,60.22,60.19,60.05,60.08,60.10,60.08,60.10,60.15,60.08,60.19,60.31,60.19,60.19,60.10,60.19,60.15,60.12,60.17,60.19,60.22,60.19,60.22,60.29,60.33,60.40,60.31,60.35,60.33,60.45,60.38,60.42,60.47,60.49,60.49,60.52,60.49,60.68,60.29,60.31,60.26,60.15,60.15,60.12,60.05,60.05,60.05,59.89,59.66,59.54,58.34,57.31,56.89,55.81,54.79,52.90,50.41,48.97,48.41,49.00,51.00,51.94,51.53,50.75,50.05,49.12,47.95,46.89,46.17,45.97,46.27,46.64,47.16,47.71,48.27,47.80,46.69,46.46,45.57,44.80,44.45,44.42,44.00,45.47,47.06,47.61,48.49,49.19,49.56,49.29,46.71,45.77,45.59,45.05,45.07,45.32,46.94,49.80,50.34,50.24,50.02,49.68,48.85,47.19,45.52,45.17,45.62,47.46,49.00,48.85,48.49,48.51,48.39,48.56,49.00,48.49,46.02,44.52,44.57,44.77,44.80,46.12,47.78,48.49,49.27,49.53,48.56,47.90,47.34,46.56,45.47,44.82,45.74,46.49,46.89,47.63,47.75,48.14,48.73,49.05,49.27,49.19,48.61,45.92,45.30,45.47,45.39,45.57,46.37,47.63,48.22,48.41,49.19,49.85,49.83,49.24,46.54,45.25,45.00,45.79,45.92,46.61,48.73,49.00,48.78,48.92,49.44,49.63,48.88,47.92,47.41,46.71,46.69,46.46,46.69,47.21,48.10,48.58,49.19,49.56,49.46,48.53,47.58,47.71,48.02,48.29,48.24,49.88,51.77,52.16,52.56,52.99,52.99,52.49,49.85,45.49,45.07,45.44,44.82,47.21,51.22,52.68,52.95,52.83,52.32,51.94,50.95,46.84,47.24,48.00,48.22,49.07,50.00,49.46,48.70,47.80,47.34,46.94,46.71,47.16,47.51,47.53,47.51,47.43,48.22,48.34,48.19,47.90,47.83,47.80,47.71,47.48,46.24,45.12,45.99,46.41,45.42,45.84,47.31,47.90,47.95,48.22,47.78,47.90,46.74,45.10,44.28,44.03,44.47,46.46,47.92,47.97,47.78,47.63,47.61,47.43,46.61,45.57,43.80,44.10,44.25,45.59,47.61,47.80,48.12,48.22,48.19,48.05,47.71,47.46,47.63,48.12,48.27,47.90,46.39,46.24,46.86,47.43,47.36,46.79,46.91,46.96,46.94,46.49,45.89,46.46,46.76,46.99,46.64,46.39,46.74,47.24,47.29,46.74,46.69,46.54,46.51,45.99,43.80,43.50,45.10,47.21,49.44,49.70,49.14,48.19,47.92,48.46,48.61,47.92,45.94,44.52,44.70,44.60,44.92,46.04,47.75,48.39,48.46,48.46,48.17,47.11,45.07,44.05,45.39,46.91,47.24,47.80,48.92,50.31,51.24,51.85,51.94,50.39,47.68,47.06,47.41,48.78,52.04,54.45,56.19,56.94,57.38,58.72,60.63,61.32,61.46,61.50,61.48,61.48,61.53,61.73,61.62,61.71,61.62,61.60,61.66,61.64,61.64,61.64,61.64,61.69,61.66,61.64,61.62,61.60,61.57,61.57,61.62,61.53,61.43,61.57,61.48,61.55,61.46,61.39,61.41,-327.68,-327.68,-327.68,
-327.68,-327.68,-327.68,60.19,60.19,60.10,60.10,60.08,60.15,60.17,60.19,60.08,60.17,60.19,60.15,60.19,60.19,60.22,60.22,60.17,60.15,60.17,60.17,60.15,60.17,60.31,60.29,60.31,60.22,60.35,60.24,60.33,60.35,60.38,60.35,60.47,60.42,60.52,60.38,60.58,60.26,60.29,60.22,60.19,60.26,60.19,60.17,60.12,60.03,59.87,59.70,59.52,58.37,57.36,56.94,55.91,54.81,52.97,50.61,49.12,48.75,49.27,51.17,51.65,50.70,49.61,48.78,47.95,47.46,46.84,46.07,45.74,45.84,46.39,46.86,47.48,47.61,46.96,46.64,46.69,45.72,44.65,44.20,44.05,44.47,46.17,47.19,47.66,48.27,49.24,49.58,49.31,46.69,45.99,45.57,45.07,45.30,46.12,47.16,49.63,50.00,49.97,49.66,49.39,48.88,47.80,46.32,45.22,45.72,47.66,48.92,48.73,48.58,48.51,48.29,48.39,48.75,48.27,45.10,44.20,44.60,45.07,45.30,45.62,47.26,48.22,48.83,49.44,48.97,48.17,47.21,45.67,44.75,44.52,44.87,46.04,47.16,48.10,49.02,48.36,48.83,49.31,49.56,49.41,48.95,46.24,45.64,45.57,45.69,45.57,46.32,47.73,48.24,48.56,49.41,50.05,50.12,49.39,46.74,45.47,45.00,45.47,45.62,46.86,48.92,49.22,49.27,49.41,49.92,49.83,48.53,47.11,46.91,46.94,46.69,46.32,46.61,47.38,48.24,48.78,49.29,49.63,49.51,48.49,47.61,47.63,47.63,48.58,48.05,49.24,51.53,52.06,52.47,52.90,52.78,52.32,49.73,45.57,45.02,45.32,44.80,47.53,51.05,52.51,52.83,52.66,52.13,51.70,50.90,46.91,46.61,47.53,47.97,49.07,50.22,49.68,48.61,47.68,47.31,47.14,47.31,47.43,47.63,47.73,47.88,48.17,48.34,48.29,48.24,48.00,47.83,47.75,47.78,47.66,46.46,45.39,45.67,46.02,46.32,46.71,47.66,48.22,48.34,48.31,48.24,47.90,47.01,45.77,45.25,45.20,44.87,45.92,47.43,47.92,47.88,47.61,47.53,47.38,47.09,45.82,44.15,46.44,46.96,47.14,47.68,47.92,48.17,48.31,48.24,48.02,47.51,46.79,46.27,45.79,45.52,45.22,44.67,44.85,46.07,47.26,47.41,47.16,47.41,47.29,47.09,46.96,46.91,47.09,47.19,47.38,47.41,47.26,47.63,47.88,48.10,47.90,47.41,46.96,46.84,45.99,44.25,44.23,46.27,48.78,49.17,49.19,49.17,48.58,48.07,48.34,48.61,48.24,46.66,45.25,44.87,44.70,44.90,45.89,47.53,48.22,48.34,48.36,48.34,47.21,44.92,44.28,46.14,47.43,47.61,47.90,48.58,49.90,50.95,51.53,51.73,50.56,48.12,47.36,47.53,49.00,52.18,54.67,56.05,56.66,57.24,58.58,60.45,61.30,61.46,61.46,61.50,61.48,61.48,61.69,61.62,61.69,61.60,61.62,61.62,61.64,61.69,61.64,61.66,61.64,61.50,61.50,61.57,61.60,61.60,61.50,61.57,61.48,61.43,61.46,61.32,61.41,61.39,61.32,61.32,-327.68,-327.68,-327.68,
-327.68,-327.68,-327.68,60.05,60.08,60.10,60.12,60.05,60.10,60.05,60.12,60.12,60.05,60.15,60.17,60.05,60.01,60.15,60.15,60.17,60.17,60.05,60.05,60.12,60.15,60.24,60.22,60.22,60.17,60.24,60.22,60.24,60.29,60.35,60.33,60.33,60.33,60.45,60.40,60.33,60.33,60.26,60.26,60.33,60.15,60.12,60.17,60.03,60.05,59.96,59.77,59.56,58.32,57.29,56.91,56.05,54.90,52.95,50.46,48.97,48.58,49.07,50.78,51.46,50.19,49.17,48.49,47.95,47.29,46.66,46.02,45.82,45.97,45.97,46.41,46.69,46.49,46.56,46.79,46.99,45.84,44.87,45.05,45.20,45.22,46.94,47.66,48.02,48.56,49.36,49.63,49.41,46.74,46.02,45.35,45.44,46.22,47.26,47.31,49.44,49.56,49.58,49.17,49.00,48.97,48.73,47.68,46.24,46.41,48.00,49.19,48.78,48.61,48.56,48.53,48.75,48.88,48.36,45.64,44.40,44.20,44.87,45.97,45.84,47.46,48.27,48.46,48.41,48.22,47.75,46.99,45.84,45.05,45.02,45.10,45.25,46.59,47.97,49.00,48.73,49.24,49.63,49.75,49.70,49.22,46.66,46.34,46.34,45.99,45.82,46.39,48.05,48.75,49.00,49.68,50.22,50.36,49.46,46.59,45.54,45.32,45.77,45.82,47.01,49.07,49.29,49.56,50.05,50.31,50.22,48.53,46.49,45.59,46.02,46.29,46.56,47.09,47.61,48.53,48.92,49.34,49.75,49.70,48.58,47.38,47.14,47.68,48.85,48.78,49.61,51.39,52.08,52.49,52.68,52.56,52.06,49.51,45.42,44.90,45.30,44.75,47.31,50.87,52.32,52.56,52.37,52.04,51.65,51.31,49.19,48.63,48.95,49.14,49.95,50.51,50.00,48.95,48.10,47.66,47.53,47.63,47.68,47.56,47.73,47.97,48.17,48.41,48.24,47.95,47.78,47.73,47.80,47.78,47.61,47.38,47.31,47.38,47.68,48.05,48.12,48.34,48.49,48.73,48.63,48.53,48.31,48.05,47.68,47.36,47.11,46.84,46.76,47.43,48.02,47.92,47.58,47.51,47.38,46.91,46.09,45.67,47.11,47.43,47.36,47.48,47.80,48.05,48.05,47.92,47.63,46.94,46.54,46.39,46.27,46.12,45.97,45.99,45.97,46.37,47.26,47.34,47.36,47.61,47.41,47.01,46.96,47.21,47.41,47.41,47.56,47.48,47.29,47.68,47.97,48.31,48.36,48.41,47.46,46.91,46.34,45.57,45.84,47.56,48.63,48.58,48.73,48.88,48.68,48.29,48.29,48.53,48.27,46.74,45.67,45.47,45.05,45.47,46.12,47.41,47.88,48.05,48.34,48.49,47.48,45.47,45.12,46.74,47.58,47.63,47.83,48.19,49.19,50.70,51.58,51.68,50.46,48.31,47.71,48.05,49.58,52.23,54.43,55.81,56.56,57.24,58.27,60.33,61.18,61.41,61.39,61.48,61.57,61.50,61.57,61.60,61.60,61.60,61.55,61.57,61.60,61.64,61.60,61.55,61.57,61.57,61.60,61.53,61.48,61.53,61.41,61.30,61.39,61.39,61.32,61.41,61.32,61.27,61.39,61.46,-327.68,-327.68,-327.68,
-327.68,-327.68,-327.68,60.05,60.05,60.03,60.01,60.08,59.98,60.05,60.05,60.12,60.10,60.05,60.22,60.19,60.05,59.96,59.98,59.98,59.98,60.01,59.98,60.05,60.17,60.19,60.05,60.08,60.10,60.12,60.19,60.19,60.19,60.26,60.24,60.24,60.19,60.35,60.33,60.24,60.17,60.19,60.19,60.19,60.17,60.22,60.19,60.12,60.01,59.87,59.70,59.54,58.51,57.24,56.82,56.02,54.93,52.95,50.31,48.83,48.68,49.12,50.87,51.61,50.53,49.36,48.70,48.10,47.58,46.71,46.24,46.32,46.27,45.47,45.79,46.64,46.81,46.91,47.11,47.16,46.32,45.72,45.82,45.84,46.49,47.16,48.02,48.78,48.95,49.46,49.66,49.63,47.26,46.12,45.62,45.84,46.91,48.10,48.19,49.41,49.29,49.19,48.90,48.73,48.75,48.61,48.39,47.41,46.94,47.92,48.85,48.85,48.78,48.88,48.88,48.92,48.90,48.31,46.32,45.69,45.12,45.35,46.49,46.12,47.71,48.58,48.68,48.53,48.41,48.14,47.43,46.17,45.57,45.69,45.82,46.14,46.94,47.61,48.31,48.68,49.34,49.88,50.00,50.14,49.36,47.14,47.26,47.38,47.43,47.51,47.75,48.85,49.61,49.88,50.31,50.58,50.63,49.92,47.24,46.61,46.66,46.74,47.09,47.92,49.39,49.36,49.51,50.19,50.61,50.63,49.56,47.63,46.39,46.44,46.66,47.48,48.07,48.44,49.41,49.29,49.61,50.07,50.12,49.73,48.39,47.92,48.70,49.19,49.90,50.56,51.63,52.08,52.42,52.49,52.49,51.53,49.19,45.17,44.75,45.02,44.52,46.96,50.58,52.06,52.25,52.20,52.01,51.80,51.70,51.19,51.12,51.14,50.95,50.78,50.46,50.02,49.39,48.75,48.14,47.73,47.63,47.68,47.48,47.90,47.92,47.95,48.17,47.90,47.78,47.61,47.63,47.46,47.41,47.53,47.83,48.07,48.22,48.51,48.78,48.95,48.73,48.56,48.85,48.83,48.78,48.68,48.56,48.27,47.90,47.63,47.38,47.34,47.51,47.75,47.71,47.46,47.51,47.41,47.16,46.12,45.77,46.76,47.06,46.91,47.16,47.56,47.61,47.63,47.41,47.09,46.69,46.66,46.74,46.91,47.19,47.41,47.56,47.53,47.46,47.63,47.61,47.61,47.66,47.53,47.14,46.81,47.16,47.51,47.63,47.71,47.38,46.76,47.63,48.61,49.44,50.24,49.24,47.63,46.91,46.69,46.56,47.06,47.97,48.39,48.49,48.56,48.56,48.46,48.22,48.19,48.34,48.24,47.92,47.83,47.36,46.66,46.84,47.16,47.75,47.92,48.24,48.70,48.83,48.05,46.59,46.37,47.29,47.66,47.80,47.97,48.29,49.27,50.61,51.44,51.41,50.27,48.92,49.09,49.83,50.83,52.06,53.54,55.26,56.54,57.01,57.92,60.19,61.09,61.30,61.30,61.48,61.55,61.48,61.43,61.55,61.48,61.50,61.46,61.53,61.57,61.60,61.46,61.43,61.48,61.50,61.53,61.53,61.41,61.46,61.50,61.46,61.48,61.32,61.41,61.41,61.32,61.32,61.50,61.57,-327.68,-327.68,-327.68,
-327.68,-327.68,-327.68,60.03,60.05,60.03,60.03,60.08,60.01,59.98,60.01,60.01,60.03,60.05,60.05,60.15,60.10,60.05,60.01,59.98,59.94,59.94,60.01,59.94,60.03,60.01,60.05,59.98,60.01,60.03,60.03,60.05,60.05,60.22,60.24,60.19,60.17,60.19,60.22,60.26,60.10,60.17,60.22,60.24,60.10,60.10,60.05,59.94,59.91,59.84,59.73,59.42,58.37,57.22,56.82,56.05,54.93,53.11,50.70,49.27,49.09,49.63,51.36,52.30,51.39,50.41,49.41,48.49,47.71,46.46,46.02,46.61,46.49,45.64,46.17,47.01,47.21,47.16,47.34,47.41,46.89,46.99,47.01,47.16,47.92,48.46,48.85,48.92,49.19,49.51,49.73,49.58,48.41,48.05,47.63,47.46,48.10,48.75,49.07,49.34,49.19,49.12,48.85,48.78,48.29,48.12,47.90,47.58,47.43,48.00,48.58,48.73,48.80,48.95,48.97,48.95,48.80,48.44,47.43,47.41,47.14,47.16,47.36,47.63,48.12,48.51,48.70,48.78,48.75,48.73,48.41,48.05,47.90,48.00,48.00,48.00,48.17,48.56,49.00,49.27,49.66,49.97,50.02,50.34,50.05,49.63,49.41,49.34,49.36,49.56,49.75,49.85,50.02,50.41,50.75,50.87,50.92,50.75,50.31,49.58,49.51,49.51,50.12,50.00,49.97,49.95,50.07,50.53,50.85,50.95,50.95,50.09,49.66,49.44,49.19,49.07,49.27,49.80,50.19,49.73,49.97,50.27,50.56,50.58,50.61,50.27,50.75,50.83,51.14,51.44,51.75,52.20,52.40,52.32,52.25,51.41,49.00,45.05,44.65,45.05,44.52,46.74,50.39,51.73,52.06,52.04,51.82,51.80,51.73,51.70,51.70,51.53,51.22,50.83,50.46,50.02,49.44,48.90,48.34,47.80,47.51,47.51,47.58,47.97,47.80,47.83,48.00,47.88,47.61,47.24,46.91,46.94,47.16,47.36,47.61,47.97,48.41,48.63,49.07,49.22,49.12,48.75,49.00,48.88,48.73,48.73,48.56,48.34,47.97,47.56,47.29,47.26,47.41,47.78,47.90,47.90,47.88,47.71,47.36,46.51,45.82,46.34,46.76,46.71,46.81,46.96,46.96,47.09,46.91,46.91,46.86,46.91,46.89,47.06,47.31,47.56,47.63,47.61,47.46,47.68,47.90,47.75,47.75,47.58,47.06,46.69,47.01,47.51,47.68,47.80,47.21,46.71,48.63,49.85,50.41,50.66,49.68,48.07,47.01,46.59,46.56,47.06,47.80,48.10,48.17,48.29,48.34,48.12,48.10,48.22,48.39,48.36,48.36,48.34,48.12,47.90,47.78,47.83,47.95,48.14,48.49,48.78,48.90,48.39,47.34,47.11,47.61,47.95,48.27,48.44,48.63,49.44,50.53,50.56,49.68,48.97,48.95,49.29,49.78,50.56,51.56,53.06,55.02,56.24,56.98,57.66,59.96,61.04,61.23,61.27,61.32,61.37,61.32,61.32,61.37,61.39,61.48,61.48,61.55,61.53,61.55,61.50,61.50,61.48,61.41,61.41,61.41,61.46,61.43,61.41,61.32,61.27,61.27,61.46,61.32,61.43,61.30,61.41,61.46,-327.68,-327.68,-327.68,
-327.68,-327.68,-327.68,59.96,59.96,59.96,60.03,60.03,59.87,59.84,59.96,59.96,59.91,60.03,59.94,59.91,59.94,60.01,59.96,59.96,59.98,59.91,59.91,59.94,59.98,59.91,59.98,60.01,59.98,59.91,59.91,60.05,60.03,60.19,60.22,60.17,60.08,60.08,60.17,60.22,60.05,60.03,60.05,60.03,60.08,60.10,60.03,60.01,59.98,59.91,59.89,59.52,58.25,57.01,56.54,56.02,55.05,53.90,52.59,51.58,51.24,51.26,51.89,52.40,51.89,51.14,50.24,49.41,48.56,47.43,46.84,46.74,46.76,46.84,47.48,48.00,47.71,47.21,47.09,47.29,47.66,48.00,48.02,48.00,48.51,48.78,48.90,48.92,49.07,49.56,49.53,49.56,49.56,49.51,49.27,48.92,49.02,49.41,49.39,49.34,49.19,49.14,48.90,48.56,47.83,47.53,47.61,47.66,47.75,48.07,48.44,48.58,48.58,48.78,48.90,48.80,48.61,48.46,48.46,48.22,48.14,48.41,48.36,48.34,48.34,48.44,48.70,48.78,48.90,48.85,48.83,48.80,48.78,48.78,48.88,48.88,48.97,49.14,49.31,49.63,50.02,50.12,50.27,50.27,50.31,50.14,50.00,49.88,49.97,50.02,50.05,50.00,50.14,50.46,50.73,50.75,50.87,50.95,50.70,50.56,50.44,50.48,50.53,50.36,50.22,50.19,50.36,50.63,50.92,51.05,51.14,51.26,51.51,51.14,50.48,50.02,49.97,49.73,49.90,49.90,50.24,50.46,50.61,50.78,51.14,51.29,51.31,51.48,51.68,51.80,51.77,52.18,52.23,52.28,52.32,51.41,48.80,45.05,44.57,44.97,44.50,46.37,50.00,51.56,51.87,51.80,51.70,51.73,51.61,51.68,51.44,51.31,50.95,50.66,50.24,49.83,49.36,48.90,48.27,47.75,47.53,47.29,47.16,47.63,47.68,47.92,47.92,47.58,47.16,46.74,46.76,46.81,47.01,47.14,47.16,47.58,48.14,48.56,48.75,49.07,48.88,49.00,48.92,48.75,48.70,48.56,48.34,48.19,47.80,47.48,47.31,47.38,48.00,48.34,48.14,48.00,47.90,47.63,47.31,47.11,46.44,46.27,46.61,46.69,46.76,46.64,46.81,47.09,47.21,47.38,47.46,47.38,47.14,46.94,47.16,47.38,47.29,46.94,46.86,47.43,47.83,47.71,47.68,47.41,46.89,46.46,46.71,47.71,47.75,47.63,47.38,48.22,49.31,49.44,49.85,50.05,49.41,48.19,47.31,46.39,46.12,46.49,47.46,47.90,48.12,48.24,48.14,48.00,47.90,48.07,48.17,48.22,48.22,48.00,47.43,47.16,47.26,47.58,47.83,48.02,48.24,48.34,48.56,48.31,47.51,47.34,47.78,48.29,48.73,49.14,49.53,49.92,50.00,49.19,48.49,48.56,48.78,49.19,49.88,50.63,51.51,53.18,55.07,56.16,56.63,57.88,59.91,60.97,61.14,61.16,61.20,61.27,61.23,61.27,61.27,61.39,61.32,61.32,61.32,61.41,61.46,61.43,61.39,61.37,61.32,61.32,61.41,61.43,61.32,61.27,61.27,61.25,61.30,61.32,61.32,61.27,61.20,61.30,61.30,-327.68,-327.68,-327.68,
-327.68,-327.68,-327.68,60.01,59.96,60.01,59.94,59.91,59.89,59.96,59.89,59.98,59.91,60.01,60.01,60.01,60.03,59.98,59.91,59.91,59.94,59.91,59.91,59.96,60.03,59.94,59.82,59.96,59.96,59.91,59.87,60.03,60.05,60.05,60.03,60.05,60.05,60.10,60.10,60.15,60.01,60.05,60.12,60.01,59.91,59.94,59.89,59.77,59.77,59.77,59.66,59.37,58.25,56.89,56.49,56.07,55.31,54.64,54.07,53.54,53.18,52.73,52.28,52.08,51.73,51.29,50.66,49.92,49.29,48.78,48.02,47.41,47.26,47.46,47.75,48.12,47.75,46.96,46.76,47.19,47.71,48.07,48.12,48.19,48.44,48.56,48.51,48.83,49.09,49.02,49.36,49.61,49.66,49.68,49.63,49.41,49.41,49.70,49.63,49.61,49.36,49.27,48.95,48.19,47.48,47.19,47.29,47.41,47.51,47.90,48.22,48.34,48.46,48.56,48.73,48.73,48.51,48.31,48.34,48.17,48.19,48.46,48.34,48.27,48.19,48.14,48.34,48.56,48.73,48.75,48.78,48.75,48.75,48.88,49.02,49.09,49.17,49.19,49.46,49.83,50.00,50.09,50.19,50.34,50.19,50.34,50.05,50.00,49.92,49.83,49.85,49.95,50.17,50.34,50.53,50.58,50.61,50.63,50.58,50.36,50.39,50.24,50.31,50.34,50.24,50.27,50.41,50.70,50.92,50.95,51.14,51.17,51.39,51.56,50.66,50.41,50.22,49.80,49.78,50.19,50.36,50.51,50.58,50.66,50.92,50.97,51.14,51.46,51.63,51.73,51.73,51.97,52.18,52.28,52.23,51.46,48.78,45.05,44.57,44.90,44.35,46.14,49.83,51.48,51.85,51.70,51.63,51.53,51.58,51.44,51.29,50.95,50.78,50.58,50.12,49.70,49.27,48.73,48.14,48.00,48.97,48.34,46.66,47.16,47.63,47.92,47.61,47.21,46.79,46.74,46.81,46.79,46.99,46.96,46.81,47.36,47.90,48.19,48.58,48.68,48.58,48.56,48.70,48.39,48.22,48.14,48.02,47.83,47.43,47.34,47.48,48.36,48.83,48.46,48.12,48.05,47.78,47.53,47.38,47.21,46.69,46.41,46.61,46.76,46.84,46.81,46.96,47.16,47.29,47.63,47.80,47.90,47.66,47.21,47.14,47.26,46.89,46.44,46.56,47.19,47.66,47.68,47.63,47.21,46.91,47.61,47.51,47.90,47.80,47.61,48.05,48.78,48.88,49.02,49.27,49.41,49.07,48.36,47.68,46.46,45.72,45.94,47.11,47.68,47.92,48.02,48.02,47.90,47.63,47.71,47.90,47.83,47.78,47.38,46.84,46.49,46.74,47.38,47.63,47.75,47.97,48.07,48.27,48.12,47.95,48.19,48.19,48.29,49.02,49.88,50.05,49.85,49.17,48.34,48.22,48.39,48.63,49.17,49.80,50.41,51.51,53.28,55.12,55.86,56.45,57.71,59.63,60.93,61.04,61.07,61.11,61.20,61.20,61.27,61.30,61.32,61.20,61.20,61.27,61.32,61.27,61.32,61.48,61.48,61.32,61.27,61.37,61.30,61.23,61.23,61.32,61.41,61.41,61.27,61.32,61.30,61.18,61.30,61.30,-327.68,-327.68,-327.68,
-327.68,-327.68,-327.68,59.91,59.89,59.94,59.96,59.91,59.89,59.91,59.94,59.91,59.94,59.91,59.84,59.91,59.91,59.84,59.77,59.87,59.94,59.96,59.87,59.89,59.96,59.91,59.82,59.91,59.98,59.87,59.89,59.98,59.98,60.08,60.03,60.03,60.03,60.08,60.05,60.01,59.98,60.05,60.01,60.08,60.05,59.94,59.91,59.87,59.75,59.77,59.75,59.47,58.25,56.82,56.38,56.05,55.38,54.74,54.43,53.90,53.40,52.95,52.42,52.06,51.68,51.26,50.63,49.70,48.85,48.46,47.92,47.34,47.24,47.41,47.58,47.80,47.48,46.79,46.66,47.09,47.48,47.90,48.07,48.17,48.29,48.27,48.27,48.53,48.70,49.00,49.14,49.19,49.24,49.19,49.39,49.41,49.46,49.78,49.78,49.80,49.61,49.41,48.78,47.88,47.24,46.91,46.99,47.01,47.06,47.51,47.88,48.12,48.31,48.44,48.56,48.58,48.24,48.22,48.17,48.07,47.97,48.14,47.78,47.71,47.92,47.88,48.05,48.29,48.53,48.36,48.34,48.36,48.58,48.78,48.92,48.85,48.75,48.97,49.34,49.70,50.00,50.02,50.14,50.12,49.90,50.14,49.97,49.92,49.80,49.63,49.75,49.90,49.97,50.17,50.27,50.27,50.17,50.12,50.09,49.92,49.97,50.00,50.00,50.00,50.02,50.07,50.27,50.63,50.83,50.87,51.02,51.00,50.78,50.44,50.34,50.19,50.00,49.73,49.75,50.00,50.27,50.41,50.56,50.61,50.61,50.58,50.68,50.95,51.34,51.63,51.75,51.80,52.11,52.16,52.25,51.41,48.88,45.12,44.50,44.75,44.42,46.07,49.75,51.31,51.68,51.89,51.65,51.46,51.41,51.12,50.97,50.70,50.41,50.12,49.83,49.56,49.05,48.49,47.95,48.27,49.73,49.56,48.14,47.09,47.43,47.53,47.21,46.76,46.84,47.01,46.99,46.84,47.14,47.29,47.14,47.31,47.58,47.75,48.05,48.14,48.00,48.12,48.10,48.12,47.58,47.58,47.66,47.51,47.21,47.31,48.46,49.31,49.05,48.56,48.12,47.92,47.63,47.61,47.31,47.16,46.66,46.51,46.61,46.99,47.09,46.76,46.79,47.16,47.38,47.63,47.83,48.02,48.12,47.78,47.36,47.24,46.94,46.61,46.81,47.29,47.61,47.51,47.43,47.06,47.51,49.63,49.58,49.09,48.17,46.79,47.68,48.41,48.63,48.78,48.88,48.75,48.22,48.12,47.61,46.46,45.67,45.67,46.51,47.41,47.66,47.73,47.73,47.43,47.19,47.43,47.56,47.51,47.29,47.19,46.81,46.41,46.66,47.16,47.41,47.61,47.71,47.83,48.02,47.92,48.31,48.51,48.24,48.02,48.49,49.14,49.36,48.92,48.29,48.17,48.41,48.78,49.00,49.19,49.61,50.31,51.85,53.97,55.45,55.93,56.42,57.64,59.70,60.91,61.04,61.00,61.07,61.20,61.20,61.27,61.32,61.27,61.27,61.23,61.32,61.32,61.32,61.32,61.32,61.32,61.32,61.39,61.32,61.27,61.25,61.30,61.30,61.16,61.30,61.37,61.32,61.32,61.25,61.25,61.25,-327.68,-327.68,-327.68,
-327.68,-327.68,-327.68,59.96,59.91,59.96,60.01,59.89,59.94,59.96,59.84,59.91,60.01,59.94,59.94,60.01,60.05,60.01,59.89,59.84,59.84,59.87,59.91,59.91,59.84,59.91,59.75,59.82,59.96,59.87,59.87,59.98,59.98,60.05,60.05,60.15,60.05,60.01,60.03,60.03,60.03,60.05,60.01,59.98,60.01,59.94,59.77,59.77,59.89,59.77,59.56,59.35,58.27,56.75,56.33,56.09,55.33,54.57,53.95,53.42,53.09,52.92,52.44,51.94,51.48,51.02,50.19,48.97,47.95,47.58,47.41,47.14,47.11,47.21,47.41,47.58,47.24,46.74,46.71,46.91,47.21,47.61,47.68,47.78,47.97,48.00,48.12,48.39,48.53,48.68,48.78,48.88,49.02,49.02,48.70,48.78,49.19,49.44,49.78,49.75,49.73,49.36,48.56,47.43,47.01,46.84,46.84,47.09,47.06,47.16,47.34,47.68,47.90,48.12,48.29,48.46,48.41,48.44,48.12,47.75,47.43,47.66,47.51,47.36,47.46,47.36,47.80,48.02,48.22,48.10,47.95,48.05,48.34,48.63,48.75,48.58,48.46,48.63,49.02,49.19,49.70,49.83,49.90,50.00,49.92,49.92,49.80,49.78,49.58,49.44,49.41,49.46,49.63,49.73,49.95,50.00,49.92,49.68,49.63,49.00,49.27,49.31,49.51,49.51,49.61,49.73,50.00,50.34,50.61,50.70,50.78,50.58,50.00,49.68,49.80,49.90,49.78,49.27,49.34,49.70,50.02,50.24,50.22,50.27,50.22,49.80,49.70,50.34,50.92,51.34,51.70,51.65,51.99,52.11,52.13,51.48,48.90,45.05,44.30,44.65,44.33,46.02,49.75,51.44,51.73,51.73,51.51,51.19,50.95,50.70,50.53,50.31,49.97,49.68,49.46,49.22,48.78,48.17,47.68,48.70,49.24,49.17,49.00,47.78,47.53,47.34,46.69,46.71,47.11,47.19,47.14,47.11,47.31,47.34,47.16,47.19,47.38,47.43,47.56,47.41,47.29,47.31,47.48,47.41,47.16,47.21,47.36,47.16,46.79,47.01,48.53,49.39,49.07,48.56,48.24,47.83,47.53,47.41,47.26,47.09,46.34,45.84,46.27,47.01,47.34,46.74,46.76,47.16,47.43,47.63,47.83,48.02,48.24,48.14,47.19,46.54,46.39,46.37,46.56,46.84,47.38,47.21,46.96,46.71,47.68,49.97,49.83,49.46,48.78,47.63,47.90,48.17,48.34,48.39,48.39,47.66,46.96,47.29,47.09,46.27,45.72,45.59,46.27,47.19,47.56,47.51,47.14,46.76,46.89,47.16,47.01,46.91,46.94,47.09,46.89,46.59,46.69,47.01,47.29,47.36,47.43,47.78,47.88,47.31,47.61,48.22,48.19,47.58,47.41,47.90,48.41,48.36,48.12,48.29,48.80,48.92,48.85,49.02,49.66,50.95,52.87,54.71,55.60,56.05,56.49,57.57,59.47,60.84,60.97,60.95,61.09,61.18,61.20,61.18,61.30,61.20,61.25,61.30,61.32,61.30,61.32,61.37,61.32,61.25,61.23,61.20,61.20,61.30,61.39,61.37,61.32,61.25,61.20,61.32,61.37,61.27,61.18,61.25,61.25,-327.68,-327.68,-327.68,
-327.68,-327.68,-327.68,59.87,59.91,59.89,60.08,59.91,59.94,59.77,59.84,59.84,59.91,59.84,59.87,59.98,59.96,59.91,59.94,59.91,59.94,59.94,59.96,59.87,59.84,59.91,59.77,59.77,59.87,59.94,59.91,59.98,60.01,60.03,60.03,60.10,60.10,60.05,60.05,59.98,59.91,59.94,59.98,59.98,59.98,59.89,59.75,59.73,59.73,59.68,59.54,59.33,58.30,56.75,56.35,56.00,55.07,54.21,53.30,52.73,52.68,52.49,51.73,51.00,50.68,50.39,49.53,48.02,47.06,46.84,46.76,46.79,46.96,46.99,47.16,47.11,46.69,46.54,46.64,46.71,47.01,47.26,47.21,47.36,47.66,47.90,48.12,48.34,48.39,48.27,48.12,48.41,48.78,48.58,48.17,48.19,48.78,49.00,49.58,49.63,49.41,49.12,48.36,47.14,46.66,46.71,46.69,46.96,46.91,46.61,46.81,47.19,47.43,47.66,48.05,48.61,49.00,48.53,47.95,47.41,47.01,46.94,46.99,46.96,46.94,47.16,47.68,47.83,47.95,47.73,47.63,47.97,48.34,48.44,48.46,48.46,48.34,48.39,48.75,49.22,49.53,49.75,49.75,49.68,49.68,49.83,49.56,49.34,49.19,49.14,49.14,49.22,49.39,49.46,49.58,49.63,49.58,49.27,48.97,48.39,48.78,48.78,49.07,49.17,49.22,49.34,49.63,49.88,50.22,50.44,50.46,50.24,49.73,49.27,49.41,49.63,49.68,49.36,49.19,49.61,49.92,50.12,50.07,49.95,49.63,49.00,48.73,49.41,50.41,51.14,51.34,51.73,52.06,52.20,52.06,51.44,48.95,45.10,44.28,44.52,44.30,46.14,49.95,51.51,52.01,51.94,51.48,51.14,50.78,48.97,48.41,47.80,47.56,48.49,49.00,48.70,48.34,47.78,47.51,48.78,49.22,49.09,48.78,48.51,47.29,45.79,46.29,46.86,47.19,47.53,47.51,47.31,46.69,46.12,45.77,45.32,45.25,44.70,45.00,45.44,46.54,46.51,46.76,46.94,46.99,47.09,47.11,46.69,46.12,46.41,47.41,48.02,48.41,48.34,48.29,47.90,47.51,47.38,47.09,46.66,45.52,45.30,46.34,47.21,47.68,46.89,46.51,46.99,47.41,47.66,47.90,48.12,48.39,48.17,46.22,44.67,44.20,44.45,44.82,45.32,46.94,46.86,46.51,46.49,47.29,49.19,49.17,48.78,48.44,48.27,48.00,47.75,48.02,48.05,47.78,47.01,46.64,46.54,46.39,45.79,44.92,44.52,45.17,46.34,47.01,46.84,46.27,46.32,46.69,46.94,46.66,46.32,46.49,46.64,46.51,46.32,46.46,46.91,47.16,47.14,47.31,47.61,47.14,46.37,46.79,47.71,47.68,47.11,46.86,47.11,47.61,47.90,48.14,48.46,48.56,48.73,48.90,49.19,50.05,51.80,53.73,54.86,55.48,56.00,56.54,57.52,59.47,60.77,60.97,60.91,61.14,61.11,61.16,61.20,61.27,61.18,61.30,61.23,61.20,61.30,61.37,61.30,61.23,61.18,61.16,61.18,61.23,61.23,61.23,61.27,61.27,61.30,61.20,61.23,61.27,61.30,61.20,61.27,61.25,-327.68,-327.68,-327.68,
-327.68,-327.68,-327.68,59.84,59.98,59.82,60.03,59.91,60.01,59.87,59.96,59.82,59.91,59.96,60.01,59.96,59.89,59.91,59.91,59.89,59.91,59.96,59.89,59.91,59.87,59.91,59.96,59.94,59.91,59.98,59.98,59.96,60.01,60.05,60.05,60.05,60.08,60.08,60.10,60.05,59.98,59.91,59.91,59.91,59.91,59.91,59.89,59.82,59.82,59.75,59.54,59.35,58.37,56.80,56.26,55.86,55.02,53.76,52.75,52.04,52.04,51.36,50.09,49.24,48.97,48.88,48.49,47.21,46.39,46.32,46.49,46.66,46.96,47.01,47.01,46.79,46.49,46.49,46.61,46.69,46.89,46.94,46.94,47.09,47.31,47.63,47.95,48.27,48.00,47.83,47.83,48.14,48.31,47.97,47.63,47.78,48.22,48.56,49.05,49.53,49.39,48.80,48.12,46.89,46.27,46.49,46.27,46.07,45.79,45.74,46.12,46.61,47.01,47.36,47.75,48.44,48.83,48.22,47.61,47.14,46.71,46.69,46.69,46.76,46.69,46.96,47.41,47.58,47.48,47.41,47.36,47.71,47.88,47.66,47.53,47.58,47.71,48.00,48.41,48.97,49.41,49.63,49.78,49.70,49.31,48.61,48.85,48.61,48.34,48.14,48.44,48.83,48.97,48.92,49.19,49.34,49.17,48.90,48.41,47.90,47.83,47.88,47.90,48.07,48.56,48.49,48.70,49.19,49.80,50.05,49.61,49.00,48.61,48.46,48.46,48.51,48.78,49.24,49.41,49.53,49.83,49.90,49.73,49.09,48.61,48.14,47.95,48.53,49.46,50.39,51.07,51.53,52.04,52.25,52.30,51.53,48.95,45.05,44.10,44.40,44.28,46.09,50.00,51.75,52.32,52.06,51.46,51.07,50.27,47.38,47.24,46.79,46.09,47.31,48.39,48.22,47.83,47.29,47.11,48.51,49.00,48.68,48.70,48.34,47.78,45.35,46.41,46.84,47.24,47.48,47.63,47.46,46.27,44.92,44.38,44.23,43.15,42.49,43.05,44.40,46.02,46.12,46.32,46.69,46.94,46.96,46.81,46.49,46.02,45.89,46.22,46.49,46.56,46.99,47.43,47.46,47.11,47.16,46.56,45.84,45.39,46.49,47.46,47.92,48.19,47.34,45.62,45.97,46.76,47.24,47.56,47.88,47.97,47.06,44.80,43.88,43.50,44.33,44.77,44.82,46.81,46.76,46.44,46.49,46.46,47.75,48.61,48.29,48.02,47.71,47.24,47.29,47.41,47.63,48.00,48.17,48.07,47.16,46.07,45.12,43.88,43.22,43.83,45.35,46.34,46.04,46.12,46.69,47.14,47.29,46.81,45.99,45.84,46.02,46.02,45.94,46.14,46.69,46.81,47.06,47.24,47.19,47.06,46.91,46.91,47.38,47.41,46.69,46.29,46.32,46.56,46.99,47.46,47.92,48.34,48.78,49.14,49.44,49.97,51.39,53.18,54.50,55.38,55.93,56.47,57.64,59.44,60.68,61.00,60.95,61.14,61.11,61.16,61.18,61.27,61.23,61.25,61.20,61.30,61.30,61.30,61.48,61.32,61.32,61.20,61.27,61.32,61.27,61.23,61.20,61.27,61.30,61.20,61.27,61.23,61.30,61.20,61.14,61.14,-327.68,-327.68,-327.68,
-327.68,-327.68,-327.68,59.91,59.96,59.91,59.94,59.89,59.98,59.91,59.98,59.87,59.89,59.91,59.87,59.94,60.01,59.91,59.89,59.84,59.91,59.96,59.94,59.98,59.91,59.87,59.91,59.94,59.98,59.91,59.91,59.96,60.05,60.12,60.17,60.12,60.12,60.12,60.10,60.05,59.94,59.91,59.96,60.08,60.05,59.96,59.89,59.77,59.77,59.75,59.63,59.37,58.30,56.75,56.38,55.81,54.90,53.59,52.13,51.31,51.26,50.39,49.07,48.41,48.05,47.73,47.46,46.74,45.99,45.99,46.41,46.89,47.31,47.36,47.34,46.79,46.46,46.69,46.81,46.79,46.61,46.37,46.49,46.79,47.06,47.31,47.63,48.02,47.92,47.92,48.00,47.92,46.84,46.22,46.39,47.16,46.51,46.71,48.02,49.41,49.14,48.46,47.38,46.54,45.99,46.14,45.82,45.22,44.72,45.05,45.44,45.82,46.84,47.29,47.63,47.92,48.19,48.07,47.66,46.94,46.64,46.61,46.84,46.76,46.69,46.69,47.06,47.01,46.99,47.16,47.09,46.94,46.69,45.87,45.32,45.39,45.82,47.01,48.02,48.80,49.34,49.63,49.83,49.85,48.78,46.49,46.39,45.89,45.69,45.79,46.66,48.12,48.73,48.56,48.70,48.85,48.92,48.22,46.34,45.97,45.72,45.39,45.17,46.27,48.02,47.83,47.90,48.63,49.41,49.70,48.17,46.27,45.64,45.99,45.99,45.82,45.74,48.56,49.66,49.34,49.39,49.63,49.19,48.12,46.96,46.46,46.56,47.36,47.73,49.00,50.46,51.31,52.13,52.42,52.59,51.73,49.05,45.07,44.10,44.33,44.20,45.99,49.97,51.94,52.28,52.08,51.56,51.02,50.22,46.71,46.49,46.56,46.69,47.51,47.92,47.83,47.63,47.24,47.21,48.34,48.56,48.53,48.46,48.34,48.12,47.29,46.84,46.96,47.11,47.43,47.71,47.63,46.41,44.75,44.45,43.27,41.95,42.54,43.20,44.42,46.07,46.22,46.27,46.54,46.86,46.91,46.66,46.22,45.72,45.52,45.82,46.12,46.17,46.37,46.39,46.41,46.12,45.97,45.59,45.67,46.91,47.80,48.14,48.34,48.31,47.11,45.05,45.17,46.02,46.59,46.86,46.94,46.79,45.52,44.18,43.53,43.38,44.67,44.70,44.67,46.89,47.01,46.94,46.54,46.14,46.69,47.78,48.12,47.78,47.38,47.16,47.16,47.14,47.29,47.88,48.46,48.53,47.19,45.59,44.82,43.88,43.35,43.83,45.10,46.12,46.22,46.44,46.79,47.24,47.53,47.38,46.61,46.04,45.77,45.72,45.74,46.02,46.41,46.74,47.11,47.34,47.80,48.22,47.90,47.24,47.21,46.84,46.27,45.92,46.02,46.22,46.49,46.89,47.58,48.34,48.88,48.49,47.56,47.24,48.41,51.31,54.04,55.38,56.14,56.75,57.78,59.52,60.77,60.97,61.02,61.14,61.16,61.16,61.16,61.30,61.23,61.23,61.23,61.32,61.32,61.20,61.25,61.16,61.20,61.23,61.23,61.25,61.20,61.25,61.30,61.27,61.25,61.23,61.18,61.16,61.32,61.18,61.11,61.14,-327.68,-327.68,-327.68,
-327.68,-327.68,-327.68,59.82,59.89,59.82,59.87,59.87,59.87,59.89,59.94,59.91,59.91,59.91,59.91,59.91,59.89,59.91,59.98,59.94,60.03,59.98,59.98,59.89,59.84,59.84,59.94,59.91,59.98,59.94,59.87,60.01,60.08,60.08,60.12,60.19,60.19,60.19,60.17,60.08,59.98,60.03,60.15,60.12,60.01,59.96,59.91,59.87,59.77,59.73,59.54,59.37,58.39,56.94,56.49,55.98,54.76,52.87,50.09,49.44,49.85,50.07,48.92,48.27,47.83,47.41,46.96,46.49,45.97,45.94,46.27,46.71,46.99,47.11,47.16,46.61,46.56,46.69,46.81,46.76,46.56,46.07,46.14,46.59,46.86,47.19,47.58,47.90,47.78,48.05,48.31,47.95,46.49,46.22,46.61,47.61,46.39,45.99,47.80,49.51,49.12,47.78,46.74,45.99,45.89,45.74,46.07,46.12,45.35,44.65,44.50,45.32,46.59,46.94,47.26,47.41,47.53,47.41,46.89,46.24,46.07,46.91,47.21,46.69,46.64,46.44,46.76,46.69,46.94,47.24,47.31,46.49,45.84,45.12,44.62,44.77,45.12,46.59,47.80,48.51,49.14,49.53,49.90,50.00,48.97,46.09,45.67,45.25,45.30,45.57,46.41,47.92,48.51,48.34,48.34,48.56,48.70,47.88,45.82,45.35,44.90,45.05,44.90,45.27,47.38,47.46,47.66,48.29,49.09,49.36,48.10,45.99,45.20,45.47,45.25,45.00,45.27,48.68,49.39,49.19,49.29,49.56,49.17,47.92,46.84,46.54,46.44,46.56,47.29,48.34,50.24,51.07,52.16,52.61,52.49,51.73,49.14,45.10,44.08,44.25,44.18,45.99,50.00,51.97,52.30,52.16,51.53,50.95,50.19,46.74,46.51,47.58,47.83,47.75,47.80,47.88,47.63,47.43,47.68,48.46,48.39,48.31,48.22,48.24,48.19,47.97,47.41,47.29,47.26,47.31,47.63,47.75,46.96,45.42,44.85,43.48,42.54,43.63,44.00,44.90,46.39,46.59,46.61,46.64,46.86,47.01,46.69,46.07,45.64,45.39,45.69,46.22,46.54,46.64,46.61,46.32,45.62,45.30,45.25,46.61,48.02,48.05,48.17,48.41,48.12,47.36,45.57,45.32,46.12,46.54,46.76,46.69,46.34,45.05,43.53,42.16,42.41,43.43,43.60,44.47,46.91,47.29,47.26,46.69,45.99,45.82,46.17,46.56,47.36,47.58,47.16,46.86,46.89,47.11,47.58,47.97,47.53,46.04,45.20,44.80,44.80,45.79,46.37,46.44,46.39,46.29,46.46,46.69,47.01,47.31,47.56,47.24,46.64,46.07,45.72,45.57,45.79,46.22,46.69,47.16,48.07,48.83,48.73,48.22,47.71,47.11,46.71,46.17,45.97,46.09,46.32,46.66,47.11,47.61,48.51,48.51,46.96,46.22,46.49,47.75,51.07,54.04,55.41,56.26,56.80,57.83,59.52,60.75,60.91,61.00,61.07,61.14,61.14,61.25,61.30,61.23,61.30,61.18,61.27,61.18,61.25,61.23,61.30,61.25,61.16,61.18,61.18,61.20,61.25,61.25,61.23,61.25,61.23,61.14,61.04,61.30,61.11,61.16,61.16,-327.68,-327.68,-327.68,
-327.68,-327.68,-327.68,59.82,59.89,59.82,59.82,59.87,59.87,59.84,59.89,59.87,59.87,59.96,60.03,59.98,59.96,59.91,59.89,59.89,59.94,59.82,59.98,59.82,59.91,59.96,59.84,59.98,60.03,59.91,59.89,60.05,60.05,60.08,60.12,60.17,60.19,60.19,60.12,60.08,60.03,60.01,60.01,60.05,60.05,60.05,59.98,59.87,59.84,59.77,59.66,59.42,58.48,56.91,56.40,55.74,54.62,52.87,50.17,49.19,49.39,49.83,49.24,48.41,47.83,47.31,46.84,46.41,46.02,45.94,45.97,46.24,46.51,46.69,46.69,46.86,47.01,46.94,46.91,46.69,46.09,45.74,45.82,46.22,46.56,46.86,47.11,47.16,47.43,47.95,48.29,47.83,46.64,46.64,46.37,45.49,45.39,45.94,47.53,49.46,48.97,47.83,46.79,46.07,45.69,46.02,46.17,46.44,45.82,44.30,44.20,45.25,46.27,46.41,46.64,46.84,46.86,46.79,46.09,45.17,45.72,47.31,47.31,46.64,46.46,46.22,46.66,46.69,47.06,47.31,47.63,46.12,45.25,44.80,44.62,44.82,44.97,46.56,47.95,48.19,48.73,49.34,49.83,50.05,48.95,46.02,45.57,45.22,45.30,45.52,46.17,47.66,48.31,48.14,48.17,48.58,48.73,47.90,45.57,44.77,44.52,45.15,45.42,45.72,46.99,47.41,47.46,48.10,48.83,49.14,47.63,45.79,45.47,45.44,44.90,44.42,45.20,48.61,49.09,49.00,49.12,49.58,49.63,48.44,46.71,46.02,45.87,46.04,46.49,48.12,50.73,51.53,52.23,52.42,52.59,51.75,49.05,45.02,44.05,44.50,44.35,45.94,49.88,51.75,52.32,52.04,51.41,50.92,50.19,47.09,47.56,47.90,47.90,47.90,47.78,47.78,47.66,47.46,47.73,48.22,48.14,48.24,48.14,48.14,48.12,48.12,47.48,47.53,47.48,47.34,47.51,47.80,46.84,45.49,44.80,43.43,43.17,43.78,44.03,45.15,46.59,46.96,46.91,47.01,47.19,47.38,47.01,46.49,45.77,45.17,45.59,46.14,46.34,46.39,46.34,46.17,45.67,45.52,45.69,47.56,48.19,48.07,48.17,48.34,48.10,47.51,46.07,45.64,46.49,46.84,47.11,46.91,46.51,45.22,42.89,42.11,42.72,43.95,44.72,45.05,46.96,47.63,47.31,47.09,46.39,46.07,45.12,44.18,46.27,47.78,47.16,46.91,47.19,47.29,47.41,47.26,46.29,45.44,45.15,45.05,45.84,47.16,47.51,47.41,46.94,46.54,46.37,46.27,46.29,46.69,47.31,47.29,46.96,46.54,45.77,45.32,45.62,46.04,46.71,47.51,48.61,48.97,48.75,48.24,47.56,47.01,46.71,46.27,45.92,46.07,46.41,46.79,47.29,47.80,48.51,48.12,46.61,46.17,46.66,47.92,51.14,54.09,55.45,56.14,56.82,57.92,59.63,60.77,60.95,61.00,61.02,61.11,61.14,61.23,61.27,61.25,61.27,61.18,61.23,61.20,61.27,61.25,61.23,61.37,61.25,61.23,61.23,61.25,61.32,61.23,61.16,61.20,61.18,61.16,61.18,61.32,61.16,61.07,61.07,-327.68,-327.68,-327.68,
-327.68,-327.68,-327.68,59.82,59.84,59.82,59.77,59.87,59.89,59.82,59.77,59.73,59.87,60.01,60.01,59.98,60.01,59.98,59.87,59.77,59.91,60.03,59.94,59.91,59.84,60.05,59.91,60.03,60.05,59.96,59.94,60.05,60.05,60.10,60.15,60.17,60.19,60.19,60.12,60.05,60.08,60.05,60.05,60.05,60.01,60.01,60.01,59.89,59.84,59.77,59.61,59.28,58.44,56.89,56.33,55.81,54.86,53.06,50.31,49.68,49.44,49.14,49.68,49.51,48.56,47.80,47.41,46.91,46.27,45.97,45.94,45.94,45.67,45.64,46.59,47.56,47.48,47.34,47.11,46.56,45.99,45.57,45.62,46.02,46.44,46.56,46.59,46.74,47.41,47.90,48.10,47.92,46.81,46.27,45.82,45.07,44.70,45.72,48.17,49.41,48.88,47.73,46.79,46.17,46.14,46.12,46.27,46.34,46.17,45.32,44.52,45.39,46.02,46.04,46.27,46.54,46.69,46.59,45.77,45.94,46.09,46.91,47.21,45.99,46.07,46.12,46.71,46.91,47.34,47.41,47.80,46.69,44.97,44.75,44.80,45.05,45.05,46.54,47.92,48.00,48.56,49.27,49.80,50.07,48.75,46.17,46.02,45.54,45.54,45.99,46.71,47.61,47.95,48.19,48.46,48.70,48.61,48.07,45.92,45.05,44.77,45.32,46.12,46.96,47.90,48.14,48.27,48.34,48.85,49.02,47.83,45.74,45.05,44.70,44.25,45.02,46.22,48.41,48.56,48.70,49.07,49.63,49.97,49.19,47.43,46.56,46.37,46.27,46.76,48.70,51.14,51.77,52.32,52.61,52.68,51.68,49.05,45.00,44.03,44.23,44.20,45.97,49.90,51.73,52.08,51.73,51.31,50.80,50.17,48.10,48.12,48.00,48.05,47.88,47.75,47.75,47.58,47.16,47.16,48.02,47.95,48.17,48.05,48.12,48.02,48.07,47.58,47.46,47.56,47.66,47.90,47.90,46.94,45.97,44.90,44.23,44.10,44.08,44.25,45.52,46.79,47.16,47.29,47.41,47.51,47.56,47.34,46.86,45.79,45.02,45.54,45.97,45.52,45.54,45.67,45.79,45.69,45.74,46.34,48.12,48.22,48.17,48.36,48.46,48.24,47.61,46.24,46.07,46.61,46.91,47.21,47.19,46.86,45.69,44.00,43.58,44.28,45.07,45.22,45.79,47.38,47.68,47.61,47.34,46.94,46.49,45.25,45.82,47.53,47.73,46.84,46.24,46.24,46.02,46.37,46.29,46.02,45.77,45.62,45.72,46.74,47.88,48.00,47.90,47.48,46.94,46.39,45.72,45.35,46.34,47.71,47.41,47.16,46.89,46.07,45.30,45.54,45.97,46.71,47.63,48.36,48.63,48.56,48.22,47.29,46.49,46.14,46.02,46.39,46.69,46.79,47.19,47.63,48.19,48.83,48.44,46.91,46.34,47.06,48.63,51.39,54.09,55.57,56.33,56.87,57.92,59.63,60.75,60.97,61.04,61.02,61.11,61.18,61.16,61.23,61.25,61.23,61.18,61.30,61.20,61.18,61.30,61.20,61.20,61.18,61.18,61.23,61.20,61.20,61.30,61.32,61.25,61.18,61.20,61.18,61.16,61.11,61.02,-327.68,-327.68,-327.68,-327.68,
-327.68,-327.68,-327.68,59.70,59.82,59.70,59.77,59.82,59.84,59.82,59.87,59.89,59.91,60.01,59.98,59.91,59.91,59.98,60.05,59.98,59.91,59.94,59.96,59.94,59.91,60.05,59.96,59.98,60.05,60.01,59.94,60.01,60.05,60.08,60.12,60.19,60.19,60.19,60.15,60.10,60.08,60.03,60.08,60.08,60.08,60.03,59.98,59.96,59.91,59.82,59.66,59.42,58.53,56.77,56.38,55.95,54.83,53.35,50.73,49.73,49.34,49.19,50.02,50.41,49.34,48.53,48.17,47.66,46.61,46.27,46.09,45.99,44.82,45.22,47.58,47.90,47.43,47.26,46.99,46.69,46.17,45.64,45.35,45.25,45.30,45.59,46.22,46.69,47.36,47.88,48.10,47.90,46.81,45.79,45.12,45.00,47.63,46.02,48.17,49.22,48.68,48.07,47.01,46.56,46.29,46.22,45.57,45.87,46.29,45.59,44.62,45.30,45.89,46.12,46.46,46.74,46.81,46.79,46.17,46.41,46.32,46.39,47.06,45.67,46.04,46.32,46.59,47.19,47.61,47.75,47.78,46.46,44.87,44.82,44.95,45.17,45.39,46.64,47.88,48.17,48.78,49.36,49.75,49.85,48.49,46.02,45.49,45.39,45.74,45.94,46.46,47.41,47.80,48.07,48.51,48.78,48.78,48.17,46.14,46.59,45.89,45.64,46.81,47.51,47.90,48.14,48.44,48.58,49.00,49.24,48.00,45.84,44.80,44.80,45.77,47.11,46.91,48.53,48.83,48.85,49.36,49.83,50.17,49.75,48.12,46.46,46.37,46.41,46.74,48.92,51.44,51.85,52.40,52.59,52.56,51.75,49.19,44.90,43.95,44.20,44.18,45.99,50.00,51.82,51.89,51.75,51.29,50.68,50.19,48.46,48.19,48.10,47.90,47.71,47.63,47.43,47.09,46.59,46.04,47.41,48.00,48.10,48.12,48.12,47.95,47.90,47.21,47.43,47.88,47.90,47.92,47.90,47.43,47.16,46.32,45.87,46.04,45.92,45.84,46.56,47.11,47.58,47.58,47.53,47.71,47.83,47.63,47.19,46.29,45.79,46.17,45.99,45.47,45.57,45.94,46.02,45.87,46.04,47.21,48.49,48.39,49.12,49.41,49.19,48.63,48.05,47.21,46.74,46.79,47.06,47.19,47.26,47.21,46.91,46.49,46.34,46.91,46.71,46.76,47.16,47.43,47.46,47.41,47.38,46.99,46.56,45.92,47.66,48.22,48.02,47.11,46.02,45.67,45.82,46.14,46.22,46.27,46.09,45.84,45.87,47.19,48.12,48.24,48.00,47.43,47.31,47.16,46.56,45.67,46.59,47.90,47.61,47.31,47.06,46.24,45.32,45.39,45.59,46.56,47.51,48.36,48.85,48.80,48.58,47.09,44.95,44.80,45.12,46.49,47.46,47.51,47.88,48.80,49.83,50.56,49.83,47.58,46.69,47.16,48.61,52.08,54.55,55.69,56.35,56.82,57.92,59.61,60.72,60.97,61.04,61.11,61.14,61.18,61.25,61.27,61.32,61.23,61.20,61.25,61.37,61.30,61.18,61.37,61.25,61.18,61.20,61.20,61.25,61.25,61.16,61.20,61.25,61.16,61.14,61.14,61.11,61.04,61.04,-327.68,-327.68,-327.68,-327.68,
-327.68,-327.68,-327.68,-327.68,59.84,59.73,59.82,59.82,59.82,59.77,59.82,59.82,59.84,59.91,59.98,59.96,59.96,60.01,59.89,59.94,59.82,59.94,59.98,59.87,59.87,59.98,59.96,59.98,60.01,59.94,59.94,59.98,60.05,60.08,60.10,60.17,60.17,60.15,60.15,60.10,60.10,60.10,60.12,60.15,60.12,60.05,60.01,59.96,60.01,59.75,59.63,59.47,58.51,56.87,56.42,56.00,55.14,53.54,51.31,50.75,50.24,48.73,49.85,49.63,48.56,48.31,48.05,47.71,46.91,46.84,46.69,46.49,45.20,46.99,48.85,48.27,47.73,47.34,47.11,46.76,46.27,45.84,45.62,45.44,45.47,45.99,46.54,46.96,47.53,47.95,47.97,47.61,46.37,45.30,44.97,44.95,48.02,46.14,47.92,48.90,48.39,47.68,47.14,46.76,46.59,46.29,45.15,43.83,44.65,45.15,44.72,45.27,46.12,46.64,47.09,46.99,46.84,46.71,46.22,46.29,46.27,46.09,46.46,46.27,46.41,46.51,46.86,47.41,47.73,47.90,47.53,46.44,45.77,45.62,45.69,45.74,45.97,47.31,48.02,48.46,49.07,49.63,49.83,49.83,48.41,46.69,46.44,45.97,46.51,46.27,46.69,47.48,47.80,48.07,48.46,48.78,48.78,48.05,45.92,46.59,46.76,46.17,47.16,47.38,47.71,47.95,48.34,48.58,49.17,49.44,48.51,46.91,45.84,46.07,46.91,47.51,46.96,48.61,49.24,49.22,49.66,49.95,50.36,49.92,47.88,46.79,46.99,47.09,47.34,49.29,51.63,51.94,52.35,52.49,52.32,51.56,49.12,44.90,43.80,44.15,43.98,45.94,49.88,51.53,51.63,51.51,50.97,50.66,50.31,49.34,49.00,48.36,48.02,47.71,47.46,47.34,46.94,46.27,45.64,46.69,47.92,47.90,48.07,48.12,47.97,47.80,46.89,47.51,47.88,47.78,47.88,47.95,47.63,47.63,47.68,47.41,47.16,46.96,46.86,46.91,47.34,48.02,47.68,47.53,47.80,47.92,47.95,47.68,47.21,46.74,46.39,45.99,45.79,46.02,46.22,46.22,45.97,46.27,47.66,48.73,48.75,50.17,49.85,49.22,48.61,48.19,47.75,47.21,46.91,46.91,47.11,47.14,47.24,47.38,47.66,47.66,47.78,47.90,47.95,47.78,47.58,47.41,47.34,47.16,46.86,46.44,46.56,48.34,48.56,48.46,48.07,47.16,46.39,46.27,46.29,46.27,46.24,46.09,46.27,46.61,47.41,48.17,48.22,47.51,47.09,47.46,47.73,47.34,46.64,46.81,47.88,47.90,47.53,47.34,46.66,46.04,46.12,46.61,47.24,47.80,48.78,49.09,49.36,49.05,47.78,46.81,46.37,46.74,47.78,48.14,48.24,48.34,49.05,50.46,51.44,50.63,48.36,47.36,47.95,49.80,52.73,54.81,55.86,56.38,56.77,57.80,59.52,60.68,60.95,61.07,61.11,61.14,61.18,61.18,61.16,61.18,61.18,61.16,61.32,61.25,61.27,61.11,61.27,61.27,61.25,61.25,61.18,61.18,61.14,61.16,61.18,61.20,61.18,61.16,61.16,61.11,61.07,61.04,-327.68,-327.68,-327.68,-327.68,
-327.68,-327.68,-327.68,-327.68,59.75,59.77,59.91,59.84,59.82,59.84,59.82,59.87,59.89,59.89,59.91,59.94,59.91,59.96,59.98,59.89,59.98,59.91,60.03,59.89,59.94,60.01,59.98,59.96,59.98,60.01,59.96,59.96,60.05,60.10,60.15,60.19,60.19,60.19,60.17,60.12,60.15,60.10,60.05,60.15,60.03,60.01,59.91,59.87,59.94,59.89,59.68,59.44,58.55,57.03,56.59,56.21,55.36,54.21,52.16,50.66,50.19,49.19,49.17,48.49,48.17,48.00,47.80,48.05,47.63,47.51,47.41,47.26,46.12,48.39,49.41,48.88,48.27,47.92,47.63,47.14,46.51,46.41,46.27,46.22,46.39,46.69,47.16,47.66,48.07,48.34,48.34,47.92,46.84,46.27,46.29,46.32,47.43,46.64,47.73,48.80,48.36,47.75,47.21,46.84,46.69,46.29,45.27,44.57,45.25,45.07,45.10,46.41,47.14,47.58,47.68,47.38,47.16,47.14,46.54,46.54,46.71,46.84,46.56,46.69,46.99,47.09,47.46,47.90,48.14,48.22,48.05,47.68,47.68,47.48,47.43,47.34,47.73,48.14,48.44,48.83,49.24,49.63,49.80,49.92,49.12,48.22,48.14,47.63,47.48,47.34,47.26,47.71,47.95,48.19,48.51,48.78,48.58,47.90,46.91,46.76,46.94,46.56,47.11,47.29,47.51,47.78,48.22,48.73,49.22,49.63,49.19,48.31,47.61,47.71,48.05,48.41,48.53,49.07,49.09,49.12,49.61,49.95,50.39,50.09,49.27,48.73,49.07,49.12,49.44,50.41,51.70,51.94,52.13,52.25,52.20,51.31,49.07,44.80,43.68,43.98,43.93,45.87,49.78,51.22,51.39,51.19,50.83,50.66,50.58,50.41,50.05,49.19,48.58,48.17,47.90,47.66,47.14,46.61,46.07,46.27,47.36,47.88,47.95,48.07,47.83,47.61,46.99,47.51,47.58,47.63,47.75,47.80,47.48,47.46,47.66,47.46,47.14,46.86,46.81,46.74,47.26,47.78,47.51,47.31,47.63,47.97,48.05,47.92,47.68,47.16,46.44,45.57,45.30,45.92,46.02,46.02,45.94,46.12,48.07,48.78,48.80,49.88,49.29,48.56,48.17,48.02,47.75,47.16,46.64,46.59,46.76,46.96,47.16,47.75,48.85,48.90,48.24,47.80,47.68,47.58,47.19,47.09,47.16,46.76,46.61,46.32,47.01,48.80,48.88,48.61,48.29,47.51,46.56,46.27,46.14,46.14,46.27,46.69,47.11,47.41,47.83,48.24,48.07,47.31,47.24,47.71,47.90,47.63,47.41,47.26,47.21,47.41,47.41,47.36,46.84,46.69,46.86,47.31,47.48,47.90,48.92,49.56,49.70,49.58,49.66,49.78,49.83,49.83,48.80,48.49,48.73,48.56,48.95,50.00,51.44,51.48,51.19,50.92,51.05,52.18,53.78,54.95,55.69,56.21,56.52,57.57,59.37,60.63,60.95,61.04,61.11,61.11,61.18,61.30,61.30,61.25,61.20,61.14,61.27,61.18,61.18,61.20,61.25,61.27,61.18,61.11,61.14,61.09,61.16,61.14,61.20,61.20,61.16,61.14,61.16,61.16,61.02,61.04,-327.68,-327.68,-327.68,-327.68,
-327.68,-327.68,-327.68,-327.68,59.73,59.73,59.89,59.84,59.82,59.84,59.82,59.75,59.77,59.87,59.84,59.91,59.98,59.87,59.94,59.73,59.96,59.91,59.96,59.91,60.01,60.05,60.03,60.03,59.98,59.98,59.98,59.98,60.05,60.10,60.08,60.12,60.19,60.17,60.15,60.15,60.12,60.05,60.08,60.12,60.10,59.98,59.91,59.91,59.89,59.82,59.75,59.54,58.77,57.03,56.56,56.33,55.69,54.57,51.89,50.78,51.00,50.19,49.14,48.73,48.34,48.19,48.02,48.92,48.78,48.14,47.97,47.95,47.53,48.58,49.31,49.36,49.19,48.92,48.58,48.17,47.29,47.21,47.01,46.99,47.16,47.41,47.95,48.41,48.70,48.80,48.90,48.78,48.12,47.92,47.97,47.61,47.53,47.68,48.22,48.70,48.36,48.27,47.48,46.91,46.84,46.74,46.46,46.64,46.54,46.56,46.61,46.94,47.34,47.58,47.63,47.41,47.24,47.48,47.63,47.80,47.95,48.14,48.07,47.90,47.56,47.68,48.12,48.34,48.56,48.68,48.70,48.68,48.80,48.83,49.05,49.02,48.78,48.68,48.68,48.85,49.17,49.36,49.56,49.78,49.56,49.27,48.92,48.56,48.29,48.34,48.17,48.05,48.10,48.22,48.51,48.85,48.46,47.95,47.66,47.48,47.19,46.89,47.11,47.11,47.24,47.58,48.22,48.85,49.39,49.73,49.83,49.51,49.00,49.00,49.34,49.51,49.73,49.46,49.14,49.00,49.29,49.90,50.46,50.80,51.12,51.34,51.48,51.53,51.65,51.61,51.70,51.73,51.94,52.08,52.06,51.44,48.95,44.52,43.55,43.85,43.88,45.77,50.27,51.02,51.22,51.02,50.80,50.78,50.83,50.80,50.58,49.92,49.41,48.97,48.56,48.17,47.63,46.84,46.32,46.17,46.54,47.38,47.66,47.88,47.71,47.46,47.26,47.29,47.36,47.46,47.58,47.41,46.94,47.01,47.21,47.26,47.06,46.86,46.81,46.66,46.81,46.84,46.71,46.69,47.21,47.92,48.00,47.80,47.63,47.43,46.86,45.69,45.20,45.67,45.77,45.72,45.62,45.87,47.97,48.56,48.29,49.22,48.83,48.17,47.97,47.92,47.56,46.76,46.44,46.41,46.61,46.79,46.94,48.31,49.41,49.27,48.58,47.66,47.21,46.99,46.59,46.51,46.69,46.54,46.39,46.22,47.11,48.83,49.34,49.00,48.44,47.14,46.29,46.07,45.92,46.09,46.76,47.41,47.66,47.75,47.92,48.10,48.10,48.10,48.05,47.90,47.92,47.75,47.68,47.46,46.69,46.69,47.06,47.19,47.09,46.99,46.99,47.41,47.78,48.05,49.05,49.39,49.83,49.58,49.46,49.88,50.05,49.95,49.02,48.58,48.85,48.80,48.95,50.02,51.73,52.44,52.99,53.40,53.95,54.47,54.79,55.14,55.53,55.86,56.21,57.34,59.26,60.61,60.93,61.00,61.04,61.11,61.09,61.16,61.23,61.18,61.20,61.16,61.11,61.09,61.32,61.32,61.25,61.18,61.16,61.18,61.20,61.11,61.09,61.18,61.30,61.20,61.11,61.14,61.11,61.14,61.00,61.04,-327.68,-327.68,-327.68,-327.68,
-327.68,-327.68,-327.68,-327.68,59.77,59.75,59.77,59.77,59.82,59.94,59.94,59.91,59.91,59.91,59.82,59.89,60.01,59.96,60.05,60.03,59.89,59.77,59.91,59.84,59.98,59.98,59.98,59.94,59.96,60.08,60.03,59.98,60.05,60.10,60.10,60.10,60.10,60.17,60.12,60.12,60.05,60.01,60.03,60.05,60.12,59.91,59.98,59.87,59.91,59.84,59.73,59.52,58.95,56.87,56.52,56.33,55.65,54.81,54.12,53.45,53.21,51.58,49.58,49.07,48.68,48.34,48.73,49.68,49.78,48.90,48.73,48.88,48.85,49.05,49.22,49.63,49.83,49.63,49.34,48.90,48.34,47.95,47.63,47.58,47.80,48.12,48.53,48.83,49.00,49.05,49.09,49.17,49.17,48.97,48.75,48.44,48.12,48.12,48.61,48.78,48.61,48.53,47.61,47.26,47.19,47.26,47.06,47.06,46.96,46.91,46.96,47.19,47.24,47.41,47.48,47.34,47.41,47.66,47.78,48.12,48.19,48.31,48.24,48.27,47.92,48.05,48.41,48.78,48.92,49.00,49.00,49.09,49.19,49.24,49.31,49.19,49.07,48.97,48.73,48.80,49.07,49.19,49.31,49.41,49.36,49.34,49.00,48.83,48.63,48.68,48.56,48.39,48.29,48.29,48.51,48.78,48.53,48.22,47.95,47.71,47.31,47.14,47.26,47.14,47.29,47.75,48.41,49.12,49.61,49.85,49.95,49.83,49.63,49.63,49.75,49.70,49.85,49.63,49.34,49.19,49.39,50.00,50.51,50.95,51.41,51.73,51.85,51.89,52.01,51.75,51.77,51.82,51.97,51.97,51.87,51.31,48.92,44.52,43.50,43.78,43.80,45.69,50.12,50.97,51.14,51.05,50.95,50.92,50.87,50.87,50.63,50.41,49.78,49.36,49.00,48.53,47.95,46.99,46.34,46.34,46.04,46.34,46.81,47.36,47.43,47.21,47.14,47.16,47.21,47.29,47.34,46.89,46.49,46.61,46.86,47.09,47.06,46.96,46.91,46.61,46.44,46.54,46.49,46.51,46.91,47.75,47.80,47.73,47.63,47.56,47.31,46.44,45.47,45.35,45.49,45.47,45.10,45.17,45.99,46.56,46.56,47.58,48.51,48.07,47.90,47.78,47.26,46.56,46.44,46.79,47.34,47.61,47.26,48.56,48.97,48.73,48.31,47.51,46.56,46.54,46.39,46.96,47.53,47.41,46.79,46.04,46.39,48.22,49.34,48.83,47.90,47.29,47.01,46.46,45.82,46.29,47.21,47.63,47.73,47.75,47.90,47.95,48.12,48.27,48.02,47.88,47.73,47.88,47.71,47.41,46.64,46.61,46.99,47.16,47.24,47.21,47.26,47.61,48.00,48.34,49.05,49.63,49.83,49.80,49.68,49.80,49.88,49.95,49.41,48.90,48.73,48.80,49.09,50.17,51.80,52.73,53.38,53.73,54.28,54.64,54.83,55.05,55.50,55.79,56.16,57.24,59.23,60.61,60.93,61.02,61.07,61.09,61.14,61.18,61.18,61.23,61.18,61.18,61.20,61.18,61.30,61.18,61.18,61.23,61.14,61.11,61.18,61.16,61.23,61.14,61.18,61.14,61.09,61.04,61.02,61.04,60.95,61.14,-327.68,-327.68,-327.68,-327.68,
-327.68,-327.68,-327.68,-327.68,59.84,59.77,59.84,59.82,59.77,59.82,59.82,59.77,59.84,59.84,59.84,60.01,60.03,59.96,59.98,59.98,60.01,59.89,59.98,59.96,59.82,59.87,59.94,59.91,59.89,59.91,59.91,59.98,60.10,60.08,60.05,60.15,60.08,60.08,60.19,60.17,60.19,60.08,60.01,60.05,60.01,60.01,60.01,59.94,59.77,59.77,59.68,59.59,58.65,56.63,56.26,56.24,55.60,55.00,54.71,54.09,53.71,51.80,50.14,49.58,49.07,49.41,50.34,50.61,50.46,50.14,49.80,49.88,49.41,49.34,49.63,49.88,50.07,50.00,49.92,49.46,49.05,48.63,48.10,47.97,48.17,48.56,48.92,49.07,49.19,49.29,49.41,49.46,49.44,49.19,48.80,48.73,48.56,48.46,48.90,49.00,48.95,48.75,48.02,47.63,47.63,47.46,47.29,47.16,46.81,46.91,46.86,47.06,47.14,47.31,47.38,47.31,47.38,47.63,47.90,47.88,47.97,48.07,48.27,48.34,48.19,48.31,48.46,48.78,48.78,48.88,49.00,49.17,49.19,49.14,49.22,49.22,49.12,48.95,48.75,48.75,49.02,49.07,49.17,49.09,49.00,49.00,48.80,48.63,48.78,48.73,48.58,48.31,48.22,48.14,48.19,48.41,48.75,48.53,48.27,47.80,47.48,47.38,47.75,47.41,47.51,48.07,48.61,49.24,49.61,49.88,49.97,50.05,49.88,49.73,49.92,49.68,49.66,49.56,49.31,49.27,49.46,50.12,50.58,51.07,51.53,51.70,51.77,51.87,52.08,51.85,51.94,51.99,52.06,52.01,51.85,51.19,48.78,44.40,43.48,43.73,43.73,45.47,50.05,51.12,51.26,51.14,50.95,50.87,50.78,50.78,50.56,50.31,49.92,49.58,49.19,48.78,48.12,47.51,46.79,46.79,46.24,45.89,45.79,46.29,47.01,46.96,46.91,47.09,47.14,47.16,47.11,46.46,46.29,46.49,46.54,46.89,46.91,46.96,46.99,46.91,47.01,47.21,47.29,47.16,47.29,47.53,47.66,47.73,47.71,47.56,47.16,46.69,45.47,45.15,45.35,45.27,44.90,45.07,44.87,44.82,44.87,46.17,47.88,47.95,47.88,47.63,46.91,46.39,46.91,47.56,47.90,47.83,47.43,48.78,48.78,48.17,48.02,47.31,46.39,46.91,47.48,48.05,48.53,48.83,48.02,46.27,45.69,46.81,47.73,46.91,46.46,47.16,47.53,46.91,46.27,46.66,47.41,47.63,47.71,47.78,47.80,47.88,48.00,47.88,47.71,47.68,47.88,47.88,47.71,47.01,46.44,46.51,46.91,46.96,47.11,47.31,47.58,47.75,48.05,48.61,49.12,49.63,49.83,49.88,49.92,49.90,50.00,49.95,49.80,49.12,49.12,49.05,49.80,50.75,52.23,52.87,53.42,53.61,54.07,54.55,54.81,55.12,55.57,55.95,56.28,57.36,59.52,60.70,61.00,61.04,61.09,61.16,61.20,61.25,61.25,61.16,61.09,61.16,61.18,61.30,61.25,61.18,61.18,61.20,61.18,61.18,61.20,61.09,61.16,61.04,61.11,61.16,61.09,61.04,61.07,61.04,61.04,61.04,-327.68,-327.68,-327.68,-327.68,
-327.68,-327.68,-327.68,-327.68,59.87,59.84,59.84,59.87,59.84,59.77,59.77,59.87,59.96,59.91,59.89,59.77,59.89,60.03,59.98,59.87,59.89,59.87,59.94,59.91,59.89,59.91,59.94,59.77,59.75,59.87,59.84,59.84,59.96,59.98,60.01,60.05,60.05,60.03,60.08,60.10,60.17,60.05,60.10,60.08,60.05,59.96,59.98,59.84,59.77,59.77,59.61,59.52,58.65,56.66,56.31,56.24,55.57,54.98,54.59,54.09,53.69,52.32,51.00,50.36,50.41,51.17,51.26,51.02,50.80,50.73,51.17,50.00,49.27,49.41,49.83,50.14,50.24,50.19,50.12,49.66,49.31,48.95,48.51,48.34,48.53,48.88,49.12,49.22,49.31,49.39,49.56,49.63,49.56,49.31,49.02,49.07,49.09,49.09,49.22,49.14,49.00,48.80,48.22,47.68,47.51,47.26,47.16,47.14,46.91,46.76,46.89,46.81,46.94,47.06,47.01,47.09,47.38,47.63,47.73,47.66,47.48,47.75,48.10,48.34,48.31,48.41,48.70,48.63,48.80,48.78,48.85,49.07,49.07,49.12,49.12,49.05,48.92,48.70,48.90,49.53,49.61,49.14,48.78,48.73,48.63,48.51,48.34,48.19,48.51,48.56,48.44,48.12,47.71,47.63,47.78,48.07,48.70,48.78,48.31,48.00,47.80,47.78,48.12,47.83,47.56,48.02,48.68,49.19,49.46,49.68,49.80,49.88,49.80,49.68,49.70,49.66,49.56,49.51,49.41,49.34,49.51,50.02,50.48,51.07,51.56,51.68,51.65,51.70,51.94,51.87,51.89,51.99,52.06,52.08,51.94,51.31,48.68,44.45,43.38,43.60,43.55,45.39,50.05,51.17,51.31,51.17,50.85,50.56,50.66,50.58,50.41,50.07,49.85,49.61,49.17,48.73,48.24,47.88,47.19,47.01,46.69,46.34,45.79,45.72,46.49,46.71,46.79,46.84,46.84,46.86,46.56,46.12,46.22,46.29,46.44,46.61,46.89,47.19,47.56,47.75,48.02,48.02,48.34,48.07,47.95,47.83,47.63,47.61,47.53,47.36,47.14,46.64,45.79,45.64,45.27,45.12,44.87,45.05,45.00,44.77,44.57,45.25,47.38,48.22,48.05,47.80,47.16,46.76,47.14,47.38,47.63,47.63,47.38,48.61,48.31,48.00,47.43,46.71,46.27,47.31,47.58,48.02,48.56,48.85,48.34,46.24,45.52,45.59,45.64,45.35,45.97,46.99,47.53,47.19,46.64,46.86,47.41,47.61,47.68,47.66,47.68,47.75,47.63,47.01,47.21,47.48,47.97,47.88,47.43,46.44,46.17,46.44,46.49,46.24,46.27,46.99,47.48,48.07,47.97,48.53,49.00,49.58,49.80,49.92,49.92,49.95,49.85,49.83,49.83,49.63,49.53,49.83,50.41,51.56,52.42,52.87,53.26,53.45,53.76,54.28,54.71,55.05,55.45,55.86,56.21,57.27,59.44,60.65,60.91,61.02,61.07,61.00,61.04,61.16,61.18,61.18,61.18,61.18,61.25,61.16,61.18,61.09,61.32,61.11,61.09,61.16,61.09,61.07,61.04,61.11,61.14,61.07,61.04,61.09,61.09,61.07,61.07,60.97,-327.68,-327.68,-327.68,-327.68,
-327.68,-327.68,-327.68,-327.68,59.91,59.96,59.96,59.94,59.98,59.98,59.96,59.96,59.91,59.89,59.87,60.01,60.15,59.94,59.91,60.01,59.89,59.89,59.89,59.84,59.75,59.77,59.73,59.73,59.77,59.70,59.68,59.75,59.77,59.84,59.84,59.91,60.01,60.05,60.03,59.96,60.15,59.98,60.05,60.08,60.01,59.91,59.87,59.77,59.77,59.68,59.59,59.52,58.58,56.61,56.31,56.24,55.69,54.93,54.45,53.92,53.76,53.18,52.25,51.94,52.08,51.99,51.73,51.53,51.14,50.87,50.70,50.17,49.53,49.83,49.90,50.05,50.14,50.17,49.97,49.46,49.00,48.56,48.34,48.31,48.51,48.83,49.00,49.19,49.29,49.36,49.41,49.53,49.41,49.31,49.22,49.27,49.36,49.29,49.29,49.19,49.00,48.78,48.14,47.51,47.34,47.09,46.79,46.56,46.54,46.61,46.74,46.86,46.86,46.91,46.96,47.06,47.46,47.71,47.68,47.53,47.41,47.46,47.80,48.17,48.29,48.29,48.31,48.53,48.56,48.49,48.51,48.78,48.83,48.88,48.92,48.78,48.51,48.31,48.73,49.31,49.27,48.97,48.41,48.34,48.17,47.95,47.68,47.78,47.97,48.22,48.12,47.88,47.58,47.46,47.73,48.05,48.22,48.29,48.12,47.73,47.90,48.22,48.00,47.95,47.26,47.83,48.49,49.00,49.22,49.29,49.31,49.46,49.39,49.34,49.34,49.41,49.51,49.61,49.73,49.61,49.73,50.02,50.46,50.92,51.46,51.46,51.26,51.24,51.53,51.63,51.77,51.97,52.11,52.16,51.97,51.07,48.56,44.35,43.33,43.60,43.60,45.44,49.39,51.19,51.41,51.29,50.90,50.51,50.41,50.17,50.00,49.63,49.31,49.22,49.05,48.75,48.34,47.73,47.24,46.96,46.86,46.74,46.49,46.04,46.61,46.49,46.56,46.56,46.59,46.41,46.04,45.94,45.79,44.90,44.77,46.12,47.58,48.02,48.34,48.34,48.34,48.36,48.34,48.34,48.27,48.00,47.63,47.43,47.41,47.29,46.99,46.61,46.27,46.12,45.79,45.42,45.00,45.05,44.95,44.77,43.98,44.33,46.99,48.12,47.90,47.68,47.31,46.89,46.94,47.16,47.38,47.46,47.09,48.22,48.00,47.48,46.96,45.79,46.39,47.21,47.56,47.88,48.44,48.49,47.34,45.84,46.02,45.92,45.77,46.04,46.91,47.16,47.34,47.11,46.79,46.94,47.29,47.41,47.43,47.51,47.56,47.83,47.53,46.89,46.91,47.61,47.78,47.68,47.01,45.84,45.69,45.92,45.30,44.60,45.05,46.29,47.24,47.56,48.02,48.27,48.80,49.22,49.58,49.80,49.78,49.56,49.44,49.51,49.24,49.46,49.97,50.63,51.29,52.06,52.51,52.87,53.14,53.16,53.26,53.88,54.33,54.79,55.24,55.72,56.21,57.24,59.42,60.68,60.95,61.02,60.97,61.02,61.11,61.14,61.09,61.11,61.14,61.18,61.18,61.11,61.07,61.16,61.18,61.27,61.14,61.18,61.14,61.11,61.16,60.97,61.07,61.09,61.04,61.07,61.04,61.04,61.02,60.97,-327.68,-327.68,-327.68,-327.68,
-327.68,-327.68,-327.68,-327.68,59.98,60.01,59.96,59.94,59.98,60.01,59.91,59.96,59.91,59.87,59.77,59.89,59.91,59.94,59.82,59.84,59.91,59.73,59.77,59.70,59.66,59.66,59.70,59.73,59.66,59.59,59.44,59.37,59.49,59.63,59.66,59.73,59.84,59.96,60.03,59.98,60.08,59.96,60.01,60.05,60.01,59.89,59.91,59.77,59.77,59.66,59.63,59.52,58.62,56.59,56.31,56.16,55.65,54.76,54.35,54.04,53.71,53.47,52.95,52.73,52.32,52.23,51.89,51.41,51.44,51.07,50.95,50.58,50.31,50.34,50.02,49.97,49.95,49.92,49.61,49.07,48.34,47.75,47.66,47.75,48.12,48.39,48.51,48.90,49.14,49.24,49.22,49.24,49.19,49.00,49.00,49.12,49.22,49.14,49.09,49.05,48.70,48.24,47.43,46.91,46.61,46.49,46.27,46.02,46.27,46.34,46.49,46.69,46.69,46.61,46.71,47.14,47.46,47.56,47.56,47.36,47.21,47.31,47.48,47.80,47.90,47.95,47.88,48.12,48.22,48.51,48.34,48.44,48.29,48.24,48.29,48.24,48.12,48.00,48.22,48.85,48.85,48.46,48.22,48.07,47.95,47.41,47.09,47.16,47.26,47.58,47.56,47.41,47.31,47.34,47.61,47.88,47.90,47.92,47.61,47.41,47.95,47.63,47.21,47.41,47.16,47.71,48.44,48.85,48.78,48.58,48.49,48.61,48.46,48.36,48.49,48.53,48.90,49.61,49.83,49.90,49.97,50.14,50.51,50.46,50.14,50.22,50.14,50.19,50.51,51.05,51.58,52.01,52.13,52.11,52.08,51.07,48.49,44.33,43.17,43.43,43.60,45.27,49.41,51.36,51.51,51.41,51.00,50.44,50.19,48.73,47.78,47.41,46.27,47.19,48.41,48.22,47.83,47.56,47.16,47.06,46.94,46.89,46.74,46.39,46.34,46.24,46.44,46.14,45.89,45.59,45.47,45.62,45.30,43.93,44.08,47.73,48.51,48.46,48.49,48.31,48.39,48.34,48.34,48.29,48.27,48.05,47.68,47.36,47.19,47.11,46.69,46.39,46.49,46.69,46.74,46.59,46.41,45.79,45.69,45.15,43.88,43.98,46.39,47.83,47.46,47.24,46.96,46.71,46.64,46.86,47.16,46.91,46.24,47.11,47.51,47.16,46.44,45.77,46.44,47.14,47.53,47.68,48.19,47.78,46.04,45.35,45.87,45.72,46.07,47.31,47.78,47.58,47.31,46.91,46.79,46.79,46.51,46.44,46.51,46.64,47.01,47.90,47.53,46.89,46.76,47.31,47.31,47.14,46.27,45.54,45.35,45.30,44.15,42.77,43.43,45.30,46.81,48.31,49.09,48.53,48.41,48.95,49.51,49.41,48.56,47.14,46.79,47.14,47.34,48.10,49.51,51.07,51.97,52.47,52.66,52.59,51.82,51.44,51.61,52.25,53.33,54.43,55.02,55.69,56.28,57.27,59.35,60.63,60.95,60.93,60.86,61.02,61.07,61.11,61.14,61.09,61.09,61.11,61.14,61.18,61.07,61.16,61.09,61.20,60.97,61.20,61.09,61.09,61.18,61.04,61.04,61.16,61.09,61.02,60.97,60.97,60.97,60.97,-327.68,-327.68,-327.68,-327.68,
-327.68,-327.68,-327.68,-327.68,59.84,59.87,59.87,59.84,59.82,59.84,59.77,59.73,59.73,59.77,59.70,59.70,59.70,59.77,59.68,59.84,59.66,59.59,59.66,59.63,59.49,59.54,59.54,59.44,59.47,59.44,59.35,59.33,59.23,59.28,59.37,59.49,59.52,59.66,59.84,59.96,60.03,59.94,59.96,60.05,59.91,59.91,59.87,59.68,59.73,59.70,59.61,59.52,58.48,56.77,56.35,56.19,55.57,54.76,54.28,53.81,53.45,53.33,52.92,52.73,52.44,52.35,51.94,51.39,51.14,50.63,50.56,50.34,50.14,50.19,50.12,49.66,49.34,49.17,49.12,48.05,47.46,46.99,46.79,47.19,47.73,48.02,48.17,48.56,48.92,49.02,49.07,48.83,48.36,48.07,48.22,48.29,48.12,47.90,48.34,48.68,48.07,47.34,46.66,46.44,46.14,45.84,45.72,45.52,45.82,46.12,46.02,45.92,46.02,46.29,46.76,47.14,47.34,47.24,47.09,46.91,46.84,46.86,46.91,47.16,47.68,47.80,47.66,47.90,48.24,48.29,47.68,47.34,46.74,46.56,46.46,46.54,46.39,46.86,47.61,48.22,48.36,48.14,47.90,48.00,47.71,47.26,46.07,45.42,45.42,45.52,45.79,46.79,47.29,47.36,47.51,47.66,47.78,47.41,45.57,45.35,47.16,45.59,45.15,45.57,47.31,47.95,48.34,48.63,48.63,48.27,47.06,46.02,45.52,46.02,46.09,46.07,46.66,49.19,49.88,50.12,50.12,50.31,50.41,49.92,47.90,46.37,46.32,47.29,47.63,49.36,51.36,52.13,52.30,52.40,52.20,51.19,48.14,44.18,43.27,43.58,43.63,45.00,49.34,51.51,51.68,51.61,51.14,50.39,49.85,47.88,46.51,46.32,45.87,47.11,48.27,48.05,47.61,47.51,47.29,46.84,46.81,46.86,46.54,46.32,46.02,46.66,46.71,46.02,45.62,45.79,45.94,45.92,45.52,44.25,45.79,48.53,48.56,48.41,48.44,48.27,48.31,48.34,48.34,48.29,48.29,48.22,47.75,47.16,46.96,46.79,46.41,46.27,46.37,46.76,47.11,47.11,47.21,47.19,47.11,46.76,45.57,44.70,45.74,47.24,47.34,47.14,46.79,46.49,46.54,46.66,46.91,46.64,46.22,46.27,46.56,46.37,46.44,46.37,46.59,47.06,47.46,47.46,47.21,46.84,46.09,45.92,46.32,45.44,45.77,47.29,48.05,47.88,47.41,46.99,46.76,46.56,46.24,45.72,45.07,44.92,45.94,47.41,47.16,46.69,46.71,46.81,46.59,45.97,45.39,45.72,45.57,45.32,44.20,42.66,43.38,46.14,47.92,49.27,49.27,48.95,48.19,48.63,48.92,48.95,46.66,44.57,44.52,44.70,45.15,46.34,49.24,51.44,52.18,52.63,52.87,52.04,49.24,48.29,48.53,49.66,52.49,54.09,54.93,55.84,56.47,57.64,59.40,60.68,60.88,60.93,61.02,61.04,61.09,61.18,61.14,61.09,61.09,61.11,61.16,61.11,61.09,61.07,61.11,61.14,61.14,61.09,61.07,61.09,61.09,61.04,60.97,61.11,61.04,61.02,60.97,60.97,61.00,61.00,-327.68,-327.68,-327.68,-327.68,
-327.68,-327.68,-327.68,-327.68,59.73,59.70,59.73,59.75,59.70,59.70,59.63,59.66,59.63,59.66,59.66,59.52,59.52,59.61,59.47,59.52,59.52,59.47,59.49,59.52,59.37,59.40,59.44,59.42,59.37,59.35,59.28,59.21,59.12,59.05,59.00,59.09,59.05,59.19,59.47,59.56,59.75,59.77,59.84,59.94,59.84,59.89,59.87,59.75,59.63,59.63,59.63,59.47,58.51,56.87,56.47,56.35,55.57,54.50,52.59,51.65,51.51,51.19,52.32,52.66,52.56,52.25,51.80,51.12,48.85,47.63,47.38,47.36,48.29,50.34,50.27,49.02,48.22,47.63,47.26,46.51,46.24,45.99,45.99,46.84,47.48,48.10,48.39,48.56,48.63,48.85,48.95,48.44,47.31,46.81,46.96,47.01,46.22,45.97,47.31,48.10,47.58,46.96,46.39,46.12,45.97,45.59,45.52,45.15,45.74,46.02,45.59,45.12,45.57,46.14,46.66,46.91,46.91,46.56,46.02,45.72,45.94,45.67,45.74,45.59,47.19,47.56,47.58,48.00,48.22,48.19,47.61,45.89,44.62,44.57,44.90,44.90,44.80,45.82,47.06,47.61,47.90,47.83,47.73,47.78,47.58,47.11,45.92,45.00,44.45,44.25,45.02,46.49,47.16,47.14,47.16,47.14,47.14,46.99,46.14,44.75,46.44,44.57,44.23,45.27,47.14,47.61,48.12,48.46,48.36,48.19,47.16,45.67,44.92,44.80,44.62,44.80,45.62,49.05,49.92,50.19,50.22,50.41,50.41,49.80,48.02,46.34,45.84,45.87,46.27,48.53,51.36,52.13,52.23,52.49,52.40,51.14,48.29,44.23,43.20,43.38,43.50,44.92,49.19,51.56,51.68,51.68,51.14,50.41,49.92,47.48,46.44,46.41,46.32,47.29,48.12,48.02,47.83,47.78,47.31,46.91,46.66,46.49,46.09,45.30,45.39,46.64,46.94,47.11,47.11,47.29,47.46,47.34,46.59,44.52,45.52,48.17,48.46,48.41,48.22,48.12,48.19,48.24,48.34,48.27,48.27,48.24,47.90,47.21,46.94,46.86,46.56,46.02,46.37,46.56,46.81,47.11,47.34,47.53,47.43,47.38,46.99,46.46,46.44,47.01,47.06,46.74,46.49,46.39,46.17,46.71,47.46,47.36,47.01,46.34,45.84,45.82,46.56,46.59,46.49,46.81,47.19,46.84,46.64,46.89,47.24,47.48,47.75,46.61,45.47,45.62,47.09,47.75,47.61,47.24,46.99,46.89,46.61,45.79,44.75,44.15,45.05,46.69,46.74,46.46,46.04,45.79,45.79,45.42,45.82,46.24,46.02,45.77,44.62,42.66,43.50,46.86,48.53,48.90,49.27,49.02,47.92,47.80,48.53,48.39,46.27,44.00,43.90,44.23,44.80,46.07,49.41,51.73,52.47,52.83,53.04,51.75,48.12,46.84,47.21,49.09,52.13,54.04,54.98,55.86,56.45,57.57,59.42,60.65,60.84,60.91,61.00,61.02,61.04,61.16,61.18,61.14,61.07,61.07,61.07,61.16,61.16,61.09,61.09,61.16,61.23,61.14,61.09,61.04,61.04,61.02,60.95,61.04,61.04,61.04,61.04,61.00,60.93,60.91,-327.68,-327.68,-327.68,-327.68,
-327.68,-327.68,-327.68,-327.68,59.77,59.73,59.70,59.73,59.70,59.61,59.52,59.63,59.59,59.52,59.56,59.44,59.37,59.54,59.52,59.47,59.52,59.44,59.37,59.37,59.33,59.30,59.37,59.35,59.23,59.21,59.19,59.07,59.07,59.09,58.81,58.72,58.67,58.70,58.95,58.95,59.12,59.33,59.63,59.77,59.77,59.75,59.91,59.68,59.59,59.63,59.63,59.40,58.51,57.03,56.80,56.49,55.69,54.24,51.48,50.24,49.66,49.75,52.13,52.73,52.59,52.11,51.53,50.48,47.29,45.94,45.59,46.14,47.83,49.63,49.88,48.63,47.90,47.14,46.56,46.02,45.87,45.89,46.22,46.66,47.38,48.14,48.68,48.85,48.58,48.63,48.75,48.24,46.91,46.17,46.27,45.99,44.87,45.22,46.91,47.75,47.75,47.26,46.51,46.07,45.79,45.57,45.54,45.54,45.54,45.57,44.90,44.60,45.57,46.17,46.59,46.69,46.69,46.51,46.46,46.69,45.17,44.40,45.22,45.67,47.06,47.36,47.51,47.78,48.12,48.34,48.14,45.94,45.22,45.10,45.02,44.72,44.52,45.74,46.81,46.89,47.38,47.78,47.63,47.71,47.41,47.19,46.44,44.35,43.68,43.68,44.95,46.37,46.89,46.91,46.91,46.84,46.91,46.91,46.02,44.47,45.49,44.57,43.50,45.30,46.81,47.16,47.66,48.12,48.05,48.14,47.58,46.07,44.75,44.42,44.20,45.12,45.64,49.00,50.07,50.14,50.27,50.34,50.34,48.85,46.59,45.49,45.30,45.42,45.79,48.29,51.31,52.08,52.25,52.42,52.13,51.00,48.14,44.23,43.12,43.33,43.45,44.90,49.09,51.24,51.68,51.63,51.19,50.41,50.02,47.38,45.89,45.72,45.39,46.74,47.92,47.90,47.71,47.75,47.29,46.69,46.41,45.84,44.33,43.07,44.57,46.39,47.14,47.41,47.66,47.80,47.90,47.90,47.75,46.86,45.52,46.04,47.38,47.75,47.90,48.05,48.10,48.05,48.14,48.24,48.19,48.12,47.58,47.21,47.19,47.16,46.81,46.17,45.42,45.84,46.74,47.16,47.63,47.71,47.83,47.68,47.63,47.51,47.38,47.31,46.86,46.24,46.29,46.71,46.96,48.05,48.53,48.24,48.02,47.26,46.71,46.32,46.91,46.91,46.91,47.06,46.99,46.76,47.41,47.63,48.00,48.31,48.46,48.36,47.21,45.05,45.39,46.81,47.41,47.29,47.19,47.24,47.11,46.44,44.92,43.93,43.60,44.95,45.54,45.82,45.94,45.94,46.41,46.69,46.89,47.14,46.56,46.12,45.15,44.20,45.57,47.51,48.14,48.63,48.83,48.95,47.90,47.29,47.88,48.12,46.12,43.60,43.38,43.65,44.42,45.79,49.22,51.89,52.63,52.95,53.04,51.89,48.19,46.89,47.63,49.39,51.63,54.07,55.07,55.84,56.45,57.41,59.70,60.58,60.88,60.91,61.04,61.14,61.14,61.16,61.16,61.14,61.14,61.07,61.04,61.09,61.07,61.02,61.09,61.09,61.02,61.07,61.04,61.00,60.91,61.09,61.04,61.04,61.04,61.04,61.02,60.93,60.91,60.91,-327.68,-327.68,-327.68,-327.68,
-327.68,-327.68,-327.68,-327.68,59.77,59.75,59.70,59.73,59.73,59.68,59.52,59.63,59.63,59.52,59.59,59.56,59.49,59.47,59.44,59.47,59.49,59.40,59.35,59.28,59.26,59.26,59.30,59.28,59.23,59.21,59.16,59.14,59.09,58.95,58.88,58.58,58.34,58.25,58.27,58.41,58.55,58.67,59.09,59.63,59.66,59.68,59.77,59.61,59.61,59.63,59.59,59.40,58.34,57.06,56.89,56.47,55.67,54.40,51.89,50.85,49.68,49.39,52.08,52.59,52.63,52.16,51.17,50.14,47.21,45.97,45.39,46.44,46.22,46.39,48.49,48.61,47.75,47.29,46.74,46.09,45.89,46.32,46.27,46.64,47.21,48.05,48.51,48.19,47.92,48.27,48.39,48.07,46.76,45.64,45.07,44.62,44.23,45.00,46.69,47.90,48.07,47.63,46.69,46.09,45.84,45.69,45.62,45.77,45.35,45.39,44.80,44.72,45.64,46.24,46.66,46.86,46.89,46.86,45.94,44.97,43.98,43.68,43.90,45.77,46.89,47.29,47.31,47.36,48.12,48.53,48.31,46.54,46.02,45.47,44.90,44.45,44.15,45.57,46.84,46.89,46.99,47.41,47.63,47.56,47.46,47.06,46.49,44.20,43.58,45.10,46.44,46.89,46.79,46.69,46.96,47.21,47.29,46.96,45.44,44.13,44.42,44.80,44.67,45.12,46.64,47.26,47.66,48.05,48.00,48.14,47.56,45.92,44.65,44.25,44.50,45.07,45.44,49.00,49.92,49.85,50.09,50.34,50.24,48.63,46.24,45.54,45.54,45.49,45.59,48.31,51.05,52.16,52.35,52.25,52.11,51.12,48.12,44.13,43.07,43.33,43.53,44.82,49.00,51.24,51.63,51.53,51.07,50.58,49.97,46.84,45.47,45.64,45.42,46.54,47.71,47.75,47.56,47.31,46.76,46.61,45.47,43.55,42.97,43.30,43.75,45.64,47.01,47.51,47.80,48.00,48.10,48.12,48.24,48.19,47.63,46.94,45.89,45.30,45.79,46.94,47.68,48.14,48.22,48.14,48.12,48.00,47.61,47.41,47.34,47.34,47.16,46.56,45.27,44.52,46.41,47.29,47.63,47.71,47.83,47.90,47.83,47.83,47.75,47.63,47.09,46.04,45.57,46.69,47.90,49.41,49.22,48.70,48.31,47.95,47.36,45.99,47.26,47.51,47.51,47.56,47.06,46.64,47.63,47.80,48.19,48.41,48.56,48.88,48.70,46.91,44.77,44.92,45.82,46.51,47.16,47.48,47.41,46.86,45.30,44.18,43.07,43.10,44.38,46.14,46.32,46.24,46.66,46.91,47.11,47.46,47.34,46.49,45.07,44.57,46.49,47.56,47.78,47.95,48.44,48.49,47.75,47.09,47.46,47.71,46.07,43.68,43.78,44.08,44.57,45.57,48.92,51.87,52.66,53.09,53.09,51.87,48.56,47.16,48.29,49.17,51.77,54.21,55.29,55.93,56.38,57.38,59.59,60.61,60.81,60.91,61.04,61.02,61.16,61.09,61.04,61.04,61.02,61.04,61.07,61.07,61.04,61.16,61.16,61.16,61.11,61.04,61.04,61.04,61.02,61.09,61.04,61.04,61.04,61.04,61.04,60.91,60.91,61.00,-327.68,-327.68,-327.68,-327.68,
-327.68,-327.68,-327.68,-327.68,59.77,59.77,59.70,59.73,59.75,59.63,59.56,59.68,59.66,59.47,59.54,59.56,59.52,59.52,59.59,59.47,59.42,59.37,59.37,59.37,59.35,59.35,59.35,59.33,59.33,59.26,59.12,59.09,59.05,58.86,58.74,58.55,58.02,57.90,57.90,57.97,58.25,58.20,58.55,59.37,59.68,59.73,59.73,59.59,59.66,59.59,59.49,59.42,58.25,57.01,56.80,56.54,55.79,54.38,51.94,51.36,50.07,49.46,52.28,52.56,52.63,52.30,51.34,50.24,47.31,46.02,45.49,45.87,45.54,45.35,47.61,48.22,48.34,48.10,47.48,46.39,46.02,45.99,45.79,46.41,47.19,47.29,46.91,46.94,47.63,48.17,48.24,47.90,47.06,46.04,44.95,44.40,44.23,44.85,46.59,47.90,48.07,47.75,46.96,46.49,46.24,46.17,45.94,45.74,45.59,45.74,45.67,45.57,45.89,46.07,46.66,46.99,47.19,46.89,45.42,43.98,43.40,43.55,43.65,45.05,46.69,47.06,47.38,47.46,48.12,48.58,48.34,46.12,45.57,45.54,44.95,44.13,43.75,45.54,46.79,46.74,46.71,47.01,47.43,47.41,47.26,47.14,46.89,45.97,45.54,46.71,47.38,47.78,48.05,47.48,46.99,47.34,47.63,47.19,45.35,43.78,42.92,43.85,45.25,45.59,46.54,46.99,47.51,48.05,48.29,48.41,47.34,45.32,44.87,44.60,44.67,44.82,45.47,49.00,49.68,49.63,49.75,50.07,50.09,49.09,46.74,45.54,45.42,45.42,45.59,48.46,51.14,52.18,52.32,52.32,52.06,51.07,48.14,44.13,43.20,43.27,43.45,44.77,49.00,51.14,51.51,51.46,51.02,50.68,50.17,47.21,45.74,46.12,45.87,46.69,47.80,47.90,47.83,47.63,47.09,46.91,45.47,43.93,44.47,44.97,44.40,44.90,46.89,47.68,47.90,48.05,48.22,48.24,48.17,48.14,48.00,48.07,47.41,45.94,44.40,44.60,46.29,48.34,48.41,48.22,47.83,47.19,47.19,47.53,47.41,47.26,46.99,46.69,45.79,44.77,45.79,47.11,47.48,47.63,47.92,47.80,48.02,47.92,47.92,47.90,47.61,46.81,45.82,46.61,48.56,50.66,49.83,49.07,48.53,48.10,47.38,45.67,46.91,48.02,48.07,48.10,47.16,45.87,47.24,47.78,48.27,48.53,48.73,49.07,49.44,49.19,48.10,47.75,48.17,48.68,48.85,48.39,47.88,47.16,45.79,44.82,43.95,43.68,45.35,46.49,45.54,46.02,46.84,46.99,47.11,47.58,48.07,46.89,45.20,45.10,46.96,47.38,47.63,47.75,47.97,48.10,47.78,46.96,47.31,47.48,46.37,44.60,44.87,45.39,45.30,45.79,48.80,51.80,52.68,53.06,53.11,51.99,48.90,47.61,48.68,49.58,52.63,54.59,55.53,56.05,56.33,57.17,59.56,60.68,60.91,60.91,60.93,60.93,60.97,61.02,61.04,61.07,61.04,61.04,61.14,61.16,61.18,61.18,61.14,61.14,61.16,61.07,60.97,61.04,61.11,61.11,61.04,60.91,61.04,61.04,61.04,60.95,60.95,61.02,-327.68,-327.68,-327.68,-327.68,
-327.68,-327.68,-327.68,-327.68,59.82,59.82,59.75,59.77,59.87,59.63,59.61,59.68,59.61,59.54,59.49,59.52,59.47,59.52,59.52,59.49,59.42,59.44,59.47,59.40,59.37,59.35,59.33,59.33,59.28,59.21,59.09,59.05,58.98,58.88,58.72,58.62,57.80,57.66,57.76,57.69,57.99,57.99,58.20,59.05,59.70,59.66,59.63,59.56,59.56,59.59,59.44,59.30,58.13,56.96,56.73,56.49,55.62,54.24,51.44,51.07,49.83,49.34,52.30,52.85,52.95,52.47,51.58,50.56,47.31,46.32,46.14,46.22,45.72,45.54,47.66,48.39,48.88,49.09,47.83,46.69,46.46,46.32,46.14,45.22,45.44,45.57,46.17,46.94,47.92,48.41,48.22,48.17,48.29,48.05,48.00,47.63,45.62,45.12,46.66,48.05,47.95,47.63,47.16,46.99,46.81,46.69,46.17,45.89,45.94,45.99,46.04,46.02,46.24,46.02,46.61,47.16,47.41,47.01,45.39,43.85,43.33,43.88,44.30,45.30,46.41,46.99,47.58,47.95,48.31,48.58,48.39,46.29,45.30,44.87,45.22,44.80,45.05,46.29,46.89,46.69,46.61,46.91,47.01,46.96,46.81,46.79,46.61,46.54,46.49,46.81,47.26,47.71,48.00,48.12,47.68,47.58,47.90,47.53,45.39,43.80,43.60,44.33,45.15,45.74,46.46,46.91,47.63,48.19,48.44,48.58,47.46,45.89,45.30,45.07,44.60,45.25,45.87,48.97,49.46,49.07,49.19,49.90,50.07,49.02,46.99,46.04,45.94,45.69,45.92,48.68,51.48,52.01,52.35,52.32,51.94,50.87,48.02,44.10,43.12,43.27,43.38,44.52,48.68,50.73,51.24,51.12,50.92,50.63,50.22,48.51,48.05,48.24,47.90,48.00,48.24,48.12,48.00,47.75,47.38,47.26,46.61,46.17,46.09,46.02,45.97,46.02,46.89,47.71,48.00,48.17,48.34,48.34,48.27,48.27,48.10,48.07,48.10,48.19,46.99,45.35,46.61,48.46,48.44,48.49,48.36,47.90,47.61,47.61,47.43,47.21,46.96,46.56,45.82,45.25,45.44,46.37,46.99,47.56,47.73,47.71,47.88,47.90,48.02,47.92,47.75,47.51,46.91,47.01,48.80,50.95,50.36,49.44,48.85,48.31,47.46,46.14,46.79,48.12,48.44,48.24,46.66,45.20,46.51,47.66,48.14,48.46,48.78,49.22,49.73,50.02,49.56,48.90,48.92,49.14,49.17,48.19,47.53,47.11,46.14,45.72,45.57,45.74,47.21,47.41,45.97,46.04,46.61,46.96,47.31,47.80,48.36,47.06,45.67,46.22,47.06,47.24,47.43,47.63,47.88,47.95,47.71,47.51,47.80,48.12,47.43,46.41,46.84,47.48,47.51,47.75,49.88,51.87,52.61,52.95,53.18,52.49,50.27,49.46,50.07,50.95,53.42,54.90,55.60,55.95,56.28,57.15,59.33,60.58,60.77,60.86,60.97,61.02,61.04,61.07,61.04,61.04,61.11,61.16,61.14,61.07,61.04,61.16,61.18,61.04,61.14,61.04,61.11,61.04,61.18,61.02,61.04,60.97,61.07,61.00,60.97,60.95,61.00,61.00,-327.68,-327.68,-327.68,-327.68,
-327.68,-327.68,-327.68,-327.68,59.82,59.84,59.75,59.77,59.87,59.73,59.73,59.61,59.61,59.61,59.52,59.47,59.56,59.52,59.52,59.44,59.37,59.33,59.35,59.26,59.23,59.33,59.33,59.23,59.14,59.12,59.09,58.98,58.86,58.81,58.84,58.51,57.78,57.62,57.57,57.71,57.76,57.78,57.95,58.72,59.61,59.63,59.66,59.61,59.52,59.44,59.37,59.07,58.09,56.91,56.70,56.47,55.69,54.04,51.24,50.58,50.12,49.46,52.51,53.16,53.04,52.78,51.94,50.87,47.78,46.64,46.79,46.74,45.97,45.87,48.19,49.22,49.53,49.73,48.34,47.90,47.48,46.94,46.14,45.07,45.39,46.02,46.66,47.36,48.22,48.58,48.36,48.44,49.05,48.85,48.68,48.36,47.36,46.32,47.16,48.12,47.90,47.53,47.24,47.29,47.14,46.86,46.29,46.22,46.24,46.17,46.24,46.29,46.49,46.09,46.64,47.29,47.63,47.36,45.99,44.45,44.10,44.38,45.00,45.49,46.41,47.01,47.78,48.27,48.41,48.61,48.41,46.27,45.67,45.54,46.29,46.41,46.02,46.49,46.91,46.74,46.74,46.99,47.14,46.99,46.66,46.79,46.64,46.49,46.56,46.99,47.29,47.53,47.68,47.43,47.38,47.63,47.90,47.51,45.77,45.00,45.10,45.42,45.30,45.67,46.59,47.16,47.92,48.56,49.02,49.07,47.97,46.56,46.02,45.84,45.84,45.59,46.14,49.00,49.39,49.12,49.31,49.85,50.17,48.78,46.91,47.06,46.64,46.56,47.43,49.02,51.46,52.13,52.13,52.28,51.87,50.95,48.05,43.98,43.07,43.22,43.12,44.33,48.41,50.78,50.83,50.97,50.63,50.51,50.19,49.75,49.34,49.22,49.05,48.80,48.46,48.31,48.10,47.78,47.56,47.19,47.14,46.69,46.27,46.29,46.12,46.34,46.79,47.63,48.02,48.14,48.19,48.34,48.36,48.27,48.19,48.24,48.24,48.41,48.31,46.74,46.64,48.34,48.49,48.44,48.46,48.29,48.10,47.73,47.31,46.96,46.54,46.02,45.69,45.59,45.74,45.87,46.24,46.84,47.16,47.43,47.46,47.80,47.92,47.92,47.83,47.63,47.24,47.29,48.27,49.61,49.75,49.34,48.92,48.41,47.63,47.48,47.73,48.34,48.53,47.48,45.72,44.95,45.84,46.96,47.97,48.63,48.92,49.41,49.88,49.78,49.09,48.83,48.90,49.00,48.61,47.29,46.56,46.46,46.24,46.17,46.27,46.84,47.68,47.68,46.76,45.94,46.41,46.84,47.16,47.58,47.09,45.74,45.79,46.37,46.96,47.24,47.43,47.66,47.66,47.95,48.31,48.68,49.00,49.09,49.00,48.78,48.85,49.07,49.70,50.22,51.17,52.04,52.47,52.68,53.18,53.18,52.51,52.49,52.83,53.45,54.57,55.02,55.36,55.72,56.12,56.75,59.09,60.63,60.84,60.86,60.91,60.93,61.00,61.09,61.09,61.00,61.02,61.14,61.16,61.14,61.11,61.09,61.11,61.09,61.04,61.02,61.09,61.04,61.04,61.02,61.04,60.95,61.02,60.97,60.97,60.91,60.91,60.95,-327.68,-327.68,-327.68,-327.68,
-327.68,-327.68,-327.68,-327.68,59.89,59.94,59.82,59.77,59.77,59.75,59.73,59.68,59.61,59.66,59.54,59.44,59.49,59.52,59.52,59.47,59.42,59.42,59.35,59.26,59.26,59.28,59.26,59.23,59.21,59.14,59.12,59.05,58.95,58.86,58.72,58.55,57.64,57.50,57.66,57.69,57.66,57.78,57.80,58.34,59.28,59.68,59.63,59.56,59.42,59.30,59.23,58.95,57.90,56.70,56.56,56.35,55.72,54.21,52.32,51.94,51.17,50.80,53.06,53.33,53.23,52.97,52.30,51.39,48.70,47.63,47.46,47.14,46.86,46.56,49.05,49.83,50.12,50.17,49.41,48.73,47.46,47.53,46.07,45.99,46.56,46.71,47.63,48.27,48.80,49.02,49.00,49.12,49.19,48.46,48.02,48.12,48.41,48.12,48.22,48.31,47.88,47.63,47.29,47.29,47.11,46.81,46.37,46.37,46.27,46.46,46.39,46.54,46.61,46.46,46.84,47.38,47.83,47.75,47.21,46.22,45.74,45.72,45.72,45.94,46.71,47.21,48.10,48.56,48.75,48.70,48.44,46.89,46.69,46.79,47.16,47.19,46.59,46.56,46.89,46.84,46.91,47.24,47.53,47.43,47.11,46.96,46.79,46.37,46.61,47.01,47.14,46.81,46.61,46.86,47.31,47.68,47.90,47.83,46.71,47.09,46.94,46.59,46.49,46.69,47.56,47.97,48.34,48.80,49.19,49.41,49.19,48.56,48.27,48.46,48.36,48.56,48.90,49.61,49.78,49.80,50.00,50.27,50.51,50.12,49.44,49.41,49.27,49.63,50.53,50.87,51.94,51.85,52.11,51.99,51.61,50.53,47.68,43.98,43.07,43.25,43.22,44.35,48.29,50.51,50.66,50.80,50.48,50.36,49.92,49.66,49.41,49.14,48.85,48.49,48.29,48.14,47.90,47.66,47.16,46.99,46.99,46.56,46.27,46.56,46.79,46.91,46.69,47.11,47.90,48.24,48.31,48.29,48.22,48.39,48.29,48.39,48.44,48.56,48.49,47.78,47.16,48.31,48.53,48.56,48.63,48.53,48.29,47.63,46.99,46.24,45.77,45.67,46.22,46.59,46.99,46.76,46.41,46.17,46.49,46.59,46.49,47.31,47.53,47.56,47.48,46.91,46.17,46.66,47.53,48.05,48.27,48.34,48.44,48.24,47.95,48.14,48.17,48.29,48.12,47.11,45.69,44.85,45.00,45.57,46.86,48.17,48.68,48.73,48.63,48.56,48.44,48.56,48.58,48.75,47.95,46.56,46.24,46.29,46.29,46.44,46.56,47.01,47.16,47.24,46.94,46.39,46.02,46.27,46.02,45.74,45.44,45.22,45.32,46.04,47.06,47.31,47.43,47.63,47.58,47.90,48.61,48.88,49.00,49.09,49.24,49.17,48.95,49.07,49.80,50.51,51.17,51.85,52.25,52.59,53.04,53.09,53.23,53.40,53.69,54.43,54.76,55.12,55.38,55.67,56.05,56.66,59.05,60.45,60.86,60.84,60.88,61.00,61.02,60.95,61.09,61.07,61.04,61.11,61.16,61.14,61.04,61.04,61.11,61.04,61.00,60.97,61.04,61.04,60.97,61.02,61.04,60.93,60.95,60.97,61.00,60.81,60.88,60.88,-327.68,-327.68,-327.68,-327.68,
-327.68,-327.68,-327.68,-327.68,59.96,59.96,59.91,59.77,59.77,59.82,59.68,59.66,59.66,59.61,59.47,59.52,59.54,59.52,59.42,59.40,59.40,59.35,59.30,59.26,59.23,59.26,59.26,59.19,59.09,59.14,59.12,59.00,58.81,58.81,58.67,58.41,57.64,57.38,57.52,57.43,57.57,57.71,57.88,58.30,59.19,59.52,59.52,59.52,59.40,59.33,59.09,58.95,57.64,56.42,56.33,56.26,55.76,54.76,54.07,53.69,53.21,53.18,53.69,53.59,53.52,53.06,52.63,51.75,50.61,49.95,49.70,49.27,49.44,49.63,50.14,50.53,50.46,50.56,49.46,48.34,48.02,47.97,47.75,47.66,47.97,48.24,48.68,48.92,49.22,49.41,49.31,49.36,49.34,49.27,49.34,49.41,49.34,49.39,49.14,48.58,48.07,47.63,47.43,47.21,47.09,46.79,46.17,46.54,46.46,46.56,46.54,46.76,46.86,46.81,47.06,47.48,47.88,48.05,47.97,47.73,47.41,47.19,46.91,47.16,47.41,47.66,48.27,48.63,48.90,48.73,48.58,48.12,47.71,47.48,47.53,47.63,47.38,47.09,46.91,47.01,47.16,47.43,47.95,47.75,47.29,47.01,46.81,46.49,46.81,47.14,47.24,47.09,46.94,47.06,47.16,47.36,47.63,47.80,47.97,48.02,47.95,47.63,47.51,47.95,49.09,49.61,48.78,48.83,49.19,49.36,49.53,49.78,49.70,49.70,49.88,50.00,50.05,50.00,50.05,50.19,50.31,50.41,50.56,50.78,50.92,50.73,50.61,50.83,51.53,51.68,51.87,51.77,51.73,51.82,51.58,50.51,47.68,43.98,43.10,43.15,43.07,44.23,48.39,50.41,50.78,50.68,50.41,50.17,49.85,49.22,48.92,48.73,48.53,48.41,48.17,48.14,47.95,47.58,47.16,46.86,46.76,46.61,46.59,47.11,47.24,47.16,47.06,47.01,47.48,48.02,48.27,48.39,48.41,48.46,48.27,48.29,48.39,48.46,48.36,48.14,48.27,48.53,48.70,48.90,48.85,48.68,48.27,47.38,46.07,45.47,45.52,46.32,47.21,47.78,48.14,48.12,47.66,46.54,46.37,46.17,45.69,46.56,47.19,47.26,47.16,46.39,45.30,46.09,47.36,47.75,47.92,48.07,48.19,48.27,48.17,48.07,47.95,47.88,47.68,47.16,46.27,44.87,44.75,45.52,46.96,47.90,48.12,48.14,48.19,48.34,48.29,48.36,48.34,48.00,46.86,46.07,46.17,46.32,46.22,46.17,46.54,46.91,47.06,46.99,46.99,46.49,46.04,45.92,45.59,45.39,45.39,45.15,45.30,45.89,46.76,47.19,47.34,47.41,47.41,47.75,48.12,48.12,48.14,48.31,48.56,48.61,48.39,48.53,49.12,49.97,50.70,51.41,52.08,52.47,52.66,52.87,52.87,53.14,53.54,54.24,54.74,55.07,55.29,55.60,55.91,56.61,58.95,60.68,60.81,60.86,60.93,61.04,61.04,60.93,60.97,61.09,61.04,60.95,61.04,61.07,61.04,61.02,61.04,60.95,60.86,60.86,60.84,60.91,60.91,60.79,60.91,60.86,60.88,60.91,60.93,60.86,60.84,60.84,-327.68,-327.68,-327.68,-327.68,
-327.68,-327.68,-327.68,-327.68,59.94,59.94,59.91,59.89,59.75,59.75,59.75,59.68,59.63,59.59,59.52,59.54,59.54,59.52,59.52,59.42,59.33,59.37,59.42,59.37,59.23,59.23,59.28,59.28,59.19,59.19,59.19,59.00,58.93,58.86,58.65,58.39,57.64,57.36,57.34,57.52,57.64,57.62,57.78,58.30,58.93,59.21,59.44,59.44,59.42,59.42,59.00,58.79,57.62,56.31,56.16,56.19,55.69,54.90,54.59,54.26,53.95,53.90,53.97,53.76,53.57,53.14,52.68,52.08,51.48,50.95,50.58,50.19,50.14,50.41,50.41,50.36,50.39,50.12,49.46,48.83,48.56,48.85,48.73,48.85,49.00,49.00,49.36,49.66,49.73,49.58,49.56,49.63,49.78,49.75,49.78,49.85,49.88,49.75,49.53,48.95,48.27,47.88,47.53,47.31,47.16,46.89,46.12,46.32,46.89,46.76,46.91,46.86,47.01,47.06,47.21,47.61,47.88,48.10,48.19,48.24,48.27,48.05,47.83,47.88,48.00,48.12,48.36,48.70,48.78,48.70,48.58,48.36,47.90,47.73,47.73,47.78,47.71,47.46,47.29,47.34,47.41,47.56,47.97,47.73,47.41,47.09,46.69,46.69,47.06,47.16,47.41,47.26,47.41,47.53,47.16,46.96,47.24,47.48,47.80,47.71,47.75,47.71,47.88,48.49,49.00,49.46,49.00,48.83,49.17,49.41,49.66,49.83,49.88,49.83,49.73,49.83,50.05,50.14,49.97,50.12,50.36,50.56,50.73,50.87,50.95,50.87,50.95,51.14,51.68,51.80,51.80,51.70,51.65,51.70,51.48,50.39,47.90,43.98,43.02,43.07,42.89,44.13,48.34,50.36,50.68,50.66,50.44,50.14,49.34,48.88,48.51,48.34,48.29,48.27,48.24,48.24,47.92,47.53,47.21,46.89,46.56,46.37,46.71,46.96,46.96,47.09,47.21,47.21,47.48,47.73,47.92,48.17,48.36,48.34,48.12,48.10,48.10,48.07,48.22,48.29,48.41,48.53,48.51,48.58,48.73,48.56,48.05,47.06,45.12,45.32,46.07,47.14,47.63,47.97,48.12,48.34,48.22,46.69,46.24,45.97,45.25,46.07,46.89,47.09,46.89,46.14,45.77,46.02,46.99,47.88,48.27,48.36,48.68,48.51,47.95,47.71,47.61,47.58,47.41,47.14,46.02,44.95,45.10,46.39,47.71,48.07,48.07,48.10,48.12,48.19,48.14,48.12,47.95,46.96,45.82,45.72,46.09,46.27,46.17,46.27,46.29,46.86,46.91,46.94,46.84,46.37,46.22,45.84,45.79,45.59,45.67,45.42,45.35,45.52,46.17,46.86,47.06,47.09,46.96,47.46,47.71,47.58,47.43,47.63,47.90,47.90,47.73,47.83,48.41,49.22,50.19,50.87,51.63,52.13,52.40,52.63,52.73,53.14,53.57,54.07,54.43,54.86,55.14,55.41,55.76,56.33,58.79,60.68,60.72,60.91,60.95,60.97,60.95,61.00,61.04,61.00,60.93,60.88,60.95,60.91,60.79,60.77,60.77,60.47,60.40,60.40,60.40,60.49,60.54,60.49,60.61,60.58,60.61,60.68,60.68,60.63,60.70,60.77,-327.68,-327.68,-327.68,-327.68,
-327.68,-327.68,-327.68,-327.68,59.94,59.98,59.91,59.84,59.70,59.73,59.75,59.70,59.63,59.59,59.54,59.47,59.54,59.49,59.44,59.44,59.37,59.35,59.26,59.23,59.21,59.09,59.21,59.19,59.14,59.14,59.14,58.88,58.95,58.67,58.65,58.32,57.55,57.43,57.50,57.50,57.62,57.57,57.66,58.09,58.65,58.84,59.12,59.37,59.44,59.42,59.00,58.79,57.55,56.31,56.05,56.07,55.69,54.90,54.64,54.47,54.26,54.24,54.09,53.81,53.57,53.23,52.68,52.40,52.04,51.61,51.02,50.66,50.44,50.70,50.46,50.53,50.44,50.24,50.00,49.80,49.56,49.85,50.00,49.90,50.00,50.02,50.19,50.09,50.07,50.19,50.12,50.12,50.24,50.41,50.41,50.36,50.31,50.12,49.95,49.27,48.44,48.10,47.75,47.43,47.34,47.11,46.59,46.22,46.51,47.16,47.06,47.21,47.41,47.34,47.43,47.61,47.80,47.97,48.27,48.53,48.58,48.46,48.31,48.24,48.17,48.31,48.46,48.63,48.75,48.58,48.29,48.02,47.71,48.05,47.97,47.83,47.78,47.68,47.56,47.53,47.56,47.56,47.61,47.43,47.21,46.91,46.79,46.71,47.09,47.21,47.41,47.41,47.73,48.00,47.41,46.59,46.69,46.94,47.16,47.21,47.31,47.51,47.68,47.97,48.24,48.53,48.80,48.78,49.17,49.46,49.75,49.95,49.90,49.80,49.70,49.68,49.88,50.02,49.88,50.00,50.14,50.46,50.56,50.58,50.66,50.73,50.95,51.24,51.73,51.75,51.58,51.56,51.63,51.63,51.39,50.22,47.88,43.98,42.92,43.00,42.89,44.08,49.07,50.22,50.70,50.63,50.39,50.05,49.27,48.68,48.34,48.24,48.34,48.39,48.12,47.95,47.75,47.63,47.36,47.14,46.69,46.39,46.49,46.66,46.69,46.84,47.01,47.31,47.58,47.68,47.75,47.88,48.02,48.12,47.90,47.88,47.97,47.90,48.12,48.19,48.34,48.31,48.34,48.34,48.41,48.14,47.78,46.84,45.30,45.52,46.79,47.31,47.58,47.68,47.83,48.10,47.80,46.34,46.02,45.47,44.90,45.39,46.41,46.66,46.54,46.34,46.27,45.94,46.17,46.71,48.12,48.49,48.95,48.46,47.58,47.38,47.36,47.24,47.36,46.99,46.02,45.05,45.89,47.29,47.90,48.12,48.14,48.00,47.90,47.92,47.90,47.53,46.91,45.82,45.20,45.57,46.09,46.27,46.12,46.07,45.92,46.24,46.54,46.56,46.41,46.09,46.14,46.07,46.02,45.97,45.89,45.57,45.30,45.05,45.47,46.49,46.79,46.54,46.17,46.91,47.31,47.24,47.06,47.21,47.31,47.31,47.31,47.41,47.83,48.56,49.58,50.27,50.87,51.24,51.85,52.25,52.54,53.02,53.28,53.69,54.26,54.55,54.90,55.19,55.67,56.38,58.62,60.65,60.77,60.86,60.95,60.97,60.97,60.93,60.97,60.88,60.72,60.54,60.33,60.08,59.84,59.66,59.61,59.87,60.01,60.05,60.05,60.22,60.26,60.24,60.38,60.35,60.33,60.42,60.47,60.38,60.63,60.65,-327.68,-327.68,-327.68,-327.68,
-327.68,-327.68,-327.68,-327.68,60.05,60.05,60.01,59.98,59.77,59.82,59.77,59.77,59.66,59.56,59.52,59.47,59.56,59.49,59.44,59.37,59.40,59.37,59.23,59.23,59.23,59.23,59.30,59.16,59.14,59.21,59.16,58.91,58.79,58.86,58.60,58.34,57.66,57.34,57.43,57.38,57.64,57.57,57.76,57.95,58.18,58.60,58.88,59.09,59.37,59.37,59.05,58.81,57.38,56.21,56.07,55.98,55.53,54.74,54.57,54.47,54.55,54.57,54.26,54.12,53.76,53.57,53.09,52.78,52.37,51.97,51.26,50.78,50.61,50.78,50.58,50.78,50.85,50.97,50.70,50.78,50.85,50.78,51.14,51.05,51.14,51.05,50.97,50.92,50.95,51.00,50.97,50.97,50.97,51.07,51.07,51.00,50.83,50.58,50.19,49.51,48.78,48.34,48.00,47.78,47.63,47.41,47.14,46.66,46.64,46.91,47.16,47.41,47.41,47.46,47.66,47.68,47.56,47.75,48.14,48.44,48.63,48.73,48.53,48.31,48.12,48.12,48.44,48.51,48.58,48.34,48.00,47.53,47.41,48.46,48.22,47.71,47.61,47.63,47.51,47.53,47.61,47.71,47.41,47.26,46.99,46.81,46.66,46.24,46.66,47.16,47.41,47.48,47.92,48.36,47.95,46.99,46.84,46.69,46.71,46.86,47.01,47.21,47.43,47.66,47.75,48.00,48.41,48.73,49.17,49.51,49.73,49.85,49.68,49.66,49.58,49.51,49.75,49.80,49.73,49.70,49.85,50.19,50.39,50.51,50.48,50.46,50.70,51.14,51.58,51.58,51.44,51.31,51.41,51.44,51.29,50.48,47.92,43.68,42.79,42.84,42.84,43.98,49.00,50.24,50.70,50.66,50.51,50.05,49.34,48.44,47.80,47.66,47.71,48.00,47.90,47.80,47.66,47.63,47.51,47.34,47.01,46.66,46.34,46.56,46.51,46.66,46.71,47.06,47.41,47.53,47.63,47.78,47.83,48.02,47.71,47.56,47.78,47.71,47.97,47.92,48.29,48.10,48.00,47.90,47.80,47.63,47.56,47.11,45.94,45.89,46.94,47.29,47.38,47.43,47.61,47.61,46.84,45.97,45.82,45.39,44.57,44.52,45.62,46.14,45.94,45.87,45.79,45.17,44.82,44.80,45.62,47.16,47.92,46.27,46.64,46.91,47.11,46.99,46.91,46.74,45.94,45.99,46.99,47.53,47.88,47.88,47.90,47.80,47.63,47.53,47.09,45.94,44.85,44.72,45.02,45.35,45.84,46.34,46.41,46.04,45.02,44.67,45.64,45.92,45.59,45.67,46.27,46.32,46.17,46.24,46.12,45.62,45.15,44.45,44.70,46.12,46.44,45.74,45.35,46.29,46.84,47.01,46.96,47.06,46.99,46.99,47.14,47.11,47.26,47.88,48.85,49.44,49.61,49.78,50.58,51.56,52.23,52.49,52.80,53.18,53.76,54.35,54.76,55.07,55.53,56.42,58.70,60.47,60.75,60.95,60.86,60.93,60.91,60.93,60.58,60.05,59.54,59.23,58.95,58.91,58.84,59.05,59.52,59.87,59.98,59.96,60.03,60.19,60.22,60.10,60.33,60.26,60.29,60.38,60.47,60.33,60.54,60.54,-327.68,-327.68,-327.68,-327.68,
-327.68,-327.68,-327.68,-327.68,60.17,60.17,60.15,60.10,59.89,59.96,59.82,59.84,59.63,59.54,59.54,59.49,59.54,59.47,59.44,59.37,59.30,59.30,59.26,59.21,59.14,59.19,59.12,59.12,59.09,59.12,59.21,58.86,58.91,58.86,58.60,58.25,57.64,57.48,57.29,57.34,57.59,57.66,57.73,57.90,58.25,58.39,58.81,58.95,59.19,59.35,59.05,58.62,57.34,56.26,56.05,56.00,55.43,54.59,54.47,54.59,54.74,54.74,54.59,54.47,54.12,53.81,53.40,53.06,52.59,51.89,51.02,50.27,50.22,50.63,50.92,51.19,51.41,51.56,51.53,51.61,51.53,51.41,51.53,51.68,51.89,51.80,51.73,51.65,51.82,51.82,51.61,51.61,51.53,51.44,51.44,51.26,50.95,50.78,50.24,49.85,50.00,49.44,48.78,48.34,48.19,47.90,47.38,47.16,47.11,47.26,47.31,47.68,47.88,47.90,48.14,48.12,47.92,48.22,48.51,48.70,48.80,48.78,48.44,48.12,47.92,47.90,48.19,48.41,48.34,48.07,47.75,47.43,47.41,48.29,48.07,47.21,47.21,47.41,47.58,47.78,47.92,48.19,48.12,47.48,46.91,46.66,46.27,45.74,45.89,46.59,47.21,47.58,48.12,48.78,48.39,47.41,47.21,47.01,46.84,46.56,46.71,47.11,47.36,47.48,47.58,47.73,48.07,48.70,49.09,49.39,49.61,49.63,49.29,49.24,49.39,49.29,49.51,49.41,49.19,49.07,49.34,49.83,50.19,50.31,50.17,50.07,50.22,50.80,51.31,51.31,51.14,51.07,51.14,51.22,51.26,50.53,47.95,43.68,42.79,42.89,42.82,44.18,49.02,50.41,50.75,50.78,50.58,50.00,49.41,47.71,45.99,45.52,46.02,47.19,47.66,47.78,47.63,47.63,47.63,47.41,47.16,46.89,46.49,46.49,46.56,46.02,45.57,46.27,46.79,47.24,47.48,47.63,47.66,47.56,47.26,47.29,47.43,47.58,47.78,47.78,48.07,47.78,47.58,46.94,46.32,46.27,46.69,47.14,46.86,46.64,46.94,47.21,47.21,47.41,47.31,46.66,45.99,45.79,45.72,45.30,44.80,45.20,46.04,46.24,45.79,45.35,45.47,45.59,45.67,45.25,44.60,44.62,44.72,44.20,45.72,46.61,46.71,46.91,46.79,46.46,46.32,46.84,47.31,47.43,47.63,47.68,47.56,47.09,46.44,45.82,45.05,44.00,43.65,44.33,45.15,45.64,46.09,46.56,46.39,45.77,44.08,43.48,44.77,45.35,45.30,45.69,46.24,46.54,46.44,46.32,46.02,45.82,45.47,44.40,44.23,45.74,45.94,44.87,45.15,45.94,46.61,46.91,47.16,47.34,47.16,46.94,46.94,46.81,46.34,46.12,47.56,48.36,48.41,48.63,49.63,50.83,50.90,49.83,49.27,49.70,51.48,54.07,54.81,55.24,55.76,56.40,58.70,60.42,60.75,60.79,60.79,60.91,60.88,60.19,59.49,58.86,58.44,58.20,58.09,58.09,58.51,59.09,59.59,59.89,59.91,59.96,60.08,60.08,60.19,60.05,60.12,60.19,60.31,60.33,60.33,60.33,60.47,60.45,-327.68,-327.68,-327.68,-327.68,
-327.68,-327.68,-327.68,-327.68,60.15,60.19,60.10,60.08,59.98,60.03,59.77,59.84,59.70,59.61,59.54,59.52,59.56,59.52,59.44,59.37,59.30,59.26,59.23,59.21,59.14,59.23,59.19,59.16,59.14,59.05,59.07,58.95,58.88,58.74,58.74,58.34,57.64,57.34,57.41,57.57,57.55,57.64,57.73,57.90,58.25,58.39,58.88,59.16,59.23,59.33,59.00,58.67,57.57,56.45,56.05,55.95,55.45,54.52,54.24,54.26,54.67,54.50,54.62,54.43,54.07,53.78,53.11,52.37,51.73,50.85,49.88,49.05,49.09,49.68,50.22,50.75,50.95,51.14,51.44,51.29,51.14,50.85,50.83,51.14,51.41,51.31,51.31,51.44,51.82,51.87,51.73,51.48,51.31,51.17,50.97,50.78,50.78,50.66,50.22,50.34,50.63,49.95,49.09,48.61,48.27,47.90,47.56,47.34,47.43,47.51,47.61,47.63,48.07,48.22,48.39,48.53,48.56,48.58,48.56,48.68,48.73,48.56,48.29,47.88,47.58,47.58,47.95,48.12,48.12,47.92,47.68,47.41,47.61,47.78,47.56,46.89,46.89,47.34,47.66,47.88,48.05,48.39,48.53,47.38,46.56,46.46,46.61,45.84,45.39,45.64,46.41,47.51,48.44,48.88,48.17,46.99,46.91,46.91,46.99,46.64,46.46,46.96,47.29,47.29,47.36,47.51,47.90,48.39,48.92,49.19,49.22,48.95,48.68,48.70,48.61,48.63,48.88,49.00,48.75,48.44,48.80,49.63,50.00,49.90,49.41,49.07,48.88,49.61,49.97,50.41,50.78,50.97,51.22,51.22,51.24,50.53,47.92,43.63,42.77,42.89,42.77,43.90,49.07,50.53,50.83,50.85,50.73,49.95,49.41,47.26,45.00,44.57,44.72,46.12,47.29,47.63,47.63,47.63,47.53,47.34,47.06,46.61,46.76,46.61,46.39,44.50,44.57,45.44,45.97,46.27,46.49,46.79,46.61,46.54,46.69,46.91,46.89,47.29,47.56,47.66,47.71,47.53,46.91,46.17,45.72,45.82,46.17,46.91,46.96,46.91,46.89,47.01,46.94,46.81,46.02,45.67,45.82,46.27,46.02,45.30,44.90,45.42,46.04,46.04,45.52,45.30,45.72,46.07,46.17,46.17,45.47,44.52,44.38,43.98,44.72,46.27,46.37,46.66,46.49,46.24,46.49,46.84,47.14,47.41,47.63,47.63,47.66,47.14,45.57,43.68,42.54,42.23,42.89,44.13,45.30,46.02,46.51,46.49,46.41,45.94,44.72,44.67,45.30,45.47,45.35,45.82,46.27,46.54,46.64,46.32,46.17,46.56,46.41,45.57,44.95,45.49,45.57,44.97,45.52,46.02,46.49,46.84,47.19,47.61,47.71,47.38,46.84,46.59,45.92,45.87,47.19,47.71,47.80,48.34,49.68,50.83,49.63,47.01,46.46,46.96,49.90,53.69,55.12,55.65,56.14,56.80,58.77,60.49,60.68,60.79,60.91,60.88,60.61,59.28,58.39,58.06,57.85,57.66,57.71,57.88,58.53,59.30,59.68,59.89,59.94,60.01,59.98,60.05,60.10,60.05,60.10,60.19,60.35,60.31,60.26,60.26,60.45,60.45,-327.68,-327.68,-327.68,-327.68,
-327.68,-327.68,-327.68,-327.68,60.31,60.33,60.22,60.15,60.05,59.98,59.89,59.89,59.73,59.68,59.54,59.47,59.47,59.44,59.42,59.40,59.35,59.26,59.23,59.23,59.19,59.21,59.16,59.14,59.12,59.05,59.16,58.81,58.84,58.72,58.67,58.30,57.52,57.20,57.34,57.38,57.62,57.62,57.78,57.85,58.04,58.32,58.91,59.40,59.52,59.37,59.23,58.91,57.85,56.77,56.21,56.02,55.55,54.19,52.49,51.94,52.66,52.40,53.76,53.40,52.97,52.83,51.77,50.36,49.19,48.68,48.10,47.61,47.63,47.48,48.36,49.22,49.41,49.63,50.00,49.90,49.19,48.61,48.49,48.95,49.29,49.00,49.22,49.29,49.70,49.63,49.73,49.66,49.12,48.41,48.07,47.97,47.92,47.90,48.22,49.19,49.90,49.36,48.53,48.00,47.61,46.61,45.82,46.27,46.79,45.89,45.82,46.34,46.89,47.21,47.46,47.63,47.58,47.53,47.63,47.61,47.61,47.16,46.46,46.32,46.66,47.01,47.34,47.61,47.83,47.66,47.19,46.89,47.16,47.16,46.99,46.29,46.37,47.36,47.58,47.73,47.95,48.24,48.14,46.84,45.84,46.09,46.69,46.22,45.00,44.67,45.05,45.84,46.61,46.96,46.07,46.34,46.66,46.71,46.71,46.59,46.22,46.66,46.99,46.94,47.01,47.29,47.63,48.19,48.70,48.85,48.00,46.84,46.81,47.34,46.89,47.09,47.24,48.44,48.34,48.22,48.58,49.39,49.83,49.19,47.61,46.46,46.49,46.56,47.24,49.00,50.56,51.02,51.39,51.51,51.36,50.36,47.83,43.75,42.77,42.77,42.69,43.78,48.97,50.41,50.90,51.00,50.75,50.02,49.44,47.36,45.05,44.57,44.05,45.57,47.01,47.41,47.51,47.56,47.41,47.11,46.46,45.79,46.61,46.71,46.46,45.42,45.30,45.72,45.62,45.67,45.69,45.89,45.84,46.24,46.27,46.44,46.54,46.91,47.26,47.31,47.36,46.79,45.79,45.77,46.34,46.91,46.99,46.89,46.86,46.79,46.99,46.69,47.06,46.69,46.69,47.21,47.41,47.53,47.24,46.27,44.72,44.42,45.52,45.79,44.75,44.38,45.44,45.99,46.49,46.49,46.44,45.89,45.35,44.82,44.87,45.42,45.89,46.07,46.22,46.46,46.56,46.89,47.14,47.38,47.61,47.80,47.83,47.73,46.61,43.68,41.73,41.70,42.54,44.00,45.35,46.09,46.41,46.56,46.46,46.37,44.95,44.15,44.20,44.82,45.72,45.94,46.14,46.07,46.09,46.27,46.74,47.19,46.96,46.37,45.82,45.67,45.57,45.57,45.79,46.02,46.49,46.91,47.29,48.02,48.31,47.78,46.86,46.44,46.12,46.17,46.56,46.81,47.21,48.10,49.56,50.58,48.78,46.51,46.46,47.06,49.90,53.85,55.24,55.76,56.26,56.77,58.77,60.26,60.54,60.68,60.79,60.45,59.87,58.41,57.90,57.57,57.52,57.34,57.41,57.76,58.55,59.23,59.63,59.77,59.89,59.98,60.01,60.08,60.05,60.05,60.19,60.24,60.31,60.31,60.31,60.26,60.47,60.47,-327.68,-327.68,-327.68,-327.68,
-327.68,-327.68,-327.68,-327.68,60.19,60.19,60.22,60.17,60.03,60.05,59.96,59.89,59.77,59.68,59.52,59.49,59.47,59.42,59.40,59.40,59.35,59.26,59.21,59.19,59.16,59.07,59.12,59.12,59.05,59.09,59.05,58.81,58.79,58.67,58.55,58.25,57.64,57.34,57.38,57.38,57.59,57.50,57.59,57.90,57.97,58.18,58.88,59.35,59.52,59.44,59.26,58.95,57.90,56.84,56.38,56.14,55.48,53.59,50.48,49.19,49.75,49.83,51.77,52.25,51.89,51.39,50.41,49.02,47.58,47.21,46.89,46.71,46.61,45.64,46.96,48.00,48.39,48.61,49.41,49.02,47.63,46.81,47.14,47.80,47.34,46.79,47.90,48.22,48.31,48.56,48.49,47.92,46.71,45.30,45.00,44.87,45.12,45.35,46.37,47.92,48.95,48.61,47.90,47.48,47.21,46.64,45.77,44.72,44.95,44.60,44.13,44.80,45.82,46.27,46.66,46.91,46.99,46.76,46.09,45.84,45.72,44.82,44.28,44.77,46.09,46.61,46.74,47.09,47.38,47.16,46.91,46.69,46.69,46.79,46.69,46.02,46.02,47.21,47.48,47.73,47.95,48.29,47.92,47.16,45.49,45.92,46.32,46.22,44.57,43.93,44.33,45.10,45.30,45.57,45.64,45.79,46.34,46.56,46.44,46.27,46.12,46.46,46.46,46.61,46.81,47.09,47.41,47.90,48.39,48.31,47.01,45.54,45.79,46.32,45.74,46.29,46.51,48.07,48.00,47.90,48.56,49.24,49.56,48.78,46.41,45.57,45.10,44.92,45.72,48.41,50.66,51.07,51.48,51.61,51.36,50.36,47.73,43.65,42.72,42.66,42.72,43.68,48.80,50.39,50.78,50.95,50.75,49.92,49.44,47.41,44.97,44.25,43.98,45.69,47.06,47.46,47.41,47.41,47.06,46.56,46.37,46.56,46.84,47.06,46.89,46.71,46.91,46.46,45.94,46.02,46.22,46.32,46.32,46.39,45.89,46.17,46.17,46.09,46.61,46.46,45.79,45.25,45.35,46.12,47.11,47.48,47.41,47.29,47.09,46.91,46.81,47.01,47.14,47.68,47.95,48.05,48.14,48.07,48.00,47.63,46.89,46.32,46.22,45.77,44.15,43.48,44.95,45.97,46.37,46.94,47.58,47.38,46.99,46.07,45.30,44.70,45.39,46.12,46.37,46.34,46.44,46.76,47.11,47.26,47.41,47.63,47.75,47.88,47.73,45.87,43.50,42.41,42.64,44.18,45.92,46.12,46.41,46.66,46.79,46.64,44.42,42.13,42.00,44.10,46.07,46.39,46.32,45.89,45.59,46.51,47.19,47.31,46.94,46.61,46.24,45.89,45.67,45.79,45.79,46.02,46.59,46.99,47.63,48.14,48.02,46.94,46.37,46.17,45.97,45.97,46.22,46.46,47.06,48.24,50.17,50.95,48.68,46.46,46.41,47.53,49.97,53.76,55.07,55.69,56.21,56.63,58.25,59.96,60.01,60.19,60.33,60.24,59.37,58.09,57.71,57.55,57.22,57.17,57.24,57.62,58.53,59.21,59.61,59.73,59.84,60.01,60.08,60.10,60.08,60.05,60.19,60.24,60.29,60.26,60.33,60.26,60.47,60.47,-327.68,-327.68,-327.68,-327.68,
-327.68,-327.68,-327.68,-327.68,60.03,60.01,60.05,60.10,60.19,60.10,60.05,59.96,59.84,59.73,59.59,59.52,59.49,59.44,59.42,59.37,59.30,59.26,59.23,59.23,59.23,59.09,59.12,59.19,59.05,58.95,59.00,58.93,58.79,58.67,58.53,58.13,57.55,57.41,57.34,57.41,57.43,57.43,57.71,57.78,58.06,58.27,58.84,59.35,59.44,59.52,59.37,58.95,57.92,56.94,56.38,56.07,55.45,53.47,50.05,48.70,49.22,49.22,50.97,51.46,51.29,50.36,49.70,48.88,47.24,46.66,46.44,46.51,45.79,44.90,46.61,47.48,48.07,48.34,49.12,48.56,47.34,46.12,47.43,47.80,46.86,46.56,47.51,47.88,47.90,48.22,48.02,47.58,46.39,44.47,44.28,44.47,44.77,45.05,46.24,47.51,48.24,48.19,47.66,47.29,47.06,46.59,46.44,44.28,43.88,44.25,44.42,44.80,45.30,45.54,46.02,46.29,46.39,46.17,45.17,44.08,43.80,43.58,43.98,44.65,45.79,46.04,46.12,46.54,47.11,47.16,46.54,46.39,46.49,46.46,46.37,46.12,46.46,47.16,47.46,48.00,48.95,49.88,50.14,49.70,46.34,45.89,46.07,45.77,44.87,44.62,45.82,45.62,45.44,45.79,45.92,45.67,45.79,45.97,45.99,46.24,46.27,46.27,46.29,46.69,47.09,47.41,47.41,47.71,48.12,48.19,47.16,45.97,45.84,45.84,45.25,45.79,46.22,47.80,48.00,47.75,48.36,49.19,49.56,48.12,45.99,45.52,45.25,44.62,45.47,48.44,50.75,51.14,51.36,51.53,51.31,50.36,47.61,43.53,42.61,42.64,42.54,43.58,47.95,50.34,50.80,50.78,50.63,49.88,49.41,46.91,44.70,44.00,44.13,45.74,47.41,47.80,47.63,47.53,47.34,47.19,47.06,47.09,47.14,47.34,47.29,47.31,47.14,46.74,46.29,46.89,47.31,47.11,47.11,46.49,46.27,46.29,45.94,44.72,44.25,43.95,44.28,44.87,45.57,46.89,47.78,47.71,47.48,47.21,46.86,46.79,46.84,47.11,47.29,47.68,47.97,48.02,48.12,48.27,48.17,48.24,48.19,48.19,47.92,46.51,44.10,43.25,44.00,45.54,46.76,47.58,47.75,47.71,47.61,47.31,46.89,46.79,46.22,46.37,46.66,46.64,46.46,46.66,46.91,47.24,47.36,47.43,47.63,47.73,47.66,47.29,45.35,43.27,42.77,44.38,46.29,46.49,46.61,46.84,47.14,46.81,44.65,42.21,41.90,43.78,46.07,46.71,46.69,46.44,46.27,47.09,47.31,47.29,46.91,46.74,46.44,46.07,44.92,45.10,46.02,46.32,46.71,47.26,47.63,47.29,46.24,45.59,45.59,45.62,45.64,45.69,46.02,46.34,47.24,49.05,51.02,51.07,48.68,46.32,46.37,47.63,50.68,53.76,55.17,55.69,56.38,56.70,58.18,59.56,59.87,59.98,60.17,60.22,59.33,57.99,57.69,57.41,57.17,57.13,57.29,57.64,58.51,59.19,59.56,59.68,59.84,59.98,60.05,60.08,60.17,60.17,60.22,60.19,60.29,60.26,60.35,60.35,60.42,60.42,-327.68,-327.68,-327.68,-327.68,
-327.68,-327.68,-327.68,-327.68,59.94,60.08,59.94,60.03,60.10,60.15,59.96,59.91,59.91,59.84,59.63,59.52,59.49,59.44,59.44,59.40,59.30,59.28,59.26,59.23,59.26,59.09,59.12,59.09,59.09,59.09,58.95,58.93,58.84,58.67,58.53,58.09,57.64,57.27,57.38,57.31,57.50,57.52,57.71,57.90,57.99,58.25,58.81,59.30,59.47,59.44,59.23,59.00,57.95,56.89,56.31,56.07,55.33,53.21,50.58,49.34,49.17,49.00,49.53,49.53,49.56,49.29,49.14,48.39,46.66,46.29,46.24,46.32,45.10,44.80,46.39,46.99,47.51,48.02,48.24,48.14,46.91,45.47,46.61,47.24,47.09,46.64,47.61,47.90,47.90,48.07,48.27,47.97,46.54,44.57,44.47,44.28,44.38,44.65,45.92,47.26,47.56,47.73,47.53,47.16,46.86,46.64,46.32,44.57,43.65,44.90,45.74,45.89,45.07,45.25,45.57,45.84,45.99,45.79,44.92,43.93,43.53,43.43,43.33,44.18,45.62,46.04,46.02,46.44,47.53,47.36,46.74,45.87,46.07,45.97,46.02,46.27,46.69,47.01,47.75,48.80,49.63,50.09,50.19,49.80,46.99,45.84,45.59,45.57,45.17,45.62,46.02,45.79,45.72,45.99,46.09,45.97,45.77,45.62,45.92,46.54,46.54,46.27,46.49,46.81,47.16,47.61,47.90,47.66,48.02,48.12,47.21,45.97,45.32,44.97,45.10,45.02,45.74,47.58,48.12,47.80,48.14,49.07,49.61,48.44,46.39,46.12,46.39,45.32,45.79,48.58,50.78,51.24,51.34,51.58,51.46,50.19,47.24,43.38,42.56,42.54,42.51,43.35,47.41,50.14,50.85,50.78,50.63,49.80,49.39,47.01,44.85,44.00,44.35,46.24,47.68,47.80,47.80,47.78,47.78,47.51,47.26,47.26,47.24,47.48,47.41,47.51,47.43,46.79,46.51,47.29,47.56,47.61,47.41,46.79,46.61,46.86,46.59,45.82,44.03,43.50,44.03,44.92,46.02,47.51,47.95,47.68,47.41,47.14,46.49,46.49,46.79,47.06,47.26,46.74,47.58,48.12,48.17,48.24,48.14,48.14,48.24,48.53,48.78,47.41,44.52,43.38,43.50,45.30,47.24,47.68,47.80,47.83,48.00,47.88,47.68,47.16,45.35,45.84,46.71,46.41,46.17,46.49,46.81,46.94,47.16,47.38,47.43,47.41,47.51,47.31,45.87,44.00,43.25,44.75,46.56,46.96,47.14,47.24,47.34,47.01,45.12,43.20,42.64,43.43,45.59,46.86,47.01,46.99,47.21,47.66,47.56,47.43,47.14,46.91,46.66,45.89,43.43,43.88,45.67,46.81,47.21,47.88,47.68,46.56,45.49,44.23,43.98,44.82,45.64,45.87,46.29,47.36,48.78,50.02,51.19,50.95,48.58,46.22,46.27,47.75,51.07,54.09,55.00,55.86,56.38,56.77,58.16,59.40,59.77,60.03,60.29,60.33,59.28,58.02,57.69,57.36,57.27,57.17,57.24,57.80,58.60,59.12,59.47,59.63,59.82,59.94,59.98,60.03,60.12,60.17,60.24,60.17,60.26,60.31,60.42,60.31,60.38,60.38,-327.68,-327.68,-327.68,-327.68,
-327.68,-327.68,-327.68,-327.68,59.82,59.94,59.82,59.89,59.91,60.05,59.96,60.08,59.98,59.84,59.66,59.56,59.52,59.52,59.44,59.37,59.28,59.26,59.33,59.23,59.19,59.09,59.14,59.07,58.98,59.00,58.93,58.81,58.79,58.62,58.51,58.09,57.59,57.38,57.36,57.43,57.55,57.52,57.64,57.88,57.99,58.20,58.74,59.12,59.23,59.37,59.23,58.95,57.88,56.80,56.26,55.84,55.24,53.28,50.70,49.68,49.41,48.68,48.07,47.73,47.66,47.80,47.88,47.29,46.34,46.02,45.99,45.57,44.70,45.15,46.27,46.61,47.19,47.66,47.88,47.97,46.61,45.22,46.09,46.41,47.43,46.64,47.75,48.19,48.41,48.34,48.51,48.24,46.64,44.80,44.52,44.25,44.42,44.85,46.02,47.29,47.29,47.46,47.51,47.21,46.91,46.56,46.27,45.05,44.97,45.59,46.02,46.12,44.95,44.90,45.15,45.77,45.79,45.57,44.77,43.80,43.38,43.00,43.10,44.70,45.99,46.12,45.87,46.27,47.41,47.43,47.01,46.59,46.41,46.02,45.94,46.27,45.87,46.54,48.56,49.19,49.46,49.70,49.80,49.80,46.86,45.10,45.59,45.57,45.67,45.87,45.64,45.69,46.07,46.27,46.37,46.24,46.07,45.94,46.02,46.44,46.64,46.46,46.51,46.69,47.21,47.75,47.63,47.38,47.78,47.95,46.89,45.02,43.78,44.80,45.05,45.20,45.32,47.75,48.17,48.31,48.68,49.36,49.78,49.19,47.63,46.64,46.44,46.12,46.07,48.17,50.97,51.22,51.56,51.56,51.19,50.09,47.21,43.30,42.44,42.44,42.51,43.38,47.36,50.00,50.58,50.66,50.39,49.90,49.58,47.66,45.89,45.05,45.54,47.21,48.12,47.97,47.92,47.92,47.73,47.58,46.99,47.16,47.21,47.41,47.56,47.78,47.66,47.26,47.36,47.75,47.68,47.75,47.46,46.74,46.32,47.19,47.16,46.49,44.67,44.33,44.80,45.69,47.31,48.39,48.31,47.73,47.26,46.49,45.35,45.74,46.91,47.19,47.14,45.57,46.27,47.43,47.90,48.12,48.22,48.17,48.34,48.75,48.34,46.59,44.70,44.13,44.52,46.56,47.90,47.92,48.02,47.88,47.97,47.90,47.83,47.41,45.59,45.05,45.82,45.49,45.49,46.04,46.46,46.74,47.01,47.16,47.21,47.26,47.16,46.71,45.54,44.30,44.33,45.57,46.74,47.21,47.48,47.48,47.51,47.31,45.89,44.80,44.35,44.23,45.35,46.84,47.58,47.75,47.90,47.90,47.73,47.53,47.31,47.09,46.02,44.80,43.50,43.68,45.42,47.34,48.78,49.51,49.05,47.56,45.82,44.45,44.45,45.67,46.22,46.04,46.46,47.95,49.63,50.58,51.31,50.95,48.68,46.51,46.64,48.10,51.17,54.02,55.24,55.91,56.21,56.70,58.06,59.30,59.75,60.24,60.42,60.29,59.05,57.99,57.64,57.29,57.22,57.15,57.20,57.64,58.77,59.16,59.49,59.63,59.82,59.94,60.05,60.08,60.12,60.15,60.17,60.19,60.24,60.26,60.38,60.22,60.33,60.33,-327.68,-327.68,-327.68,-327.68,
-327.68,-327.68,-327.68,-327.68,59.63,59.63,59.66,59.82,59.77,59.94,59.96,60.03,59.98,59.89,59.70,59.63,59.59,59.52,59.44,59.35,59.30,59.21,59.21,59.23,59.09,59.14,59.16,59.07,59.05,58.98,58.93,58.86,58.77,58.62,58.53,58.04,57.64,57.31,57.34,57.38,57.48,57.55,57.64,57.78,58.06,58.18,58.48,58.81,59.05,59.26,59.12,58.86,57.88,56.82,56.21,55.84,55.14,53.18,50.66,50.19,49.58,48.53,47.97,47.58,47.31,47.21,46.91,46.56,46.17,45.99,45.72,45.30,45.54,46.04,46.61,46.49,46.91,47.43,47.90,47.73,46.44,45.67,46.94,47.48,48.53,46.84,48.24,48.83,48.83,48.70,48.51,47.92,46.84,44.85,44.72,44.33,44.47,44.90,45.94,47.11,47.01,47.11,47.41,47.31,46.89,46.37,46.12,45.77,45.52,45.62,45.79,45.74,45.30,45.57,45.97,45.97,46.02,45.67,44.70,43.73,43.33,43.00,43.65,45.00,46.02,46.27,46.09,46.29,46.46,46.46,46.32,46.41,46.27,45.94,45.92,46.37,46.69,47.68,48.68,49.02,49.19,49.27,49.34,49.39,46.34,43.88,44.80,45.57,45.52,44.95,44.92,45.62,46.09,46.37,46.39,46.29,46.27,46.22,45.49,46.32,46.91,46.96,46.76,45.79,46.37,46.49,46.69,47.21,47.53,47.58,46.96,45.25,43.33,43.68,44.90,45.05,46.34,48.12,48.34,48.49,49.09,49.63,49.90,49.63,47.88,46.02,45.72,45.84,46.02,48.24,50.75,51.17,51.56,51.53,51.14,50.07,47.16,43.33,42.49,42.49,42.39,43.22,47.16,49.75,50.24,50.31,50.00,49.92,49.53,49.00,48.51,48.19,48.14,48.36,48.29,48.12,47.97,47.90,47.53,47.43,46.91,46.27,47.16,47.63,47.63,47.80,47.80,47.95,47.95,47.90,47.95,47.88,47.46,46.61,45.89,46.81,47.31,46.54,44.92,44.97,45.67,46.71,47.46,48.39,48.51,48.05,46.86,45.57,44.82,44.87,45.62,46.71,46.84,44.90,44.57,45.69,46.91,47.48,47.73,47.75,47.41,47.01,46.27,45.44,45.05,44.95,46.02,47.56,48.07,47.97,47.95,47.88,47.97,47.83,47.63,47.46,46.32,45.05,44.82,44.77,45.05,45.74,46.24,46.41,46.54,46.56,46.51,46.54,46.39,45.82,45.25,44.97,45.30,46.22,46.76,47.16,47.41,47.53,47.88,47.83,47.43,46.89,46.07,45.49,45.62,46.46,47.51,48.39,48.29,46.91,46.64,46.61,46.46,45.89,45.30,44.90,44.90,45.42,46.61,48.10,49.14,49.41,49.34,48.53,47.19,46.49,46.66,46.94,46.56,46.09,46.22,46.91,47.80,49.00,50.31,50.68,49.14,47.61,47.78,48.88,51.31,54.26,55.24,55.76,56.16,56.54,57.95,59.44,59.87,60.35,60.31,59.89,58.86,57.95,57.64,57.38,57.24,57.08,57.17,57.64,58.67,59.23,59.52,59.68,59.82,59.94,60.03,60.03,60.05,60.05,60.12,60.17,60.22,60.17,60.29,60.40,60.33,60.33,-327.68,-327.68,-327.68,-327.68,
-327.68,-327.68,-327.68,-327.68,59.59,59.59,59.59,59.56,59.63,59.66,59.77,59.82,59.89,59.91,59.73,59.61,59.59,59.52,59.37,59.40,59.35,59.30,59.16,59.12,59.00,59.19,59.14,59.05,59.09,58.95,58.95,58.84,58.77,58.67,58.53,58.25,57.59,57.17,57.29,57.38,57.57,57.50,57.62,57.71,57.95,58.13,58.34,58.58,58.79,59.00,58.93,58.70,57.69,56.66,56.16,55.69,55.07,53.23,51.34,50.78,49.83,48.85,48.24,47.75,47.48,47.29,47.14,47.01,46.41,45.99,46.04,46.09,46.37,46.54,46.81,46.84,46.84,47.51,48.00,47.63,46.74,46.59,48.12,48.56,49.07,47.41,48.83,49.14,49.09,48.92,48.17,47.68,46.79,45.64,45.39,44.95,45.20,45.47,46.14,47.16,47.19,47.26,47.41,47.38,46.79,45.89,46.12,45.79,45.57,45.62,45.94,45.84,46.22,46.54,46.89,47.01,46.41,45.82,45.12,44.50,43.98,43.60,43.80,44.38,45.69,46.24,46.24,46.29,46.41,46.46,46.49,46.22,45.74,44.72,46.07,46.99,47.71,48.29,48.49,48.75,48.88,49.00,49.02,49.17,46.02,43.95,45.74,45.99,45.59,43.98,44.33,45.62,46.14,46.32,46.27,46.44,46.74,46.64,45.92,46.69,47.21,47.53,47.34,46.91,47.46,46.91,46.69,46.81,47.14,47.29,46.84,45.52,44.65,44.67,45.05,45.67,46.76,47.95,48.51,48.85,49.36,49.90,50.02,49.66,48.07,46.54,46.27,46.22,46.41,48.63,50.97,51.34,51.51,51.41,50.95,49.90,47.06,43.27,42.41,42.41,42.36,43.12,46.91,49.73,50.09,50.05,49.85,49.56,49.36,49.29,49.22,49.02,48.88,48.83,48.56,48.34,48.05,47.90,47.48,47.41,46.41,44.97,46.17,47.53,47.80,47.97,48.12,48.10,48.05,48.02,48.00,47.90,47.38,46.46,45.44,45.82,46.74,45.92,45.25,45.74,46.69,47.41,47.68,48.34,48.61,48.27,46.69,45.27,44.52,44.28,44.45,44.85,45.00,44.80,44.80,45.35,46.02,46.24,46.32,45.92,45.62,45.69,45.67,45.42,45.20,45.30,46.84,48.29,48.19,48.00,47.97,47.90,47.92,47.78,47.63,47.41,46.29,45.17,45.02,45.02,45.02,45.17,45.44,45.67,45.72,45.64,45.67,45.72,45.59,45.54,45.57,45.54,45.47,46.17,46.74,46.91,47.16,47.73,48.14,48.24,48.46,48.34,47.41,45.89,45.69,46.24,47.26,48.00,47.90,46.61,45.84,45.74,45.52,45.32,45.10,44.80,44.80,45.57,47.21,48.68,48.78,48.78,49.05,48.80,48.02,47.75,47.92,47.71,47.01,46.64,46.66,46.76,47.11,47.56,48.58,49.75,50.56,51.34,52.08,52.61,53.47,54.52,55.05,55.38,55.93,56.24,57.83,59.59,59.96,60.22,59.94,59.66,58.77,57.85,57.64,57.34,57.15,57.03,57.15,57.69,58.67,59.23,59.52,59.70,59.84,59.91,60.05,60.12,60.08,60.05,60.10,60.19,60.15,60.26,60.35,60.38,60.40,60.40,-327.68,-327.68,-327.68,-327.68,
-327.68,-327.68,-327.68,-327.68,59.37,59.44,59.37,59.40,59.56,59.54,59.63,59.75,59.82,59.87,59.73,59.63,59.61,59.61,59.44,59.37,59.33,59.23,59.21,59.12,59.09,59.07,59.09,58.98,59.07,58.91,58.93,58.84,58.77,58.58,58.44,58.20,57.55,57.20,57.36,57.36,57.55,57.50,57.64,57.80,57.90,58.11,58.32,58.44,58.62,58.84,58.81,58.41,57.52,56.49,56.05,55.72,55.19,53.61,52.08,51.05,50.39,49.44,48.70,48.17,48.02,47.73,47.90,47.56,46.66,46.27,46.29,46.54,46.66,46.71,46.99,47.06,47.31,47.83,48.24,48.22,47.73,47.90,48.68,48.78,49.07,48.39,49.39,49.41,49.41,49.12,48.17,47.75,47.26,46.96,46.91,46.46,46.69,46.69,46.86,47.43,47.66,47.73,47.73,47.38,46.59,45.94,46.24,45.64,45.54,45.64,46.09,46.29,46.59,46.76,47.21,48.14,47.41,45.94,45.35,45.05,44.92,44.50,45.02,45.07,45.79,46.07,46.24,46.32,46.46,46.49,46.27,45.79,45.25,45.10,46.41,47.36,47.66,48.12,48.41,48.68,48.80,48.88,49.00,49.02,46.04,45.15,46.37,46.64,46.37,45.12,45.32,46.02,46.49,46.51,46.64,46.94,47.31,47.26,46.99,47.24,47.38,47.71,48.27,49.07,49.07,48.80,48.10,47.36,47.11,47.29,47.34,47.06,47.19,47.16,47.09,47.51,47.90,48.05,48.19,48.56,49.39,49.97,50.31,50.02,49.56,49.19,49.19,48.95,49.02,50.19,50.83,51.14,51.29,51.22,50.73,49.61,46.91,43.25,42.31,42.26,42.33,43.10,46.86,49.53,50.19,50.19,50.00,49.61,49.36,49.27,49.29,49.12,49.19,49.41,48.92,48.49,48.19,47.83,47.36,47.11,45.59,44.50,44.97,46.66,47.56,47.48,47.68,48.07,47.97,47.95,47.97,47.80,47.41,46.07,45.39,45.32,45.44,45.25,45.32,46.44,47.36,47.46,47.61,47.88,47.97,47.58,46.29,45.25,44.77,44.40,44.38,44.72,44.87,45.30,46.09,46.96,47.63,48.12,47.78,46.22,45.25,45.54,45.44,45.32,45.20,45.49,47.58,48.70,48.36,48.24,48.05,47.88,47.83,47.68,47.63,46.89,45.62,45.15,45.10,45.05,45.00,44.92,45.02,45.17,45.22,45.22,45.30,45.30,45.15,45.62,46.27,46.86,46.37,46.51,46.69,46.51,46.96,47.63,47.95,48.22,48.49,48.78,48.22,46.22,45.72,46.27,46.89,47.41,47.71,46.86,45.64,45.64,45.42,45.27,44.92,44.70,44.87,46.22,47.73,48.19,48.24,48.34,48.51,48.53,48.44,48.24,48.17,47.83,47.34,46.96,46.74,47.01,47.41,47.56,47.83,48.39,49.09,50.24,51.82,53.23,53.97,54.45,54.81,55.07,55.57,56.05,57.78,59.61,59.84,59.89,59.66,59.33,58.67,57.83,57.64,57.31,57.10,57.08,57.08,57.64,58.67,59.19,59.47,59.66,59.77,59.87,59.91,60.01,60.01,60.01,60.05,60.10,60.19,60.19,60.31,60.24,60.38,60.38,-327.68,-327.68,-327.68,-327.68,
-327.68,-327.68,-327.68,-327.68,59.26,59.44,59.26,59.44,59.44,59.70,59.91,59.98,59.91,60.01,59.91,59.68,59.59,59.54,59.52,59.37,59.37,59.28,59.21,59.09,59.07,59.00,59.07,58.95,59.00,58.93,58.95,58.84,58.79,58.55,58.34,58.06,57.57,57.34,57.36,57.36,57.55,57.59,57.64,57.83,57.97,58.06,58.32,58.51,58.62,58.81,58.67,58.44,57.36,56.16,55.57,55.50,55.24,54.16,53.35,52.87,52.08,50.83,49.83,49.27,49.05,49.19,49.39,48.34,47.16,46.69,46.56,46.79,46.94,46.91,47.31,47.38,47.83,48.19,48.68,48.97,48.80,48.85,49.07,49.27,49.12,49.22,49.83,49.83,49.66,49.19,48.53,48.12,47.68,47.58,47.63,47.75,47.88,47.75,47.66,47.90,48.12,48.12,48.02,47.61,46.91,46.81,46.27,45.79,45.59,45.77,46.09,46.34,46.56,46.76,47.34,48.24,47.88,46.02,45.67,45.62,45.62,45.87,46.64,46.39,45.94,45.97,46.07,46.32,46.29,46.22,45.87,45.57,45.44,45.44,45.77,46.32,47.53,47.97,48.27,48.44,48.56,48.68,48.78,48.56,46.32,46.04,46.54,47.16,46.69,46.02,46.09,46.32,46.44,46.51,46.91,47.29,47.53,47.58,47.41,47.41,47.66,47.92,47.83,49.02,48.95,48.83,48.34,47.95,47.58,47.34,47.46,47.61,47.63,47.73,48.17,48.34,48.24,47.90,48.05,48.61,49.31,49.83,50.19,50.46,50.68,50.53,50.24,50.00,50.27,50.78,50.83,51.00,51.02,51.05,50.46,49.41,46.74,43.07,42.31,42.33,42.31,43.05,46.69,49.53,50.09,50.19,50.14,49.73,49.68,49.41,49.34,49.07,49.19,49.53,49.05,48.58,48.12,47.63,46.74,45.94,45.20,44.77,44.62,45.59,46.32,46.69,47.61,48.12,48.05,47.90,47.78,47.75,47.41,46.91,46.04,45.20,44.95,45.05,45.44,46.76,47.46,47.63,47.58,47.46,47.51,47.19,45.99,45.30,44.82,44.52,44.67,44.85,45.25,46.51,47.21,47.58,47.80,48.14,47.92,46.37,44.95,44.90,45.07,45.15,45.12,45.57,48.44,48.92,48.56,48.31,48.00,47.75,47.68,47.61,47.34,46.09,45.54,45.20,44.87,44.65,44.52,44.57,44.77,45.02,45.15,45.12,45.02,44.95,45.05,46.04,47.01,47.63,47.24,47.01,46.49,46.32,46.99,47.43,47.68,48.00,48.27,48.85,48.80,46.69,45.97,46.41,46.81,46.99,47.19,46.49,45.57,45.57,45.72,45.57,45.15,44.95,45.64,47.09,47.71,47.83,47.95,47.95,48.05,48.29,48.68,48.70,48.31,47.95,48.00,47.73,47.06,46.99,47.41,47.68,47.90,48.22,48.53,49.24,50.95,52.54,53.76,54.26,54.74,55.00,55.53,55.98,57.69,59.49,59.56,59.49,59.37,58.95,58.39,57.80,57.50,57.29,57.17,57.08,57.10,57.52,58.58,59.16,59.56,59.70,59.75,59.82,59.87,59.94,60.08,60.17,60.17,60.15,60.19,60.15,60.29,60.26,60.26,60.26,-327.68,-327.68,-327.68,-327.68,
-327.68,-327.68,-327.68,-327.68,59.30,59.28,59.30,59.35,59.42,59.66,60.03,60.08,60.08,60.05,59.94,59.77,59.70,59.63,59.52,59.44,59.35,59.23,59.26,59.19,59.12,59.05,59.09,58.98,59.00,58.91,58.95,58.81,58.74,58.65,58.39,58.11,57.55,57.31,57.34,57.34,57.55,57.59,57.73,57.80,57.95,58.09,58.25,58.41,58.55,58.70,58.67,58.32,57.22,56.00,55.41,55.53,55.48,54.59,53.92,53.61,53.23,52.78,52.06,51.61,51.31,51.00,50.51,49.22,47.78,47.29,47.21,47.19,47.36,47.46,47.38,47.75,48.36,48.80,49.14,49.53,49.53,49.66,49.83,49.85,49.70,49.78,49.95,50.00,49.61,49.24,48.90,48.49,48.12,47.95,47.88,48.12,48.27,48.24,48.22,48.31,48.39,48.41,48.29,48.00,47.53,47.29,46.51,46.09,45.87,45.87,45.94,46.37,46.61,46.91,47.34,47.53,46.66,46.02,45.92,45.97,46.12,46.69,47.29,47.21,46.34,45.99,46.27,46.17,46.22,46.04,45.92,45.62,45.57,45.47,45.25,45.79,47.51,48.07,48.29,48.39,48.39,48.41,48.51,47.71,46.32,46.22,46.34,46.66,46.37,46.27,46.41,46.59,46.61,46.71,47.19,47.48,47.73,47.71,47.88,47.83,48.05,48.05,47.29,48.31,48.53,48.27,48.34,48.12,48.17,48.05,47.51,47.21,46.99,47.29,48.02,48.14,48.27,48.14,48.41,48.88,49.36,49.90,50.17,50.41,50.70,50.78,50.58,50.46,50.75,50.95,50.92,50.95,50.95,50.97,50.39,49.36,46.59,43.10,42.28,42.36,42.36,43.02,46.64,49.56,50.17,50.27,50.24,50.14,49.90,49.46,49.27,48.85,48.80,49.07,48.80,48.34,47.68,46.49,45.94,45.49,45.17,45.22,46.09,46.71,46.86,47.01,47.36,47.46,47.56,47.68,47.80,48.12,48.24,48.19,47.31,45.52,45.05,45.02,45.74,46.74,47.43,47.56,47.56,47.41,47.16,46.27,45.49,45.25,45.05,45.25,45.22,45.17,45.79,47.09,47.16,47.26,47.26,47.63,47.46,45.97,44.60,44.52,44.80,44.87,44.85,45.35,48.02,48.88,48.53,48.24,47.95,47.61,47.58,47.48,47.09,46.22,46.32,45.89,44.95,44.25,44.13,44.25,44.40,44.72,44.92,44.90,44.77,44.75,45.25,46.49,47.29,47.58,47.61,47.11,46.32,46.66,47.16,47.43,47.58,47.78,47.97,48.75,48.80,46.56,45.99,46.27,46.61,46.79,46.84,46.24,45.59,46.09,46.79,46.86,46.44,46.07,46.56,47.29,47.43,47.63,47.75,47.63,47.71,48.14,48.92,49.29,49.00,48.85,48.85,48.27,47.48,47.36,47.46,47.78,48.02,48.14,48.51,49.05,50.02,51.85,53.57,54.24,54.71,55.05,55.53,56.00,57.48,59.23,59.19,59.09,58.86,58.48,58.13,57.71,57.50,57.34,57.13,57.06,57.17,57.57,58.65,59.37,59.59,59.70,59.82,59.94,59.91,59.96,60.05,60.08,60.19,60.17,60.17,60.31,60.24,60.19,60.24,60.24,-327.68,-327.68,-327.68,-327.68,
-327.68,-327.68,-327.68,-327.68,59.26,59.49,59.26,59.35,59.47,59.54,60.01,60.15,60.10,60.03,59.91,59.89,59.77,59.63,59.52,59.37,59.33,59.28,59.19,59.23,59.09,59.05,59.09,58.95,58.95,58.93,58.91,58.74,58.67,58.58,58.41,58.02,57.50,57.34,57.41,57.31,57.50,57.50,57.71,57.78,57.99,58.16,58.34,58.46,58.58,58.84,58.67,58.27,57.27,56.09,55.60,55.84,55.69,54.74,54.00,53.81,53.61,53.33,52.95,52.63,52.35,51.77,51.07,50.24,48.75,47.95,47.97,48.12,48.02,47.97,48.07,48.36,48.95,49.27,49.63,49.92,50.07,50.31,50.34,50.27,50.24,50.22,50.19,50.14,49.75,49.44,49.12,48.78,48.51,48.27,48.12,48.24,48.49,48.58,48.56,48.53,48.58,48.56,48.36,48.17,48.00,47.51,46.91,46.56,46.27,45.84,45.69,46.27,46.51,46.54,46.54,46.27,46.07,46.07,46.07,46.17,46.59,47.06,47.63,48.14,47.48,46.79,46.86,46.61,46.39,46.02,45.79,45.69,45.57,45.57,45.44,45.87,47.58,48.10,48.19,48.24,48.31,48.24,48.12,46.84,46.29,46.22,46.22,46.24,46.17,46.54,46.69,46.76,46.81,46.94,47.38,47.66,47.88,47.95,48.19,48.51,48.73,47.97,46.81,47.61,48.22,48.17,48.14,48.12,48.27,48.36,47.78,47.14,46.69,46.81,47.56,47.95,48.34,48.34,48.70,49.19,49.61,49.97,50.22,50.53,50.83,50.85,50.90,50.80,50.83,50.80,50.87,50.95,50.90,50.80,50.58,49.46,46.56,42.94,42.11,42.23,42.31,42.97,46.81,49.61,50.41,50.48,50.34,50.27,50.00,49.63,49.12,48.51,48.12,47.90,47.43,47.19,46.79,46.41,45.94,45.64,45.27,46.07,46.61,46.86,47.06,47.26,47.38,47.38,47.46,47.61,47.78,48.02,48.19,48.36,47.73,46.44,45.54,45.52,46.41,47.01,47.36,47.21,47.16,47.01,46.49,45.42,44.97,44.92,45.49,46.51,46.51,46.17,46.39,46.94,47.11,47.14,47.14,47.24,46.74,45.15,44.45,44.33,44.35,44.42,44.45,44.57,45.97,47.09,47.31,47.09,47.34,47.24,47.34,47.29,47.16,46.91,46.84,46.61,45.30,44.28,44.30,44.65,44.70,44.80,44.92,45.32,45.79,45.82,46.07,46.81,47.24,47.46,47.51,46.89,46.64,47.21,47.41,47.43,47.53,47.75,47.97,48.56,48.41,45.97,45.79,46.07,46.39,46.56,46.51,46.29,46.49,47.21,47.31,47.36,47.16,46.96,46.99,47.09,47.19,47.38,47.46,47.38,47.61,48.34,49.24,49.63,49.58,49.56,49.41,48.58,47.66,47.43,47.68,47.95,48.07,48.29,48.63,49.14,50.00,51.65,53.26,54.07,54.62,54.88,55.50,55.91,57.34,58.86,58.79,58.55,58.39,58.09,57.99,57.76,57.57,57.34,57.10,57.10,57.15,57.59,58.67,59.40,59.54,59.63,59.82,59.91,59.94,60.05,60.10,60.05,60.05,60.10,60.15,60.12,60.17,60.03,60.17,60.17,-327.68,-327.68,-327.68,-327.68,
-327.68,-327.68,-327.68,-327.68,59.28,59.37,59.28,59.33,59.37,59.59,60.01,60.22,60.19,60.12,60.03,59.89,59.77,59.68,59.54,59.37,59.28,59.26,59.21,59.12,59.09,58.95,59.07,58.95,58.91,58.91,58.91,58.72,58.70,58.58,58.44,58.06,57.43,57.29,57.48,57.43,57.55,57.59,57.73,57.83,58.02,58.18,58.32,58.46,58.67,58.81,58.72,58.46,57.34,56.09,55.74,55.81,55.67,54.93,54.28,54.04,53.76,53.45,53.09,52.85,52.54,52.13,51.58,50.80,50.02,49.12,48.92,48.92,48.97,49.19,49.19,49.41,49.75,49.88,50.07,50.00,50.19,50.34,50.44,50.41,50.41,50.36,50.41,50.36,50.00,49.78,49.14,48.80,48.88,48.80,48.56,48.61,48.75,48.78,48.63,48.51,48.41,48.39,48.27,48.12,47.90,47.46,46.94,46.96,46.49,45.57,45.52,45.72,45.79,45.72,45.79,45.79,46.02,46.04,45.99,46.14,46.59,46.91,47.78,48.85,48.80,48.29,48.17,47.75,47.41,46.59,45.84,45.62,45.35,45.39,45.22,45.87,47.63,48.02,48.05,48.07,48.05,48.00,47.41,46.24,46.07,46.07,46.02,46.14,46.34,46.41,46.69,46.91,47.14,47.34,47.53,47.63,47.80,48.10,48.34,49.14,48.85,47.24,46.61,46.91,47.80,48.02,47.97,48.05,48.02,47.92,47.71,47.09,46.56,46.69,47.36,47.90,48.29,48.34,48.83,49.14,49.56,49.85,50.17,50.46,50.73,50.73,50.63,50.73,50.75,50.70,50.78,50.87,50.87,50.85,50.61,49.51,46.96,43.10,42.08,42.23,42.26,43.05,47.63,49.73,50.48,50.63,50.48,50.39,49.88,49.12,47.97,47.53,47.41,47.24,47.09,46.91,46.64,46.41,45.99,45.74,45.49,46.27,46.54,46.96,47.09,47.34,47.41,47.43,47.53,47.73,47.88,48.02,48.05,48.14,47.46,46.79,46.07,46.32,46.91,46.91,46.91,46.56,46.32,46.14,45.49,44.77,44.65,44.77,45.72,46.69,46.69,46.56,46.56,46.69,46.89,47.11,47.16,46.94,45.97,44.90,44.38,44.10,43.75,43.58,43.45,43.27,43.73,44.57,45.17,45.27,46.27,46.84,47.09,47.16,47.19,47.19,46.79,46.69,45.84,44.80,45.27,46.04,46.49,46.29,46.81,47.53,47.61,47.41,47.01,46.91,47.01,47.26,47.16,47.16,47.09,47.31,47.14,47.31,47.46,47.78,47.92,48.46,47.88,45.92,45.47,45.74,46.12,46.27,46.39,46.56,47.19,47.41,47.51,47.63,47.51,47.21,46.96,46.89,46.94,47.11,47.21,47.29,47.73,48.53,49.24,49.41,49.39,49.41,49.17,48.56,48.07,47.90,47.88,48.07,48.31,48.56,49.12,49.63,50.31,51.53,52.92,53.78,54.43,54.83,55.38,55.91,57.31,58.67,58.60,58.37,58.20,58.02,57.97,57.76,57.64,57.36,57.13,57.15,57.17,57.55,58.70,59.40,59.44,59.56,59.73,59.94,60.05,60.08,60.10,60.19,60.22,60.17,60.19,60.19,60.31,60.24,60.33,60.33,-327.68,-327.68,-327.68,-327.68,
-327.68,-327.68,-327.68,-327.68,59.26,59.28,59.26,59.26,59.37,59.52,59.94,60.19,60.19,60.17,60.01,59.91,59.91,59.70,59.49,59.40,59.30,59.23,59.12,59.23,59.12,58.95,58.95,58.95,58.91,58.84,58.81,58.74,58.67,58.58,58.44,58.09,57.48,57.34,57.41,57.50,57.64,57.69,57.78,57.85,57.99,58.09,58.27,58.44,58.58,58.81,58.67,58.34,57.34,56.24,55.93,56.00,55.69,54.98,54.50,54.12,53.78,53.54,53.23,52.87,52.61,52.30,51.80,51.07,50.34,49.61,49.44,49.51,49.70,50.00,50.19,50.39,50.48,50.22,50.07,49.83,49.97,50.12,50.02,50.07,50.17,50.22,50.27,50.31,50.02,49.44,48.78,48.41,48.49,48.70,49.12,49.41,49.31,49.00,48.53,48.07,47.97,47.95,47.83,47.61,47.41,47.16,46.61,46.49,45.84,45.39,45.42,45.47,45.47,45.59,45.79,45.82,46.04,45.89,45.94,45.94,46.27,46.66,47.34,48.56,48.78,48.61,48.58,48.34,48.05,47.46,46.84,46.29,45.49,45.00,44.87,45.32,47.36,47.80,47.80,47.78,47.63,47.19,46.14,45.94,45.89,45.92,45.97,46.14,46.27,46.37,46.94,47.21,47.41,47.43,47.63,47.68,47.80,48.00,48.10,48.56,47.80,46.84,46.49,46.46,47.38,47.63,47.68,47.83,47.83,47.80,47.63,46.99,46.49,46.76,47.53,48.12,48.49,48.34,48.61,48.97,49.27,49.63,49.97,50.17,50.39,50.44,50.36,50.36,50.34,50.41,50.44,50.63,50.66,50.78,50.58,49.51,46.96,43.07,41.95,42.11,42.28,43.05,47.63,49.85,50.66,50.85,50.75,50.44,49.88,48.27,45.79,46.02,46.69,46.84,46.99,46.96,46.64,46.41,46.14,45.92,45.52,45.77,46.39,46.84,46.96,47.26,47.36,47.43,47.51,47.63,47.71,47.75,47.61,47.53,47.09,46.71,46.39,46.56,46.66,46.51,45.82,45.39,45.47,45.30,44.80,44.35,44.40,45.27,45.89,46.41,46.44,46.34,46.39,46.46,46.74,46.81,46.61,46.04,45.39,44.87,44.33,43.88,43.05,42.61,42.44,42.51,43.05,43.90,44.25,44.30,45.02,46.27,46.79,47.14,47.09,46.91,46.61,46.44,46.17,46.17,46.59,46.91,46.96,47.43,48.31,48.34,47.90,47.58,47.16,46.69,46.61,46.81,46.86,46.96,46.74,46.79,47.16,47.11,47.43,47.90,48.34,48.39,47.48,46.49,45.52,45.79,45.69,45.94,46.41,46.96,47.41,47.63,47.71,47.63,47.43,47.14,46.66,46.56,46.74,46.84,46.91,47.26,48.00,48.61,48.44,47.48,46.99,47.01,47.16,47.41,48.02,48.41,48.46,48.46,48.78,49.17,49.75,50.27,50.83,51.73,52.51,53.54,54.43,54.95,55.48,56.00,57.31,58.62,58.55,58.39,58.13,58.04,57.95,57.73,57.64,57.34,57.10,57.15,57.29,57.59,58.62,59.35,59.54,59.75,59.77,59.87,59.91,59.98,60.03,60.08,60.17,60.19,60.17,60.24,60.22,60.22,60.19,-327.68,-327.68,-327.68,-327.68,-327.68,
-327.68,-327.68,-327.68,-327.68,59.14,59.37,59.14,59.21,59.09,59.33,59.84,60.15,60.19,60.12,60.08,60.01,59.89,59.82,59.66,59.52,59.30,59.23,59.12,59.16,59.09,58.95,58.98,58.95,58.95,58.81,58.77,58.77,58.60,58.60,58.46,58.02,57.43,57.29,57.36,57.52,57.78,57.83,57.78,57.88,57.99,58.13,58.30,58.51,58.55,58.79,58.67,58.37,57.22,56.26,56.00,56.05,55.74,54.98,54.43,54.09,53.76,53.42,53.14,52.99,52.78,52.35,51.70,50.83,50.05,49.39,49.41,49.66,50.09,50.41,50.70,50.92,50.90,50.58,49.97,49.95,49.92,49.51,49.44,49.41,49.61,49.70,49.92,50.14,49.88,49.44,48.88,48.19,48.31,48.53,49.51,49.70,49.00,48.51,47.88,47.38,47.21,47.19,47.16,46.99,46.61,46.54,46.09,45.79,45.27,45.35,45.54,45.72,46.04,46.66,46.46,45.89,45.97,45.74,45.72,45.67,45.94,46.37,46.71,47.95,48.34,48.22,48.17,48.02,47.63,47.53,47.29,46.81,46.07,44.65,44.45,44.90,46.96,47.51,47.36,46.96,46.41,45.62,45.57,45.77,45.67,45.67,45.72,45.87,46.14,46.51,47.21,47.63,48.12,47.46,47.53,47.66,47.83,47.83,47.41,47.01,46.79,46.34,46.24,46.14,46.51,47.06,47.38,47.48,47.73,47.78,47.58,47.09,46.44,47.11,47.92,48.05,48.46,48.29,48.39,48.70,49.07,49.39,49.63,49.41,48.95,48.73,49.00,48.73,48.92,49.58,50.19,50.51,50.58,50.83,50.68,49.90,47.19,42.97,41.98,42.11,42.26,43.15,47.71,49.95,50.78,50.97,50.87,50.41,49.70,48.05,45.79,46.34,46.74,46.91,47.01,47.16,46.91,46.76,46.44,46.12,45.42,45.10,45.97,46.59,46.84,47.09,47.19,47.36,47.41,47.43,47.41,47.16,46.44,46.56,46.81,46.66,46.44,46.37,46.44,46.14,45.32,45.25,45.39,45.17,44.65,44.23,44.20,44.52,45.12,46.17,46.14,46.17,46.22,46.27,46.71,46.46,45.67,45.52,45.30,44.82,44.05,42.97,42.06,41.67,41.65,41.98,42.92,43.95,44.08,43.98,44.23,44.85,46.02,46.59,46.66,46.34,46.32,46.56,46.44,46.54,46.89,46.94,47.01,47.63,48.53,48.46,47.90,47.73,47.38,46.81,46.51,46.59,46.64,46.07,45.32,45.57,46.14,46.89,47.46,48.19,48.36,47.78,47.36,46.79,46.41,45.87,45.52,45.87,46.69,47.11,47.36,47.46,47.53,47.31,46.99,46.51,46.07,46.34,46.66,46.66,46.91,47.24,47.36,47.21,46.81,45.87,44.80,44.15,44.18,44.90,46.89,48.88,49.07,49.02,49.39,49.85,50.63,51.31,51.89,51.94,51.87,53.16,54.47,55.12,55.69,56.19,57.36,58.65,58.53,58.32,58.13,58.02,57.95,57.78,57.62,57.29,57.10,57.10,57.20,57.50,58.60,59.30,59.52,59.68,59.84,59.89,60.05,60.08,60.12,60.17,60.10,60.17,60.24,60.26,60.31,60.22,60.19,-327.68,-327.68,-327.68,-327.68,-327.68,
-327.68,-327.68,-327.68,-327.68,59.09,59.47,59.09,59.30,59.30,59.37,59.59,59.87,60.05,60.10,60.03,59.89,59.75,59.70,59.68,59.52,59.40,59.28,59.09,59.23,58.95,58.84,59.07,58.91,58.88,58.91,58.74,58.79,58.70,58.72,58.37,57.99,57.48,57.22,57.36,57.55,57.99,58.04,57.92,57.90,57.95,58.13,58.30,58.51,58.65,58.81,58.81,58.46,57.50,56.54,56.24,56.19,55.76,54.52,53.38,53.21,52.68,52.44,52.56,52.78,52.68,52.28,51.51,50.48,49.39,48.73,48.63,48.85,49.34,49.41,50.41,51.14,50.95,50.63,50.02,49.88,48.63,48.12,48.31,47.58,47.43,47.73,49.41,49.97,49.95,49.56,48.80,48.34,47.63,47.09,48.02,49.19,48.29,47.63,47.34,47.14,46.89,46.74,46.66,46.46,45.99,45.10,44.72,44.47,44.70,45.77,46.14,46.49,46.81,47.56,47.61,46.02,45.44,45.44,44.82,44.25,45.07,46.07,46.27,46.74,47.90,48.02,47.90,47.68,47.38,47.29,47.11,46.81,46.41,44.85,43.78,45.30,46.86,47.53,47.41,46.14,44.97,45.05,45.30,45.57,44.87,44.82,45.27,45.05,45.89,46.69,47.16,47.51,47.90,47.14,47.26,47.66,47.88,47.58,45.67,45.10,45.20,45.17,45.25,45.57,46.02,46.27,46.86,47.26,47.56,47.63,47.48,46.81,46.32,47.01,47.38,47.51,48.12,48.12,48.14,48.49,48.73,49.09,49.31,48.31,46.64,46.09,46.07,46.27,46.76,48.36,50.19,50.68,50.85,51.00,50.85,50.07,46.71,42.94,41.93,42.06,42.18,43.10,47.61,49.97,50.80,51.05,50.87,50.44,49.63,48.29,46.91,46.84,46.94,47.09,47.19,47.21,47.09,46.91,46.69,46.49,45.97,45.57,45.79,46.37,46.51,46.66,46.96,47.19,47.26,47.19,46.91,45.94,45.05,45.25,45.82,46.17,46.61,46.44,46.46,46.49,46.51,46.32,46.02,45.52,44.97,44.45,44.20,43.80,44.95,46.64,46.46,46.34,46.07,46.17,46.74,46.49,45.27,45.39,45.39,44.90,43.80,42.54,41.78,41.50,41.78,42.18,42.77,43.95,43.98,43.73,43.78,44.25,45.54,46.51,46.64,46.56,46.44,46.44,46.54,46.56,46.59,46.79,46.94,47.21,48.00,48.29,47.92,47.75,47.63,46.96,46.51,46.49,46.54,46.49,46.02,46.24,46.32,46.66,47.46,47.66,47.38,47.34,47.09,46.69,46.46,45.72,45.59,45.69,46.04,46.69,47.09,47.16,47.01,46.59,45.62,44.30,44.35,45.67,46.51,46.49,46.46,46.29,46.02,46.24,46.56,46.81,46.64,45.72,44.80,44.95,47.36,49.61,50.14,50.22,50.48,51.05,51.73,52.13,52.11,51.22,51.14,53.06,54.26,55.14,55.81,56.31,57.36,58.60,58.53,58.37,58.13,57.95,58.09,57.80,57.64,57.38,57.03,57.20,57.17,57.55,58.67,59.28,59.52,59.77,59.87,59.91,60.01,60.05,60.05,60.12,60.15,60.12,60.15,60.26,60.33,60.19,60.35,-327.68,-327.68,-327.68,-327.68,-327.68,
-327.68,-327.68,-327.68,-327.68,59.16,59.49,59.16,59.21,59.35,59.28,59.37,59.54,59.63,59.77,59.94,59.94,59.82,59.61,59.61,59.47,59.49,59.28,59.26,59.16,58.95,58.95,59.05,58.91,58.84,58.91,58.77,58.74,58.65,58.67,58.39,58.06,57.62,57.36,57.41,57.62,58.04,58.11,57.92,57.92,58.02,58.16,58.34,58.51,58.67,58.91,58.81,58.39,57.55,56.77,56.52,56.35,55.74,53.76,51.48,50.09,49.56,49.63,51.53,52.66,52.59,52.23,51.51,50.22,48.00,46.64,46.37,46.27,46.74,46.76,49.53,50.95,50.95,50.78,50.41,49.75,47.26,45.69,45.57,45.07,45.07,45.79,49.29,49.95,49.88,49.61,49.19,48.34,47.16,45.57,46.09,48.12,48.00,47.46,47.19,46.94,46.76,46.61,46.46,46.27,45.77,44.70,45.30,44.28,45.10,45.97,46.51,46.66,46.89,47.43,47.41,45.52,45.30,45.49,45.44,45.10,45.07,45.62,45.69,45.64,46.79,47.71,47.73,47.46,47.24,47.24,46.81,46.61,46.34,45.39,44.18,45.87,46.84,47.41,47.92,47.68,46.02,45.15,45.30,45.47,44.50,44.85,45.57,45.49,45.79,46.49,46.91,47.16,47.26,46.56,46.94,47.53,47.68,47.34,45.22,44.03,44.60,45.10,44.42,45.10,45.99,45.82,46.17,46.74,47.19,47.41,47.29,46.49,46.34,46.69,46.86,47.16,47.56,47.71,47.71,47.95,48.19,48.68,49.07,47.92,45.82,45.12,45.05,45.12,45.69,47.92,50.24,50.85,51.02,51.19,50.95,49.85,47.24,42.97,41.90,41.98,42.16,42.89,47.48,49.92,50.78,51.14,50.95,50.46,49.61,48.34,47.16,46.99,47.06,47.16,47.24,47.34,47.11,46.96,46.74,46.69,46.49,46.49,46.07,46.14,46.27,46.37,46.54,46.56,46.56,46.34,45.84,45.74,45.72,45.30,45.49,46.04,46.49,46.46,46.74,47.68,48.10,48.12,48.02,46.89,45.64,44.80,44.35,43.75,46.02,47.16,46.94,46.81,46.07,45.97,46.02,45.77,45.10,45.59,45.49,45.05,43.93,42.89,42.31,41.95,41.95,42.51,43.38,44.00,43.98,43.85,44.13,45.25,46.61,46.74,46.96,46.89,46.49,46.27,46.44,45.89,45.62,46.02,46.09,45.74,45.82,46.99,47.56,47.66,47.73,47.38,46.79,46.44,46.49,46.27,46.37,46.51,46.66,46.76,46.69,46.46,46.89,46.61,46.02,45.47,45.57,45.25,45.07,44.95,45.15,45.79,46.32,46.61,46.24,45.27,44.08,43.22,43.90,45.52,46.12,45.84,45.84,46.02,45.99,46.02,46.39,46.71,47.29,47.48,46.91,46.29,47.61,49.73,50.53,50.83,51.17,51.44,51.05,50.27,49.58,49.07,50.36,52.56,53.95,54.93,55.74,56.47,57.57,58.53,58.53,58.39,58.11,58.04,58.04,57.73,57.55,57.41,57.13,57.22,57.17,57.50,58.53,59.37,59.56,59.68,59.94,59.94,59.98,60.03,60.05,60.10,60.19,60.24,60.26,60.29,60.24,60.31,60.24,-327.68,-327.68,-327.68,-327.68,-327.68,
-327.68,-327.68,-327.68,-327.68,-327.68,59.63,59.23,59.09,59.26,59.30,59.33,59.37,59.52,59.59,59.66,59.87,59.91,59.77,59.61,59.40,59.40,59.37,59.16,59.00,58.98,59.09,59.05,58.93,58.93,58.84,58.77,58.79,58.67,58.60,58.46,58.09,57.64,57.34,57.38,57.55,58.02,58.09,57.88,57.92,58.04,58.18,58.37,58.53,58.67,58.93,58.81,58.44,57.69,56.94,56.63,56.38,55.60,53.69,51.41,49.83,49.00,49.29,51.36,52.51,52.44,51.94,51.31,50.36,47.97,46.02,45.30,45.07,45.25,46.02,49.41,50.95,51.00,50.83,50.39,49.68,47.48,45.05,44.60,44.57,45.35,47.14,49.22,49.88,49.63,49.46,49.07,48.51,46.71,45.22,45.35,46.32,47.56,47.19,46.86,46.79,46.76,46.59,46.44,46.24,45.79,45.02,45.44,44.90,45.30,45.97,46.29,46.34,46.69,47.34,46.56,45.30,45.64,45.99,45.72,45.54,45.25,45.30,45.32,45.57,46.07,47.21,47.51,47.41,47.24,46.94,46.74,46.37,46.22,45.97,45.67,46.27,46.66,47.14,47.63,47.80,46.46,45.39,45.42,45.49,44.18,44.50,45.67,45.94,46.17,46.81,47.06,46.74,46.54,46.41,46.99,47.43,47.63,47.29,45.35,44.20,45.25,45.62,44.25,44.65,45.94,46.02,46.32,46.69,46.96,47.16,46.94,46.46,46.29,46.37,46.49,46.71,46.74,47.16,47.31,47.53,47.58,48.12,48.90,48.34,46.27,45.30,45.05,45.20,45.79,47.97,50.44,50.95,51.17,51.29,51.05,49.83,47.11,43.15,41.90,41.98,42.08,42.84,47.43,49.85,50.78,50.97,50.97,50.46,49.53,48.00,47.06,46.96,47.06,47.16,47.21,47.31,46.96,46.86,46.54,46.84,46.74,46.66,46.29,46.27,46.46,46.64,46.61,45.84,45.27,45.92,46.49,47.11,47.19,46.99,46.74,46.61,45.05,46.02,47.71,48.34,48.63,48.63,48.51,47.73,46.17,45.07,44.57,44.75,46.79,47.63,47.34,47.16,46.71,45.99,44.62,44.62,45.20,45.62,45.67,45.17,43.85,42.89,42.49,42.26,42.69,42.92,43.60,44.08,44.23,43.93,44.65,46.27,46.86,46.94,46.94,46.81,46.49,46.34,46.34,45.12,44.18,44.28,44.28,44.15,44.28,45.27,46.56,47.26,47.90,47.75,46.76,45.94,46.24,46.39,46.61,46.71,46.71,46.91,46.94,46.86,46.54,45.02,44.85,44.15,44.25,45.42,45.59,45.39,45.30,45.42,45.57,45.54,45.20,44.90,45.10,45.10,45.22,45.59,45.69,45.57,45.64,45.77,45.84,46.02,46.37,46.69,47.24,47.71,47.51,46.69,47.56,49.53,50.44,50.87,51.24,51.14,49.73,47.71,46.84,47.43,49.41,52.40,53.85,54.83,55.62,56.40,57.59,58.58,58.51,58.32,58.27,58.11,58.04,57.73,57.55,57.29,57.24,57.15,57.27,57.64,58.65,59.23,59.52,59.54,59.82,59.91,59.98,60.10,60.05,60.03,60.12,60.19,60.19,60.19,60.31,60.29,60.47,-327.68,-327.68,-327.68,-327.68,-327.68,
-327.68,-327.68,-327.68,-327.68,-327.68,59.82,59.33,59.19,59.14,59.23,59.28,59.33,59.42,59.47,59.52,59.68,59.73,59.59,59.47,59.42,59.49,59.35,59.14,59.16,58.95,59.00,59.07,58.86,58.93,58.81,58.84,58.81,58.65,58.55,58.39,58.02,57.62,57.34,57.41,57.50,57.92,58.09,57.90,57.88,58.02,58.16,58.39,58.62,58.77,58.95,58.86,58.48,57.78,56.98,56.70,56.45,55.65,53.73,51.75,50.63,49.58,49.22,50.95,52.49,52.47,51.94,51.34,50.48,47.90,45.67,45.10,45.05,45.17,46.49,49.70,51.02,50.90,50.58,50.12,49.70,47.41,45.17,44.52,44.60,45.15,46.34,49.00,49.66,49.63,49.31,48.92,48.36,47.31,45.89,45.44,45.39,45.97,46.81,46.76,46.71,46.69,46.56,46.46,46.29,45.82,45.30,45.30,45.30,45.10,45.82,46.04,46.02,46.34,46.44,46.29,45.97,46.41,46.22,45.82,45.62,45.25,45.10,45.44,45.92,45.97,46.24,47.34,47.46,46.91,46.59,46.39,46.14,45.54,45.79,46.02,46.27,46.79,47.41,47.90,47.19,45.54,45.07,45.72,46.22,45.84,45.47,45.72,46.66,47.38,47.71,47.73,46.94,46.32,46.61,47.19,47.53,47.73,47.58,45.79,44.72,45.17,45.10,43.73,44.52,46.61,47.16,47.34,47.38,47.53,47.34,46.86,46.27,46.09,46.12,46.17,46.02,45.72,46.79,47.26,47.41,47.46,48.17,49.00,48.36,46.84,45.67,45.30,45.54,46.12,48.17,50.46,51.00,51.14,51.19,51.07,49.83,47.06,43.05,41.90,41.95,42.13,42.84,47.36,49.88,50.68,50.95,50.95,50.56,49.70,47.90,46.69,46.69,46.91,47.09,47.16,47.11,46.79,46.41,46.07,46.51,46.54,46.44,46.44,46.51,46.91,47.09,46.89,46.34,46.04,47.01,47.63,47.90,47.63,47.90,47.63,47.24,45.27,47.19,48.29,48.56,48.73,48.63,48.46,47.88,46.44,45.25,44.72,45.10,45.67,47.34,48.02,47.83,47.58,46.54,44.60,44.87,45.47,45.74,45.72,45.35,44.20,43.20,42.89,42.79,43.07,43.20,43.60,44.20,44.52,44.28,45.42,46.64,46.79,46.79,46.81,46.51,46.49,46.89,46.91,46.04,44.40,43.93,44.05,43.93,43.93,44.25,44.92,46.14,47.63,47.95,45.82,44.77,46.07,46.64,46.71,46.84,47.01,46.94,47.19,47.48,47.16,46.29,45.39,43.90,43.90,45.59,45.97,46.09,45.99,45.82,45.59,45.30,45.15,45.35,46.02,46.14,46.12,45.97,45.92,45.89,45.82,45.82,45.97,46.12,46.41,46.59,46.66,46.49,45.79,45.49,47.11,49.24,50.19,50.78,51.22,51.02,49.36,47.16,46.49,47.21,49.51,52.40,53.81,54.79,55.65,56.49,57.62,58.53,58.48,58.34,58.20,58.02,58.09,57.76,57.64,57.22,57.17,57.10,57.36,57.41,58.62,59.40,59.61,59.70,59.87,59.96,60.05,60.05,60.08,60.19,60.26,60.26,60.31,60.31,60.35,60.26,60.31,-327.68,-327.68,-327.68,-327.68,-327.68,
-327.68,-327.68,-327.68,-327.68,-327.68,60.03,59.35,59.23,59.16,59.14,59.26,59.30,59.33,59.49,59.63,59.66,59.63,59.59,59.59,59.52,59.47,59.30,59.21,59.09,58.91,59.07,59.05,58.91,58.95,58.95,58.81,58.72,58.70,58.58,58.41,57.99,57.50,57.31,57.43,57.50,57.90,58.09,57.88,57.92,58.06,58.25,58.53,58.86,59.00,59.05,58.93,58.60,57.83,57.03,56.80,56.54,55.74,53.97,52.32,51.61,50.53,49.58,50.85,52.40,52.49,52.13,51.53,50.36,47.58,45.59,44.97,45.17,45.47,46.84,49.44,50.78,50.78,50.44,50.36,49.95,47.51,45.02,44.67,44.90,45.00,45.57,48.58,49.27,49.31,49.39,48.70,48.05,47.68,46.39,45.72,45.15,44.62,44.80,46.37,46.79,46.71,46.41,46.12,45.89,45.74,45.30,45.05,45.02,44.97,45.35,45.92,45.92,46.22,45.49,44.90,45.05,45.69,45.94,45.84,45.74,45.42,45.30,45.59,45.94,45.92,44.95,45.54,47.01,46.91,46.66,46.22,46.14,45.62,45.57,46.17,46.22,46.64,47.19,46.99,45.97,45.07,45.59,46.69,46.91,46.69,46.74,47.29,47.75,47.90,47.95,47.90,47.56,46.66,46.49,47.16,47.71,48.14,47.95,46.02,44.28,44.35,44.57,44.52,46.41,47.88,47.78,47.56,47.58,47.29,47.06,46.69,46.37,46.12,46.02,45.62,45.30,45.30,46.54,47.16,47.31,47.63,48.44,49.41,48.29,46.17,45.30,45.30,46.04,46.76,49.02,50.68,51.07,51.07,51.14,50.80,49.63,46.69,42.97,41.85,41.90,42.06,42.79,46.29,49.70,50.61,50.87,50.87,50.68,50.27,47.97,46.14,46.49,46.96,47.26,47.26,47.14,46.71,46.41,45.87,45.89,45.94,45.94,46.54,46.79,47.06,47.14,46.96,46.84,47.21,47.66,47.71,47.75,47.95,47.92,47.90,47.75,47.41,48.02,48.34,48.44,48.53,48.51,48.31,47.68,46.39,45.35,44.82,44.40,44.18,45.99,48.34,48.61,47.95,45.67,44.82,45.22,45.54,45.74,45.84,45.57,44.87,44.28,43.95,43.95,44.15,44.52,44.82,45.05,44.95,44.72,45.30,46.27,46.49,46.49,45.99,45.30,45.87,46.99,47.11,46.54,45.05,44.20,44.15,44.25,44.52,45.05,45.82,46.56,47.66,47.90,45.92,44.38,45.69,46.49,46.89,46.94,47.21,47.09,47.43,47.80,47.53,47.14,46.34,43.98,43.75,45.69,46.27,46.37,46.32,46.22,45.57,45.25,45.22,45.82,46.59,46.56,46.71,46.64,46.49,46.44,46.46,46.49,46.59,46.69,46.51,45.84,45.20,44.65,44.20,44.75,46.89,49.07,50.02,50.63,51.17,51.00,49.22,47.19,46.94,47.90,50.00,52.59,53.83,54.64,55.53,56.38,57.57,58.53,58.44,58.34,58.13,58.09,58.06,57.78,57.59,57.50,57.15,57.10,57.27,57.64,58.62,59.37,59.66,59.63,59.96,60.01,60.01,59.98,59.98,60.12,60.15,60.10,60.19,60.29,60.26,60.22,60.42,-327.68,-327.68,-327.68,-327.68,-327.68,
-327.68,-327.68,-327.68,-327.68,-327.68,59.91,59.30,59.16,59.16,59.14,59.21,59.23,59.26,59.35,59.47,59.66,59.73,59.63,59.61,59.37,59.44,59.28,59.23,59.09,58.93,59.07,58.98,58.95,58.84,58.88,58.84,58.81,58.67,58.65,58.39,58.04,57.55,57.29,57.43,57.59,57.66,57.83,57.88,57.88,58.04,58.25,58.67,59.07,59.21,59.16,59.07,58.79,57.97,57.10,56.82,56.54,55.74,54.02,52.08,50.87,50.09,49.61,50.85,52.42,52.49,52.18,51.53,50.56,48.02,45.97,45.30,45.64,45.99,47.06,49.29,50.51,50.85,50.78,50.70,50.34,47.31,45.99,45.52,45.17,45.47,45.74,48.02,48.75,49.12,49.17,48.49,47.48,47.26,46.99,46.02,45.47,45.49,44.30,45.15,46.61,46.64,46.17,45.92,45.72,45.39,44.92,44.92,45.12,44.90,45.27,45.47,45.30,44.65,44.18,44.33,44.72,44.80,45.15,45.79,45.92,45.79,45.54,45.17,44.70,44.25,44.00,44.47,45.17,45.79,45.79,46.27,47.21,46.46,46.12,45.77,45.44,46.41,46.81,46.76,46.37,45.57,46.37,47.29,47.26,47.16,47.61,47.78,47.88,47.83,47.68,47.63,47.56,47.19,46.71,47.38,48.07,48.49,48.34,46.04,44.03,44.33,44.28,45.69,47.75,47.83,47.80,47.48,47.26,47.14,46.81,46.56,46.27,46.14,46.27,46.22,46.12,46.37,47.19,47.48,47.48,47.34,48.22,49.09,48.39,46.41,45.59,45.97,46.86,47.71,49.02,50.85,50.95,51.05,51.22,50.73,49.68,46.69,43.02,41.93,41.90,42.00,42.61,46.12,49.36,50.22,50.73,50.83,50.70,50.31,49.63,48.78,48.22,47.97,47.68,47.56,47.41,47.11,46.84,46.46,46.12,45.87,45.92,46.54,47.09,47.06,47.16,47.14,47.31,47.90,48.02,47.90,47.83,48.02,47.92,47.88,47.97,48.07,48.14,48.31,48.39,48.36,48.34,48.19,47.43,46.27,45.62,45.05,44.75,44.80,46.44,48.14,48.34,47.38,45.62,45.05,45.35,45.67,45.79,45.79,45.52,45.30,45.30,45.25,45.30,46.29,47.26,47.56,47.31,46.84,45.74,44.85,44.72,44.85,45.07,44.72,44.62,45.97,47.01,47.09,46.61,45.30,44.47,44.52,45.47,46.49,46.91,47.09,47.19,47.80,47.83,46.96,45.27,45.02,45.94,46.71,47.09,47.36,47.48,47.83,48.24,47.73,47.16,46.74,45.05,44.20,45.22,46.27,46.61,46.74,46.56,45.77,45.22,45.20,46.34,47.01,46.96,47.09,47.01,46.91,46.94,47.09,47.11,47.19,47.31,47.01,46.32,46.04,46.09,45.94,46.32,47.71,49.12,49.88,50.56,51.14,51.12,50.41,49.07,48.78,49.41,50.97,53.09,53.92,54.62,55.38,56.33,57.83,58.86,58.55,58.37,58.13,58.06,58.06,57.83,57.50,57.43,57.20,57.24,57.17,57.50,58.70,59.37,59.66,59.70,59.87,60.01,60.05,60.05,60.03,60.05,60.15,60.19,60.17,60.19,60.33,60.33,60.33,-327.68,-327.68,-327.68,-327.68,-327.68,
-327.68,-327.68,-327.68,-327.68,-327.68,59.98,59.56,59.23,59.09,59.14,59.21,59.23,59.26,59.37,59.52,59.63,59.84,59.70,59.49,59.42,59.47,59.28,59.19,59.07,58.98,58.91,58.98,58.93,58.79,58.88,58.74,58.70,58.65,58.53,58.44,58.06,57.71,57.38,57.34,57.41,57.52,57.69,57.78,57.76,57.92,58.20,58.60,59.05,59.16,59.14,59.09,58.86,58.09,57.15,56.80,56.52,55.72,53.92,51.65,49.95,49.19,49.27,51.00,52.59,52.49,52.11,51.53,50.66,48.49,46.81,46.51,47.16,47.36,47.66,49.58,50.63,51.02,50.97,50.95,50.36,48.22,47.31,46.91,46.14,46.54,45.97,47.83,48.58,49.09,49.07,48.44,47.63,46.99,46.27,45.62,46.41,46.34,45.15,45.20,46.46,46.46,46.22,46.14,46.02,45.74,45.44,45.27,45.22,45.10,44.85,44.03,43.88,44.25,44.15,44.13,44.42,44.80,45.54,46.24,46.27,46.09,45.69,44.28,43.38,43.75,43.98,44.45,45.00,45.52,45.49,47.19,47.66,47.09,46.27,45.57,45.27,46.59,46.91,47.19,47.31,47.16,47.48,47.71,47.53,47.34,47.71,47.68,47.68,47.73,47.58,47.66,47.63,47.36,46.79,47.63,48.34,48.73,48.41,46.69,45.10,45.05,44.97,45.57,46.86,47.80,47.73,47.41,47.16,46.91,46.66,46.39,46.07,46.34,46.69,46.94,46.89,47.16,47.46,47.80,48.02,47.90,48.12,48.97,49.70,49.00,47.73,47.83,48.27,48.63,49.95,50.78,51.07,51.14,51.02,50.58,49.41,46.56,43.00,41.88,41.98,41.98,42.77,45.94,49.27,50.19,50.44,50.51,50.58,50.34,50.00,49.41,48.88,48.56,48.36,48.07,47.80,47.41,47.24,46.74,46.49,46.14,45.82,46.44,47.11,47.16,47.24,47.21,47.68,48.12,48.12,47.95,47.90,47.80,47.66,47.61,47.61,48.07,48.24,48.34,48.34,48.34,48.31,48.19,47.95,47.71,47.01,45.59,45.05,46.04,47.41,47.88,47.71,47.63,46.69,45.27,45.42,45.69,45.79,45.79,45.57,45.15,45.07,45.20,45.69,47.21,48.00,48.14,47.92,47.61,47.11,45.94,44.75,44.82,44.60,44.60,44.65,45.79,46.94,47.01,46.12,45.00,44.45,44.72,46.34,47.66,47.90,47.61,47.63,47.90,47.92,47.38,46.51,45.20,44.97,45.59,46.32,46.86,47.34,47.88,48.12,47.46,47.01,46.89,45.89,44.72,44.72,45.79,46.79,47.11,46.91,45.97,45.22,45.54,46.69,47.41,47.41,47.41,47.34,47.24,47.16,47.16,47.29,47.38,47.48,47.63,47.63,47.90,48.17,48.12,48.19,48.58,49.09,49.80,50.58,51.12,51.44,51.68,51.97,52.35,52.78,53.16,53.64,54.14,54.69,55.26,56.19,57.78,58.95,58.70,58.39,58.16,58.06,58.02,57.83,57.78,57.41,57.17,57.17,57.29,57.64,58.70,59.40,59.68,59.68,59.84,59.94,59.96,59.98,60.03,60.15,60.17,60.17,60.24,60.31,60.33,60.33,60.35,-327.68,-327.68,-327.68,-327.68,-327.68,
-327.68,-327.68,-327.68,-327.68,-327.68,60.10,59.54,59.28,59.14,59.09,59.14,59.14,59.23,59.40,59.42,59.56,59.82,59.66,59.47,59.42,59.37,59.30,59.28,59.09,58.98,58.95,58.91,58.91,58.72,58.72,58.70,58.62,58.65,58.65,58.46,58.25,57.78,57.43,57.38,57.41,57.52,57.52,57.66,57.88,58.11,58.39,58.67,59.07,59.19,59.16,59.09,58.81,58.04,57.17,56.82,56.56,55.76,54.12,52.32,51.05,50.39,50.51,51.80,52.73,52.51,52.13,51.56,50.85,49.53,48.56,48.27,48.75,49.05,49.02,49.95,50.87,51.05,51.02,50.95,50.48,49.29,49.44,49.29,48.29,48.10,47.31,48.36,48.78,49.00,49.05,48.56,48.12,47.31,46.27,45.87,46.54,46.66,45.92,45.79,46.86,46.94,46.91,46.81,46.66,46.49,46.02,45.72,45.47,45.54,45.79,45.32,44.52,44.92,44.65,44.52,44.80,45.02,46.14,46.56,46.59,46.34,45.52,44.23,43.78,44.23,44.52,44.85,45.35,45.87,46.02,47.21,47.80,47.48,46.22,45.17,45.69,46.69,47.09,47.34,47.46,47.63,47.71,47.14,46.69,46.99,47.51,47.63,47.58,47.63,47.48,47.63,47.41,47.31,46.91,47.41,48.31,48.83,48.92,48.39,47.83,47.53,47.34,47.26,47.26,47.29,47.58,47.46,47.24,46.94,46.84,46.66,46.27,46.29,46.69,46.76,47.06,47.34,47.68,47.80,48.05,48.10,48.27,49.00,49.83,50.00,49.83,49.83,50.00,50.41,50.73,50.87,50.95,50.95,50.95,50.41,49.27,46.59,43.05,41.78,41.85,42.06,42.64,45.92,49.31,50.24,50.48,50.53,50.58,50.56,50.14,49.80,49.29,49.00,48.88,48.53,48.07,47.61,47.53,47.53,47.58,47.19,46.76,46.27,46.89,47.14,47.19,47.41,48.05,48.34,48.29,48.12,48.00,47.66,47.58,46.69,46.96,47.78,48.19,48.39,48.34,48.24,48.34,48.56,48.58,48.44,47.51,45.62,45.57,47.16,47.66,47.75,47.78,47.61,47.41,45.94,45.57,45.77,45.89,46.04,46.02,45.79,45.54,45.44,46.14,47.63,48.12,48.19,48.12,47.92,47.71,47.21,46.04,45.32,44.77,44.57,44.60,45.35,46.66,46.49,45.49,44.57,44.40,44.85,46.84,48.27,48.34,48.02,47.92,48.00,47.78,47.38,46.91,45.74,44.80,44.62,44.75,45.02,45.64,46.91,47.34,46.99,46.96,46.79,46.24,44.87,44.30,44.92,46.27,47.06,46.79,45.94,45.67,46.17,47.34,47.95,47.92,47.88,47.61,47.26,47.14,47.16,47.29,47.41,47.63,48.10,48.44,48.44,48.34,48.36,48.56,48.80,49.07,49.61,50.24,50.83,51.36,51.73,52.13,52.54,53.02,53.40,53.81,54.28,54.83,55.33,56.09,57.69,58.84,58.65,58.34,58.13,58.11,58.16,57.80,57.64,57.50,57.29,57.22,57.20,57.48,58.60,59.37,59.56,59.77,59.84,59.91,60.03,59.98,60.03,60.15,60.17,60.22,60.33,60.33,60.24,60.24,60.33,-327.68,-327.68,-327.68,-327.68,-327.68,
-327.68,-327.68,-327.68,-327.68,-327.68,60.19,59.56,59.26,59.05,59.05,59.19,59.28,59.19,59.16,59.35,59.52,59.68,59.68,59.33,59.44,59.30,59.26,59.23,59.09,59.07,58.81,58.79,58.81,58.88,58.86,58.72,58.74,58.70,58.55,58.51,58.18,57.64,57.36,57.34,57.36,57.50,57.50,57.64,57.80,57.97,58.25,58.70,59.09,59.14,59.14,59.12,58.86,58.02,57.06,56.77,56.52,55.86,54.76,53.66,53.23,52.90,52.54,52.78,52.80,52.47,52.08,51.53,50.92,50.39,49.88,49.61,49.63,49.66,49.85,50.31,50.73,50.90,51.02,50.80,50.51,50.22,50.41,50.12,49.24,49.00,48.88,48.88,48.78,48.95,48.97,48.78,48.34,47.78,47.11,46.81,46.64,46.69,46.76,47.09,47.29,47.16,47.29,47.34,47.48,47.19,46.59,46.04,45.79,45.82,46.27,46.27,45.94,45.72,45.15,44.92,45.22,45.27,46.69,46.84,46.69,46.29,45.39,44.42,44.38,44.65,45.32,46.49,47.06,47.38,47.46,47.41,47.36,46.27,45.30,45.12,46.07,46.96,47.21,47.36,47.58,47.63,47.68,46.99,45.84,46.59,47.31,47.43,47.58,47.43,47.41,47.38,47.36,47.14,47.01,47.58,48.19,48.92,49.29,49.41,49.05,48.70,48.63,48.34,47.90,47.68,47.63,47.46,47.34,47.11,47.01,46.84,46.49,46.27,46.32,46.49,47.14,47.56,47.83,47.88,47.80,47.92,48.34,48.83,49.34,49.80,49.95,50.05,50.41,50.78,50.75,50.92,50.92,50.95,50.80,50.41,49.19,46.34,42.89,41.83,41.95,41.95,42.66,45.92,49.14,50.09,50.53,50.53,50.58,50.61,50.24,49.90,49.58,49.29,49.07,48.70,48.29,48.29,48.34,48.05,47.83,47.71,47.63,47.26,46.71,46.76,47.16,47.41,48.22,48.49,48.31,48.10,47.75,47.41,46.27,45.17,46.81,47.83,48.17,48.29,48.31,48.34,48.53,48.73,48.63,48.34,47.06,45.42,45.77,47.41,47.63,47.75,47.61,47.68,47.48,46.12,45.42,45.82,46.66,47.24,47.31,46.94,46.27,45.69,46.49,47.63,47.97,48.12,48.05,48.05,47.90,47.63,46.89,46.02,44.82,44.25,44.28,45.00,46.04,45.59,44.52,44.23,45.15,45.64,46.99,48.39,48.68,48.36,47.92,47.78,47.58,47.24,46.81,45.89,45.25,45.17,44.85,44.03,44.15,45.74,46.49,46.69,46.81,46.64,46.14,44.70,44.08,44.45,45.47,46.27,46.69,46.49,46.71,47.26,48.02,48.22,48.17,48.12,47.51,46.89,47.01,47.21,47.31,47.58,47.95,48.41,48.85,48.70,47.92,47.66,48.12,48.56,49.07,49.66,50.19,50.73,51.17,51.58,52.08,52.54,52.95,53.38,53.92,54.43,54.98,55.48,56.21,57.71,58.84,58.58,58.27,58.13,58.11,58.02,57.80,57.73,57.57,57.36,57.34,57.29,57.57,58.58,59.37,59.68,59.73,59.75,59.91,59.94,60.03,60.12,60.17,60.12,60.17,60.22,60.26,60.26,60.19,60.35,-327.68,-327.68,-327.68,-327.68,-327.68,
-327.68,-327.68,-327.68,-327.68,-327.68,60.42,59.68,59.33,59.07,59.00,59.09,59.19,59.21,59.26,59.47,59.59,59.68,59.77,59.70,59.56,59.37,59.26,59.23,59.14,58.93,59.14,58.88,58.91,58.91,58.86,58.86,58.67,58.67,58.55,58.48,58.18,57.73,57.48,57.41,57.48,57.50,57.52,57.71,57.92,58.02,58.20,58.60,58.98,59.14,59.19,59.05,58.74,57.95,57.03,56.84,56.70,55.98,54.76,54.09,53.90,53.73,53.42,53.06,52.73,52.37,51.87,51.26,50.73,50.53,50.34,50.24,50.34,50.22,50.31,50.46,50.73,50.85,50.97,50.83,50.48,50.53,50.34,49.92,49.24,49.19,49.41,49.24,49.00,49.12,49.00,49.00,48.58,48.31,47.88,47.38,47.38,47.29,47.58,47.88,47.80,47.63,47.63,47.63,47.92,48.05,47.21,46.34,46.27,46.22,46.46,46.54,46.89,46.71,46.07,45.57,45.42,45.30,46.99,47.19,46.79,45.99,44.92,44.35,44.72,45.94,47.01,47.58,47.66,47.63,47.66,47.63,47.16,45.47,44.95,45.05,45.79,46.99,47.29,47.38,47.56,47.61,47.66,47.51,46.17,46.37,46.94,47.19,47.29,47.34,47.41,47.34,47.21,47.11,46.96,47.53,48.27,48.90,49.19,49.34,49.29,49.07,49.00,48.73,48.56,48.34,48.07,48.10,48.02,47.90,47.63,47.34,46.69,46.27,46.46,46.69,47.16,47.41,47.58,47.73,47.83,47.90,48.34,48.78,49.02,49.56,50.02,50.27,50.58,50.92,51.00,51.07,50.97,50.90,50.87,50.36,49.17,46.41,42.94,41.78,41.88,41.95,42.59,45.79,49.09,50.19,50.58,50.61,50.85,50.68,50.41,49.97,49.63,49.41,49.22,48.90,48.46,48.58,48.51,48.17,47.95,47.83,47.63,47.56,47.09,46.44,46.61,47.31,48.31,48.56,48.10,47.58,46.66,45.52,44.85,44.75,46.02,47.63,48.05,48.17,48.22,48.56,48.56,48.63,48.44,48.14,46.84,45.84,46.32,47.48,47.58,47.66,47.68,47.51,47.38,46.02,45.49,46.14,47.41,47.66,47.63,47.48,47.01,46.29,46.56,47.41,47.80,47.80,47.92,48.07,47.92,47.80,47.38,46.84,45.57,44.38,43.88,44.25,44.60,44.20,43.93,44.65,46.37,47.48,47.78,48.36,48.63,48.46,47.97,47.48,47.29,46.86,46.61,46.27,46.41,46.56,45.99,44.25,43.98,45.05,46.22,46.49,46.74,46.46,45.62,44.20,43.93,45.00,45.77,46.22,46.64,47.11,47.46,47.90,48.36,48.34,47.90,47.06,46.24,46.02,47.01,47.51,47.63,47.92,48.29,48.78,49.29,49.00,47.78,47.19,47.61,48.27,48.85,49.41,49.95,50.41,50.85,51.36,51.94,52.49,53.06,53.47,53.97,54.59,55.14,55.50,56.09,57.73,58.93,58.58,58.30,58.25,58.18,58.09,57.92,57.73,57.59,57.34,57.29,57.31,57.52,58.53,59.52,59.77,59.70,59.91,60.05,60.12,60.19,60.17,60.22,60.22,60.12,60.15,60.24,60.24,60.26,60.31,-327.68,-327.68,-327.68,-327.68,-327.68,
-327.68,-327.68,-327.68,-327.68,-327.68,60.33,59.82,59.33,59.09,59.09,59.09,59.09,59.14,59.14,59.26,59.44,59.56,59.73,59.70,59.52,59.30,59.21,59.12,59.12,58.91,58.81,58.86,58.95,58.86,58.77,58.74,58.65,58.65,58.58,58.44,58.09,57.64,57.38,57.36,57.48,57.50,57.57,57.73,57.78,57.97,58.27,58.41,58.65,58.93,59.09,58.95,58.60,57.83,57.03,56.84,56.66,56.00,54.76,54.02,53.85,53.61,53.30,52.90,52.49,52.16,51.56,50.80,50.41,50.39,50.22,50.22,50.27,50.31,50.58,50.73,50.92,50.95,50.70,50.75,50.46,50.34,50.00,49.63,49.19,49.29,49.70,49.58,49.41,49.39,49.34,49.31,49.12,48.85,48.58,48.31,48.19,48.14,48.24,48.36,48.19,48.12,48.07,48.05,48.10,48.22,47.63,46.49,46.61,46.51,46.66,47.19,48.24,47.83,47.16,46.49,46.02,45.77,46.91,47.16,46.27,45.35,44.97,45.05,46.02,47.26,47.71,47.78,47.88,47.83,47.66,47.43,46.91,45.05,44.80,45.00,45.32,46.64,47.26,47.38,47.48,47.66,47.71,47.63,46.69,46.27,46.69,46.99,47.11,47.11,47.38,47.19,47.01,46.79,46.94,47.61,48.17,48.78,49.19,49.51,49.46,49.46,49.17,49.14,48.88,48.83,48.68,48.51,48.46,48.36,48.22,47.80,47.21,46.91,47.01,46.99,47.19,47.41,47.66,47.78,48.07,48.17,48.53,48.73,48.95,49.44,49.95,50.31,50.58,50.95,51.00,50.90,51.07,50.97,50.78,50.27,49.19,46.56,43.07,41.95,41.98,42.13,42.61,45.89,49.14,50.19,50.66,50.61,50.83,50.68,50.24,49.88,49.63,49.29,49.19,48.92,48.63,48.41,48.58,48.41,48.05,47.78,47.61,47.41,47.24,46.64,46.49,47.09,47.56,47.48,46.49,45.42,44.87,44.80,44.80,44.67,45.42,47.41,47.92,48.10,48.24,48.34,48.31,48.34,48.31,47.90,47.58,47.34,47.11,47.48,47.48,47.46,47.56,47.46,46.96,46.22,46.59,47.14,47.68,47.78,47.68,47.48,47.21,46.66,46.54,47.29,47.48,47.58,47.90,47.92,47.90,47.88,47.56,47.29,46.49,44.85,43.88,43.73,43.78,43.90,44.35,45.30,46.59,47.56,47.78,48.07,48.44,48.22,47.63,46.74,46.39,46.49,46.44,46.64,46.96,47.01,46.64,44.85,44.87,45.57,46.41,46.56,46.59,46.12,44.82,43.80,44.50,45.57,46.04,46.37,46.74,46.99,47.31,47.68,48.10,47.66,46.02,44.90,44.95,45.64,46.51,47.38,47.90,48.34,48.83,49.44,50.02,49.70,48.07,46.91,47.31,48.00,48.53,49.19,49.78,50.00,50.22,50.90,51.70,52.28,52.75,53.28,53.92,54.57,55.14,55.50,56.14,57.64,58.67,58.46,58.30,58.25,58.20,58.16,57.99,57.76,57.59,57.36,57.24,57.34,57.52,58.53,59.47,59.56,59.73,59.63,59.96,60.01,60.08,60.19,60.22,60.19,60.10,60.19,60.26,60.26,60.29,60.33,-327.68,-327.68,-327.68,-327.68,-327.68,
-327.68,-327.68,-327.68,-327.68,-327.68,60.33,59.84,59.30,59.09,59.00,59.05,59.09,59.19,59.30,59.37,59.49,59.56,59.70,59.61,59.42,59.40,59.16,59.19,59.09,58.88,58.81,58.93,58.88,58.84,58.84,58.81,58.67,58.67,58.55,58.39,58.06,57.64,57.34,57.34,57.50,57.55,57.55,57.62,57.80,57.99,58.18,58.41,58.53,58.65,58.81,58.77,58.39,57.73,56.94,56.80,56.59,55.86,54.71,53.81,53.54,53.35,53.04,52.66,52.37,52.06,51.51,50.80,50.34,49.97,49.61,49.39,49.41,49.95,50.44,50.80,51.24,51.22,50.70,50.51,50.27,50.02,49.56,49.17,48.92,49.34,49.73,49.73,49.75,49.83,49.70,49.70,49.44,49.14,48.90,48.78,48.63,48.53,48.56,48.56,48.34,48.36,48.36,48.22,47.92,47.63,47.29,46.39,46.69,46.79,46.91,47.63,48.61,48.07,47.38,47.11,46.81,46.41,46.56,46.14,45.30,45.32,45.77,45.92,47.14,47.95,47.90,47.83,47.75,47.66,47.63,47.29,46.66,44.72,44.52,44.92,45.05,45.77,46.91,47.36,47.41,47.58,47.71,47.63,47.56,46.91,46.89,46.86,46.99,47.01,47.01,46.99,46.59,46.29,46.76,47.41,48.12,48.63,49.00,49.36,49.46,49.51,49.29,49.19,49.09,48.78,48.78,48.70,48.78,48.68,48.44,48.24,47.83,47.43,47.31,47.14,46.94,47.34,47.78,48.07,48.39,48.44,48.75,49.12,49.05,49.31,49.75,50.00,50.27,50.58,50.80,50.87,51.02,50.97,50.87,50.66,49.29,46.81,43.05,41.83,41.88,42.00,42.69,46.54,49.19,50.31,50.70,50.80,50.70,50.24,49.51,48.46,48.10,48.49,48.44,48.46,48.56,48.22,48.22,48.12,47.63,47.58,47.43,47.21,47.01,46.76,46.86,47.16,47.36,47.34,46.81,45.84,45.42,45.17,44.97,44.25,45.05,47.26,47.75,47.97,48.12,48.12,48.10,47.92,47.63,47.38,47.43,47.56,47.58,47.43,47.26,47.21,47.06,46.99,46.94,47.16,47.53,47.61,47.73,47.73,47.58,47.31,47.06,46.51,46.27,46.86,47.19,47.48,47.63,47.75,47.63,47.66,47.48,47.29,46.91,45.57,44.13,44.20,44.75,44.82,45.52,46.27,46.74,47.21,47.41,47.66,47.88,47.46,46.96,45.97,45.64,46.34,46.37,46.56,46.79,46.84,46.74,46.22,46.54,46.84,47.14,47.16,46.96,45.82,43.68,43.63,45.00,45.79,46.09,46.34,46.54,46.89,47.19,46.89,45.97,45.05,44.42,44.18,44.45,45.05,45.87,46.76,47.68,48.63,49.58,50.17,50.48,49.63,47.58,46.56,46.86,47.63,48.34,48.83,49.41,49.61,49.63,50.24,51.14,51.85,52.40,52.90,53.59,54.47,55.24,55.53,56.12,57.57,58.58,58.39,58.25,58.16,58.25,58.16,57.95,57.71,57.57,57.50,57.29,57.36,57.62,58.67,59.40,59.70,59.68,59.91,59.98,60.05,60.10,60.05,60.08,60.10,60.17,60.19,60.19,60.24,60.19,60.29,-327.68,-327.68,-327.68,-327.68,-327.68,
-327.68,-327.68,-327.68,-327.68,-327.68,60.38,59.94,59.33,59.14,59.07,59.09,59.16,59.16,59.21,59.30,59.35,59.52,59.68,59.56,59.37,59.35,59.19,59.19,59.09,58.84,58.81,58.86,58.74,58.74,58.67,58.74,58.62,58.55,58.53,58.41,58.11,57.69,57.41,57.34,57.50,57.55,57.52,57.64,57.80,58.04,58.18,58.30,58.51,58.67,58.81,58.74,58.46,57.78,56.98,56.82,56.56,55.79,54.50,53.66,53.28,53.11,52.85,52.37,52.13,51.89,51.58,50.90,50.24,49.63,49.02,48.85,48.90,49.24,49.92,50.39,50.92,50.87,50.51,50.34,49.85,49.61,49.09,48.61,48.58,49.00,49.44,49.63,49.83,50.05,49.85,49.85,49.63,49.19,48.90,48.78,48.63,48.49,48.56,48.41,48.17,48.34,48.44,48.31,47.90,47.38,47.01,46.79,46.59,46.79,47.11,47.46,48.34,47.80,47.24,46.89,46.74,46.66,46.39,45.67,45.44,46.46,46.74,47.09,47.90,48.10,47.92,47.80,47.63,47.63,47.48,47.16,46.59,44.75,44.57,44.92,45.02,45.07,46.49,47.26,47.41,47.58,47.66,47.63,47.63,47.68,47.66,47.31,46.99,46.84,46.79,46.71,46.04,46.22,46.64,47.24,47.90,48.34,48.78,49.05,49.02,49.09,49.09,49.02,48.88,48.75,48.78,48.68,48.85,48.78,48.49,48.27,48.00,47.63,47.31,46.94,46.79,46.91,47.61,48.02,48.49,48.85,49.27,49.63,49.22,48.97,49.29,49.68,49.90,50.09,50.46,50.85,51.05,51.00,50.95,50.66,49.36,46.91,43.15,41.80,41.78,41.98,42.66,46.49,49.36,50.48,50.83,50.97,50.78,50.00,48.14,45.47,44.87,44.75,45.92,47.83,48.56,48.39,48.07,47.41,47.19,47.24,46.91,46.46,46.49,47.11,47.56,47.88,47.95,47.80,47.58,47.16,46.79,46.51,45.99,44.65,44.92,47.11,47.56,47.78,47.75,47.78,47.73,47.63,46.91,46.39,47.16,47.41,47.36,47.31,47.16,46.81,46.17,46.74,47.19,47.31,47.58,47.58,47.63,47.48,47.24,47.06,46.84,46.39,45.94,46.27,46.76,47.31,47.38,47.56,47.51,47.46,47.38,47.29,46.86,45.79,44.67,45.77,46.09,45.79,46.12,46.49,46.74,46.91,47.16,47.38,47.48,46.81,45.94,45.54,45.79,46.34,46.34,46.41,46.59,46.74,46.89,47.16,47.36,47.46,47.56,47.73,47.58,46.09,42.97,43.68,45.32,45.82,46.07,46.32,46.51,46.74,46.79,45.92,44.45,43.73,43.43,43.00,42.77,43.65,45.02,45.79,46.34,47.38,48.75,49.68,49.75,48.34,46.64,45.67,45.47,46.49,47.83,48.53,48.78,48.78,48.75,48.92,49.58,50.17,50.75,51.87,53.35,54.52,55.24,55.69,56.28,57.50,58.46,58.41,58.27,58.13,58.13,58.09,57.90,57.66,57.62,57.48,57.43,57.43,57.78,58.58,59.40,59.61,59.68,59.89,60.03,60.05,60.03,60.05,60.17,60.24,60.24,60.29,60.33,60.29,60.19,60.24,-327.68,-327.68,-327.68,-327.68,-327.68,
-327.68,-327.68,-327.68,-327.68,-327.68,60.42,60.03,59.37,59.07,59.05,59.09,59.09,59.09,59.19,59.26,59.33,59.49,59.68,59.59,59.49,59.40,59.37,59.09,58.98,58.86,58.77,58.79,58.77,58.77,58.67,58.70,58.60,58.65,58.53,58.41,58.20,57.66,57.38,57.31,57.34,57.50,57.55,57.62,57.80,58.09,58.25,58.39,58.53,58.55,58.77,58.79,58.48,57.85,57.08,56.82,56.49,55.69,54.28,53.11,52.49,52.20,52.13,51.99,51.94,51.85,51.48,50.78,50.00,49.27,48.46,48.29,48.70,49.05,49.41,49.75,50.05,50.17,50.09,49.85,49.34,49.00,48.53,48.27,48.14,48.51,49.09,49.36,49.61,49.80,49.80,49.73,49.44,49.05,48.56,48.36,48.31,48.29,48.27,47.90,47.63,48.02,48.36,48.34,47.83,47.21,46.94,46.79,46.59,46.34,46.69,47.31,47.97,47.51,47.09,46.74,46.69,46.59,46.49,46.02,45.99,46.69,47.24,48.05,48.39,48.22,47.90,47.75,47.66,47.53,47.46,47.21,46.79,45.77,45.12,44.80,44.90,45.22,46.69,47.24,47.43,47.53,47.56,47.63,47.63,47.75,47.97,48.00,47.14,46.49,46.29,46.17,46.07,46.61,46.84,47.19,47.51,47.83,48.10,48.05,47.75,47.75,48.05,47.92,48.02,48.73,48.78,48.63,48.85,48.80,48.49,48.12,47.56,47.16,46.51,46.44,46.34,45.99,47.06,47.80,48.19,48.90,49.58,49.66,48.56,47.75,47.68,48.17,48.17,48.49,49.41,50.78,51.02,51.12,51.12,50.87,49.90,47.11,43.07,41.90,41.85,42.00,42.82,46.49,49.46,50.48,50.85,50.95,50.80,49.90,48.53,44.57,43.65,43.78,45.07,47.88,48.63,48.56,48.14,47.46,46.99,46.76,45.64,44.87,45.57,47.53,48.10,48.10,48.02,47.97,47.83,47.56,47.36,47.29,47.09,46.22,45.79,46.96,47.21,47.51,47.51,47.61,47.48,47.21,46.12,45.57,46.99,47.19,47.11,46.94,46.81,46.46,45.94,46.71,47.11,47.14,47.41,47.51,47.41,46.91,46.59,46.54,46.17,45.69,45.77,45.52,45.32,46.49,46.96,47.24,47.21,47.21,47.21,46.94,46.49,45.77,45.72,46.29,46.39,46.22,46.14,46.37,46.56,46.71,46.84,46.81,46.69,45.89,44.52,45.30,45.87,46.12,46.17,46.02,45.77,46.17,46.84,47.36,47.41,47.58,47.63,47.63,47.78,46.76,45.05,45.54,45.57,45.69,45.94,46.27,46.37,46.64,46.39,45.42,44.03,43.07,43.30,43.58,43.22,43.58,44.72,45.57,46.44,47.78,48.24,48.00,47.56,46.79,45.92,45.42,45.57,46.32,47.16,47.51,47.63,47.92,48.10,48.17,48.44,48.83,49.53,50.97,52.95,54.52,55.41,55.86,56.45,57.55,58.39,58.30,58.18,58.27,58.18,58.18,58.02,57.80,57.66,57.41,57.38,57.41,57.64,58.65,59.37,59.59,59.73,59.91,59.98,60.01,59.98,60.05,60.12,60.10,60.19,60.31,60.33,60.29,60.26,60.33,-327.68,-327.68,-327.68,-327.68,-327.68,
-327.68,-327.68,-327.68,-327.68,-327.68,60.52,60.12,59.52,59.07,58.98,59.00,59.00,59.00,59.19,59.42,59.52,59.54,59.77,59.56,59.52,59.37,59.33,59.09,59.09,58.81,58.91,58.79,58.93,58.81,58.84,58.67,58.62,58.65,58.53,58.39,58.16,57.73,57.41,57.38,57.43,57.55,57.64,57.64,57.83,58.06,58.25,58.51,58.65,58.67,58.81,58.79,58.48,57.83,57.06,56.87,56.54,55.55,53.64,51.34,49.95,49.68,49.85,50.87,51.87,51.87,51.34,50.63,49.75,48.49,47.36,46.99,46.86,47.26,47.92,48.63,49.31,49.80,49.68,49.34,48.90,47.73,47.21,47.01,46.51,47.01,47.63,48.78,49.34,49.63,49.75,49.66,49.24,48.56,46.64,46.46,46.22,46.39,46.02,46.34,47.36,47.90,48.34,48.29,47.90,47.24,46.27,45.59,45.69,45.59,45.39,46.27,47.29,47.14,46.91,46.61,46.59,46.56,46.44,46.02,45.97,46.46,47.21,48.41,48.61,48.34,47.78,47.68,47.63,47.41,47.36,47.16,46.91,46.46,45.79,44.52,44.52,45.54,46.89,47.16,47.41,47.48,47.53,47.53,47.53,47.71,48.05,48.12,46.89,45.99,45.67,45.97,46.46,46.74,46.99,47.14,47.19,47.34,47.34,46.61,45.94,45.47,45.92,45.72,46.41,48.56,48.61,48.56,48.63,48.73,48.56,47.66,46.37,45.79,45.54,45.47,45.54,45.10,46.96,47.71,48.07,48.46,49.00,48.97,47.61,45.97,45.57,45.54,45.54,46.12,48.00,50.66,51.14,51.29,51.22,51.02,50.05,46.79,43.10,41.88,41.90,41.95,42.82,46.44,49.44,50.48,50.92,50.90,50.78,49.88,48.31,44.28,43.38,43.30,44.67,47.53,48.83,48.63,48.34,47.88,47.38,46.64,44.65,43.22,44.90,46.64,47.53,47.92,47.92,47.95,47.83,47.61,47.43,47.41,47.26,46.81,46.66,47.24,47.11,47.29,47.38,47.38,47.14,46.51,45.49,45.00,46.14,46.91,46.71,46.39,46.27,46.37,46.09,46.34,46.81,46.94,47.16,47.41,47.26,46.29,45.67,45.32,44.13,44.87,45.99,45.87,45.22,45.97,46.56,46.61,46.54,46.64,46.49,46.04,45.35,45.12,45.82,46.07,46.09,45.94,45.87,45.99,46.12,46.34,46.04,45.47,44.90,44.52,44.45,45.92,46.32,46.29,46.27,46.07,45.25,45.17,46.56,47.14,47.46,47.61,47.73,47.90,48.12,48.05,46.76,45.49,45.35,45.49,45.72,45.92,46.17,46.27,46.02,45.30,43.80,42.92,43.38,43.85,43.50,43.75,44.80,45.59,46.81,48.12,48.14,47.58,46.91,46.09,45.52,45.42,45.57,46.02,46.61,47.01,47.43,47.71,48.02,48.24,48.39,48.75,49.22,50.24,52.13,54.09,55.41,56.00,56.61,57.73,58.48,58.41,58.32,58.20,58.09,58.13,57.95,57.80,57.71,57.57,57.41,57.43,57.59,58.55,59.44,59.63,59.82,59.98,59.91,60.01,59.91,60.12,60.15,60.15,60.24,60.24,60.22,60.31,60.35,60.38,-327.68,-327.68,-327.68,-327.68,-327.68,
-327.68,-327.68,-327.68,-327.68,-327.68,60.45,60.03,59.61,59.12,58.98,58.95,58.98,59.12,59.47,59.73,59.75,59.77,59.82,59.63,59.56,59.37,59.28,59.12,59.07,58.93,58.88,58.81,58.79,58.67,58.65,58.72,58.74,58.55,58.41,58.39,58.13,57.69,57.43,57.48,57.50,57.52,57.57,57.64,57.78,57.97,58.25,58.39,58.46,58.55,58.72,58.72,58.53,57.99,57.27,56.87,56.40,55.33,53.06,50.17,48.56,48.56,49.19,50.63,51.68,51.77,51.53,50.83,49.78,47.90,46.34,45.97,46.76,48.00,48.24,48.56,49.17,49.44,49.17,48.56,48.14,47.38,46.91,46.27,46.49,46.79,47.41,48.29,49.00,49.34,49.75,49.61,49.19,48.07,44.92,44.50,44.28,44.45,44.75,45.72,47.53,48.02,48.27,48.34,48.12,47.38,45.69,44.77,45.35,45.25,44.65,44.72,45.59,46.37,46.81,46.49,46.49,46.44,46.32,45.84,45.69,46.09,47.29,48.78,48.78,48.36,47.97,47.71,47.51,47.36,47.24,47.01,46.84,46.49,46.04,44.70,44.57,46.02,46.84,47.16,47.34,47.38,47.41,47.38,47.48,47.53,47.83,47.31,46.17,45.74,45.67,46.12,46.41,46.61,46.84,47.01,47.21,47.31,47.19,46.29,44.97,44.15,43.90,43.78,45.30,48.39,48.29,48.14,48.39,48.58,48.49,47.19,45.54,44.80,45.00,44.60,44.57,44.90,47.14,47.92,48.17,48.27,48.49,48.51,47.26,45.39,44.80,44.77,44.80,45.44,47.75,50.56,51.24,51.46,51.29,50.97,50.22,47.34,43.17,41.83,41.88,41.93,42.79,46.32,49.29,50.41,50.83,50.87,50.78,50.00,48.27,44.38,43.20,42.84,44.30,47.88,49.02,48.78,48.51,47.92,47.63,46.79,43.93,42.13,43.85,44.35,45.05,47.31,47.75,47.88,47.75,47.61,47.48,47.38,47.29,46.94,46.96,47.14,46.91,47.11,47.09,46.81,46.12,45.57,45.05,44.97,45.57,46.41,46.12,45.44,45.84,46.04,46.17,46.39,46.49,46.69,47.16,47.66,47.90,46.86,45.27,43.80,43.05,44.95,46.29,46.51,46.12,46.27,46.44,46.04,45.62,45.62,45.54,45.12,44.70,44.57,45.62,45.72,45.64,45.44,45.25,45.32,45.69,45.99,45.62,44.92,44.52,44.35,44.90,46.49,46.64,46.64,46.66,46.56,45.92,45.02,45.82,46.94,47.48,47.53,47.73,47.92,48.31,48.49,47.46,45.84,45.47,45.32,45.32,45.57,45.79,46.02,46.07,45.39,43.80,42.89,43.15,43.12,42.66,43.27,44.72,45.64,46.61,47.83,47.92,47.26,46.69,45.82,45.30,45.30,45.47,45.94,46.54,47.16,47.68,48.02,48.34,48.53,48.56,48.90,49.41,50.22,51.61,53.42,55.07,56.05,56.59,57.64,58.46,58.39,58.25,58.13,58.25,58.27,57.99,57.85,57.73,57.55,57.59,57.57,57.64,58.60,59.49,59.68,59.77,60.01,59.91,60.05,60.01,60.10,60.15,60.12,60.19,60.24,60.26,60.26,60.26,60.38,-327.68,-327.68,-327.68,-327.68,-327.68,
-327.68,-327.68,-327.68,-327.68,-327.68,60.49,60.15,59.63,59.23,59.00,58.98,59.05,59.23,59.56,59.91,59.89,59.89,59.91,59.63,59.59,59.37,59.26,59.23,59.12,58.95,58.81,58.88,58.79,58.81,58.81,58.72,58.67,58.65,58.60,58.32,58.06,57.71,57.38,57.43,57.52,57.62,57.64,57.71,57.85,58.04,58.20,58.34,58.53,58.65,58.74,58.79,58.48,57.83,57.15,56.89,56.35,55.17,52.87,50.14,48.70,48.56,48.85,50.02,51.41,51.63,51.31,50.66,49.53,47.71,46.29,45.79,46.32,47.83,47.90,48.34,49.27,49.44,49.00,48.34,47.97,47.38,46.84,46.12,45.97,45.87,45.92,47.73,48.14,49.05,49.51,49.63,49.00,47.92,44.80,44.47,44.20,44.23,44.47,45.72,47.48,47.95,48.27,48.31,48.17,47.43,45.59,44.77,45.67,45.62,43.30,43.25,43.68,45.74,45.94,46.14,46.22,45.92,45.82,45.32,45.47,45.94,47.68,48.95,48.78,48.36,48.02,47.63,47.34,47.16,47.01,46.81,46.69,46.46,46.04,44.75,45.47,46.51,46.91,47.11,47.21,47.24,47.24,47.24,47.26,47.21,46.91,46.17,45.67,45.67,45.79,46.04,46.14,46.54,46.81,46.96,47.29,47.78,47.63,46.09,44.30,43.40,42.77,42.82,45.15,48.00,47.88,47.61,48.05,48.51,48.51,46.91,45.02,44.85,44.70,43.90,43.98,44.67,47.31,48.17,48.29,48.27,48.51,48.53,47.61,45.35,44.60,44.25,44.38,45.20,47.88,50.51,51.07,51.46,51.29,51.05,49.88,47.29,43.50,41.88,41.90,41.95,42.66,46.17,49.22,50.36,50.66,50.78,50.78,50.19,47.71,44.65,43.78,43.27,44.87,48.00,49.19,48.88,48.46,47.90,47.43,46.89,43.68,42.08,42.41,42.54,43.25,45.84,47.29,47.58,47.63,47.53,47.36,47.31,47.14,46.79,46.91,46.96,46.91,46.86,46.22,45.57,45.12,45.05,45.22,45.27,45.25,45.30,44.45,44.08,45.67,46.27,46.66,46.54,45.64,46.12,47.38,48.14,48.34,47.48,45.59,43.68,42.79,44.40,46.02,46.59,46.59,46.74,46.66,46.17,45.49,45.35,45.30,45.02,45.00,45.30,45.92,45.94,45.62,44.82,43.98,44.08,44.82,45.27,45.30,45.25,45.00,44.87,45.05,46.49,46.96,46.89,46.76,46.64,46.09,44.65,44.40,45.57,47.09,47.41,47.63,48.17,48.46,48.63,47.71,46.14,45.59,44.97,44.42,44.87,45.59,45.99,46.09,45.57,44.00,42.94,43.10,43.10,42.69,43.38,44.92,45.57,45.99,47.16,47.71,47.31,46.66,46.04,45.62,45.30,45.12,45.74,46.66,47.26,47.61,47.90,48.44,48.85,48.88,49.05,49.61,50.46,51.58,53.14,54.88,56.00,56.54,57.59,58.39,58.32,58.30,58.25,58.27,58.25,58.04,57.90,57.78,57.66,57.64,57.50,57.69,58.60,59.40,59.66,59.77,59.91,59.89,60.10,60.10,60.10,60.17,60.15,60.19,60.26,60.26,60.26,60.33,60.42,-327.68,-327.68,-327.68,-327.68,-327.68,
-327.68,-327.68,-327.68,-327.68,-327.68,60.58,60.26,59.87,59.26,58.95,58.95,58.98,59.16,59.52,59.96,59.94,59.89,59.89,59.63,59.63,59.30,59.28,59.12,59.09,58.91,58.86,58.81,58.74,58.81,58.77,58.74,58.67,58.60,58.55,58.41,58.04,57.62,57.36,57.43,57.50,57.55,57.69,57.78,57.92,58.11,58.25,58.32,58.55,58.74,58.84,58.77,58.46,57.92,57.17,56.84,56.33,55.12,52.90,50.27,48.56,48.17,48.61,49.97,51.34,51.63,51.46,50.70,49.51,47.88,46.44,45.79,45.69,46.27,46.71,48.10,49.34,49.53,48.97,48.44,48.14,46.96,45.84,45.99,45.05,45.47,46.02,47.97,48.53,49.00,49.17,49.19,48.63,47.68,45.02,44.15,43.93,43.88,44.15,45.30,47.14,47.66,48.10,48.27,48.17,47.41,45.59,45.00,44.82,43.45,42.39,42.11,42.84,45.30,45.22,45.05,45.10,45.22,45.05,44.95,45.07,45.97,47.78,48.83,48.51,48.12,47.63,47.16,46.61,46.71,46.79,46.59,46.51,46.32,46.04,45.54,46.07,46.64,46.81,47.06,47.01,46.91,46.99,47.01,46.76,45.62,44.80,45.07,45.54,45.84,46.07,45.89,45.97,46.39,46.71,47.01,47.68,48.53,48.27,45.87,43.73,43.20,43.25,43.50,45.67,47.61,47.53,47.41,48.05,48.44,48.46,47.29,45.05,44.25,43.93,43.20,43.98,44.47,47.16,48.19,48.17,48.05,48.36,48.58,47.66,45.47,44.42,44.03,44.25,45.22,48.00,50.53,50.97,51.31,51.31,51.05,49.70,47.16,43.38,41.90,41.93,41.95,42.56,46.02,49.12,50.19,50.73,50.66,50.70,50.41,48.56,45.94,45.05,44.60,45.44,48.22,49.24,49.00,48.39,47.68,47.19,46.89,44.95,43.12,42.61,42.64,43.30,44.82,46.51,47.16,47.46,47.41,47.16,47.19,46.84,45.79,46.69,47.09,47.11,46.89,45.49,44.42,44.75,45.17,45.57,45.59,45.52,45.22,43.98,44.25,46.17,46.79,47.01,46.64,45.05,46.66,48.12,48.39,48.39,47.56,45.97,44.52,43.80,44.47,44.82,45.94,46.86,46.91,46.74,46.49,45.64,45.44,45.32,45.32,45.97,46.17,46.44,46.46,46.07,45.57,44.75,44.52,45.30,46.02,46.49,46.84,46.89,46.59,45.99,46.81,47.36,47.31,46.94,46.66,45.42,44.33,44.08,44.03,44.97,46.39,47.38,47.75,47.92,47.24,45.69,45.30,45.84,45.62,44.97,45.20,45.67,46.02,46.12,45.59,44.20,43.07,42.89,42.77,42.74,43.98,45.35,45.67,45.82,46.66,47.51,47.41,46.66,46.12,45.89,45.69,45.39,45.97,47.09,47.58,47.83,48.17,48.56,48.92,49.12,49.41,50.14,51.19,52.49,53.92,55.24,56.05,56.63,57.66,58.51,58.48,58.34,58.25,58.32,58.39,58.16,57.99,57.92,57.73,57.64,57.52,57.76,58.74,59.40,59.63,59.77,60.03,60.01,60.05,60.10,60.15,60.19,60.19,60.19,60.24,60.26,60.29,60.38,60.40,-327.68,-327.68,-327.68,-327.68,-327.68,
-327.68,-327.68,-327.68,-327.68,-327.68,60.61,60.33,60.01,59.33,58.95,58.95,58.98,59.12,59.44,59.94,59.94,59.89,59.89,59.73,59.56,59.37,59.33,59.12,59.05,58.86,58.81,58.81,58.77,58.77,58.72,58.70,58.62,58.55,58.51,58.41,58.09,57.76,57.59,57.48,57.50,57.71,57.83,57.90,57.95,57.99,58.18,58.44,58.60,58.67,58.74,58.77,58.46,57.92,57.24,56.89,56.31,55.24,53.11,50.41,48.58,48.12,48.34,49.80,51.46,51.73,51.53,50.95,49.83,48.10,46.66,46.22,46.54,47.26,46.81,47.95,49.44,49.53,49.02,48.63,48.12,47.06,46.09,45.57,44.90,45.59,46.24,48.07,48.85,49.07,49.09,49.00,48.58,47.75,44.87,43.98,44.25,44.60,44.60,45.30,47.14,47.61,47.95,48.29,48.27,47.48,45.99,44.85,43.53,42.44,42.26,42.59,44.33,45.44,45.47,45.17,45.67,45.59,45.57,45.17,45.12,45.49,46.76,47.21,46.59,46.17,45.92,45.77,45.92,46.49,46.61,46.64,46.34,46.61,46.41,45.99,46.27,46.59,46.74,46.46,46.34,46.59,46.74,46.44,45.54,44.20,43.90,45.82,45.97,45.94,46.02,44.97,45.30,45.89,46.37,47.21,48.19,49.09,49.02,46.64,44.25,44.57,44.47,44.75,45.94,47.16,47.11,47.46,48.17,48.63,48.68,47.66,45.67,44.65,44.05,43.60,44.03,44.65,47.06,47.80,47.92,47.63,48.00,48.61,47.78,46.02,45.32,44.97,44.87,45.64,48.17,50.41,50.95,51.17,51.31,50.85,49.68,46.89,43.17,41.88,41.78,41.85,42.44,45.99,48.90,50.07,50.46,50.51,50.63,50.41,50.05,48.97,47.71,47.51,47.90,48.90,49.34,48.90,48.31,47.41,47.09,47.16,46.56,46.44,46.22,45.92,45.54,45.79,46.41,46.89,47.16,47.29,46.64,46.34,45.99,45.57,46.84,47.11,47.11,47.16,46.79,45.64,45.39,46.37,47.24,46.84,45.79,45.52,45.49,45.64,46.59,47.06,47.09,46.96,46.74,47.90,48.36,48.46,48.41,47.43,46.27,45.69,45.32,45.07,45.07,46.02,46.76,47.01,46.89,46.44,45.49,45.35,45.10,45.79,46.49,46.71,46.69,46.79,46.69,46.54,46.59,46.79,47.06,47.24,47.31,47.43,47.41,47.36,47.16,47.48,47.90,47.34,47.21,46.74,44.97,44.30,44.10,44.05,44.05,45.12,46.51,46.81,46.79,46.04,44.72,44.28,45.27,46.02,45.94,46.04,46.09,46.12,46.22,45.89,45.12,44.38,43.93,43.63,43.88,44.82,45.74,46.12,46.41,46.64,46.91,46.81,46.29,46.29,46.34,46.27,46.24,47.06,48.12,48.49,48.46,48.75,49.02,49.27,49.56,50.00,50.83,51.99,53.42,54.69,55.55,56.07,56.56,57.66,58.51,58.53,58.37,58.30,58.37,58.51,58.39,58.32,58.20,57.78,57.69,57.64,57.95,58.79,59.47,59.75,59.77,59.94,60.05,60.03,60.12,60.17,60.22,60.17,60.19,60.24,60.26,60.31,60.35,60.35,-327.68,-327.68,-327.68,-327.68,-327.68,
-327.68,-327.68,-327.68,-327.68,-327.68,60.65,60.31,59.96,59.37,58.98,58.93,58.95,59.05,59.14,59.82,59.91,59.91,59.84,59.68,59.52,59.42,59.21,59.09,59.00,58.86,58.72,58.84,58.67,58.65,58.60,58.67,58.65,58.58,58.51,58.44,58.13,57.73,57.50,57.55,57.64,57.90,58.11,57.99,57.90,58.06,58.20,58.39,58.58,58.67,58.77,58.74,58.55,58.04,57.38,56.87,56.26,55.33,53.38,50.78,49.09,48.68,48.90,50.07,51.65,51.82,51.61,51.17,50.17,48.34,46.96,46.76,47.66,48.61,48.02,48.53,49.66,49.78,49.19,48.63,48.19,47.68,46.99,45.72,46.32,46.79,48.00,48.29,48.78,48.92,48.92,48.75,48.22,47.78,45.32,44.52,44.20,44.28,44.62,45.67,47.09,47.46,47.92,48.29,48.31,47.56,45.15,43.68,43.27,43.15,43.07,43.30,44.57,46.37,47.26,46.24,46.71,46.27,45.89,45.69,45.15,45.15,46.02,45.39,44.72,45.57,46.64,46.91,46.96,47.09,46.76,46.09,45.82,46.79,46.66,46.37,46.17,46.37,45.87,44.85,44.85,45.20,45.30,45.30,45.59,45.79,46.09,46.64,46.69,46.34,44.92,44.38,45.25,46.09,46.86,47.75,48.61,49.29,49.19,46.96,45.30,45.99,45.42,45.77,46.64,47.14,47.24,48.10,48.56,48.83,49.12,49.09,47.83,46.69,46.07,45.02,44.52,45.02,47.01,47.80,47.75,47.83,48.19,48.80,48.17,47.09,46.84,46.41,45.79,46.49,48.49,50.56,50.97,51.17,51.14,50.78,49.66,46.74,43.15,41.80,41.75,41.93,42.46,45.07,48.75,49.92,50.39,50.36,50.24,50.31,50.36,50.09,50.02,49.92,49.73,49.63,49.34,49.09,48.51,47.75,47.43,47.61,47.68,47.90,47.66,47.16,46.61,46.37,46.37,46.64,47.16,47.21,46.27,45.99,46.27,46.94,47.14,46.79,47.06,47.21,47.24,46.51,46.64,47.88,48.24,47.66,46.17,46.22,46.86,47.16,47.06,46.59,46.14,47.38,47.78,48.34,48.44,48.53,48.24,47.16,46.12,45.79,45.64,45.30,44.92,45.52,46.44,46.71,46.59,45.92,45.57,45.10,45.15,45.99,46.69,46.79,46.91,46.96,46.89,46.89,47.14,47.36,47.56,47.63,47.63,47.66,47.58,47.46,47.19,47.63,47.92,47.66,47.16,45.97,44.75,44.25,44.25,44.23,44.57,45.05,46.66,47.51,47.26,46.49,45.79,45.92,46.69,46.64,46.39,46.49,46.49,46.49,46.29,46.09,45.99,45.82,45.79,45.79,45.92,46.17,46.32,46.41,46.74,47.26,47.88,48.12,47.63,47.16,46.79,46.56,46.86,48.02,49.00,49.27,49.44,49.80,49.92,50.07,50.34,50.87,51.63,52.56,53.83,54.81,55.36,55.76,56.24,57.36,58.51,58.51,58.34,58.32,58.44,58.70,58.81,58.93,58.67,57.97,57.73,57.71,57.80,58.74,59.37,59.70,59.77,59.91,60.03,60.08,60.12,60.03,60.15,60.15,60.17,60.19,60.22,60.29,60.33,60.31,-327.68,-327.68,-327.68,-327.68,-327.68,
-327.68,-327.68,-327.68,-327.68,-327.68,60.75,60.29,59.94,59.44,59.05,58.91,58.91,58.95,59.07,59.66,59.70,59.84,59.82,59.66,59.52,59.37,59.23,59.09,59.00,58.93,58.79,58.81,58.65,58.67,58.58,58.70,58.60,58.58,58.53,58.41,58.13,57.69,57.48,57.50,57.66,57.95,58.25,58.11,57.95,58.11,58.27,58.44,58.58,58.67,58.72,58.84,58.55,58.04,57.31,56.87,56.42,55.53,53.73,51.41,49.85,49.36,49.41,50.61,51.85,51.94,51.65,51.26,50.56,48.80,47.31,47.14,47.95,48.31,47.63,48.70,49.97,50.02,49.46,49.05,48.78,47.80,47.06,46.79,47.38,46.91,47.75,48.31,48.63,48.80,48.88,48.78,48.27,47.78,45.79,45.05,44.62,44.97,44.97,45.79,47.24,47.43,47.95,48.34,48.27,47.51,45.62,44.75,44.38,44.05,44.13,44.62,44.77,47.83,48.56,48.31,47.63,46.74,46.27,45.89,45.57,46.29,46.66,46.56,46.54,46.94,47.26,47.24,47.16,47.24,47.06,46.76,46.32,46.71,46.71,46.56,46.07,45.64,44.65,44.40,44.47,44.87,45.10,45.79,46.56,46.89,46.94,46.99,46.99,46.71,46.29,45.49,45.79,46.46,47.19,48.00,48.80,49.61,49.44,47.63,45.79,45.94,46.04,46.59,47.09,47.53,48.00,48.39,48.75,48.85,49.63,50.19,50.14,50.00,49.58,47.88,45.57,45.64,47.14,47.51,47.63,48.05,48.24,48.63,48.56,47.92,47.92,47.92,47.73,48.00,49.24,50.53,50.83,50.90,51.14,50.46,49.39,46.64,43.12,41.83,41.85,41.88,42.41,45.12,48.70,49.80,50.02,50.19,50.31,50.12,50.00,50.00,50.05,49.88,49.70,49.39,49.34,49.14,48.58,48.19,47.88,47.78,48.19,48.12,47.97,47.56,47.06,46.71,46.66,46.56,46.51,46.89,47.14,47.48,47.68,47.71,47.29,45.97,46.49,47.21,47.51,47.38,47.53,48.02,48.22,47.63,46.49,46.91,47.43,47.58,47.38,46.94,46.81,47.78,48.14,48.19,48.22,48.29,48.00,46.91,46.02,45.62,45.62,45.52,45.15,45.30,46.09,46.49,45.84,45.32,45.22,44.95,44.82,45.62,46.71,46.91,46.96,46.91,46.86,46.79,47.16,47.51,47.66,47.71,47.75,47.66,47.63,47.56,47.24,47.38,48.02,47.80,46.49,45.05,44.52,44.28,44.57,45.12,46.24,47.21,48.56,49.46,49.46,48.02,46.71,46.99,47.24,47.01,46.71,46.74,46.69,46.69,46.69,46.49,46.51,46.69,46.49,45.99,45.52,45.67,46.27,46.69,47.34,48.10,48.78,49.07,48.61,47.90,47.26,47.14,47.80,48.85,49.29,49.58,49.80,50.12,50.48,50.85,51.22,51.53,51.89,52.83,54.12,54.90,55.26,55.55,56.14,57.50,58.53,58.51,58.30,58.25,58.46,58.86,59.07,59.14,58.95,58.16,57.73,57.78,57.78,58.79,59.49,59.70,59.77,59.96,60.10,60.10,60.10,59.94,60.05,60.12,60.15,60.19,60.29,60.31,60.33,60.40,-327.68,-327.68,-327.68,-327.68,-327.68,
-327.68,-327.68,-327.68,-327.68,-327.68,60.63,60.29,59.94,59.44,58.98,58.88,58.88,58.88,58.95,59.37,59.37,59.61,59.68,59.70,59.52,59.42,59.33,59.14,59.00,58.93,58.86,58.86,58.72,58.67,58.67,58.77,58.65,58.55,58.53,58.41,58.09,57.71,57.50,57.50,57.64,57.95,58.13,57.99,57.90,58.04,58.25,58.51,58.79,58.79,58.84,58.93,58.58,58.09,57.27,56.87,56.47,55.84,54.69,53.45,52.68,52.28,52.06,52.11,52.11,52.01,51.73,51.31,50.63,50.00,49.66,49.56,49.63,49.75,49.63,50.00,50.27,50.07,49.44,49.12,48.92,48.36,48.00,48.14,48.29,47.88,47.90,48.49,48.83,48.78,48.83,48.80,48.56,48.19,47.48,46.99,46.96,46.64,46.54,46.69,47.38,47.63,48.05,48.27,48.19,47.83,47.11,46.66,46.46,46.09,46.14,46.41,46.37,48.22,48.51,48.58,48.10,47.36,46.34,45.52,46.41,46.76,46.86,47.09,47.24,47.29,47.36,47.41,47.46,47.41,47.31,46.94,46.86,47.16,47.06,46.89,46.49,46.09,45.42,44.85,45.07,45.42,45.74,46.51,47.14,47.21,47.31,47.24,47.09,47.11,46.84,46.66,46.49,46.91,47.48,48.36,49.14,49.70,50.00,49.75,49.36,49.12,48.85,48.56,48.34,48.31,48.56,48.75,48.80,49.07,49.83,50.00,49.78,49.92,49.70,49.31,48.63,47.88,47.71,47.63,47.63,47.90,48.34,48.73,49.19,49.51,49.61,49.78,50.00,50.09,50.22,50.56,50.75,50.80,50.87,50.31,49.34,46.56,43.07,41.78,41.70,41.75,42.39,45.00,48.68,49.90,50.14,50.27,50.36,49.83,49.61,49.58,49.63,49.46,49.29,49.12,49.19,49.05,48.92,48.56,48.29,48.07,48.34,48.34,48.14,47.90,47.61,47.36,46.89,46.66,46.49,46.86,47.41,47.78,47.97,47.80,47.29,45.44,45.42,46.02,47.06,47.56,47.80,47.90,47.97,47.56,46.84,47.51,47.88,47.66,47.43,47.41,47.48,47.78,48.12,48.31,48.24,48.07,47.68,46.61,45.77,45.64,45.59,45.59,45.39,45.25,45.30,45.57,45.27,45.05,45.02,44.85,44.62,45.20,46.56,46.91,47.09,47.11,46.46,45.97,46.69,47.41,47.58,47.71,47.83,47.78,47.75,47.58,47.29,46.91,47.06,47.14,45.42,44.47,44.42,44.70,45.77,46.86,47.61,48.07,48.63,49.58,49.92,49.00,47.38,47.11,46.94,46.91,46.81,46.76,46.86,46.94,47.21,47.61,48.00,48.34,48.24,46.99,45.54,45.49,46.29,47.01,47.43,47.73,48.22,48.56,48.39,48.07,47.90,47.95,48.46,49.00,49.22,49.46,49.78,50.14,50.58,50.92,51.29,51.61,51.89,52.87,54.09,55.02,55.38,55.60,56.16,57.50,58.53,58.48,58.30,58.34,58.53,58.86,59.00,59.09,58.98,58.32,57.80,57.64,57.88,58.81,59.56,59.77,59.82,60.05,60.05,60.05,59.94,60.01,60.10,60.17,60.19,60.19,60.24,60.24,60.24,60.38,-327.68,-327.68,-327.68,-327.68,-327.68,
-327.68,-327.68,-327.68,-327.68,-327.68,60.63,60.35,60.01,59.52,59.07,58.84,58.81,58.86,58.86,58.95,59.09,59.33,59.61,59.68,59.47,59.47,59.28,59.16,58.95,58.93,58.86,58.95,58.74,58.65,58.74,58.74,58.67,58.55,58.53,58.39,58.04,57.69,57.48,57.43,57.64,57.97,58.18,58.02,57.95,58.04,58.25,58.55,58.84,58.95,59.00,58.98,58.67,58.13,57.29,56.84,56.47,56.00,55.19,54.33,53.61,53.02,52.54,52.37,52.18,52.04,51.73,51.31,50.90,50.41,50.14,50.19,50.17,50.17,50.27,50.34,50.24,50.14,49.80,49.41,48.95,48.34,47.90,48.14,48.41,48.34,48.44,48.75,48.95,48.80,48.63,48.53,48.24,48.19,48.02,48.17,47.90,47.58,47.36,47.38,47.46,47.78,48.14,48.24,48.14,48.05,48.02,47.83,47.71,47.53,47.41,47.41,47.24,48.12,48.36,48.22,48.12,47.73,46.39,45.79,46.86,46.91,47.16,47.41,47.46,47.46,47.48,47.48,47.41,47.26,46.91,46.64,47.16,47.29,47.19,46.91,46.91,46.41,45.77,45.10,45.22,45.57,46.02,46.74,47.19,47.34,47.38,47.38,47.14,47.01,47.09,46.96,46.71,47.09,47.68,48.39,49.05,49.66,50.05,50.19,50.14,50.07,49.75,49.46,48.75,48.63,48.58,48.75,48.58,48.88,49.63,49.51,49.19,49.19,49.41,49.19,49.12,48.75,47.43,47.41,47.61,48.12,48.34,48.80,49.29,49.63,49.83,49.95,49.97,50.14,50.41,50.61,50.75,50.73,50.78,50.27,49.12,46.51,43.22,41.98,41.70,41.75,42.44,44.92,48.56,49.70,50.14,50.07,50.14,49.83,49.31,49.19,49.19,49.07,48.88,48.92,49.02,48.97,48.97,48.88,48.61,48.39,48.56,48.34,48.17,47.97,47.68,47.36,47.09,46.74,46.69,47.01,47.51,47.88,48.05,47.90,47.21,45.30,44.95,45.67,46.96,47.51,47.66,47.73,47.80,47.31,46.74,47.58,47.92,47.66,47.58,47.48,47.63,47.80,48.05,48.10,48.07,47.90,47.38,46.29,45.44,45.30,45.32,45.27,45.30,45.05,44.95,44.80,44.80,44.80,44.87,44.80,44.40,44.77,46.32,47.09,47.16,47.09,46.14,45.44,46.41,47.34,47.56,47.71,47.80,47.88,47.88,47.83,47.51,46.96,45.67,44.80,44.52,44.10,44.60,45.62,46.81,47.29,47.48,47.78,48.31,49.12,49.63,48.19,46.91,46.86,46.76,46.76,46.69,46.69,46.89,47.29,47.56,47.71,48.10,48.31,48.41,47.51,45.79,45.79,46.69,47.14,47.26,47.46,47.80,48.07,48.10,48.19,48.36,48.41,48.58,48.88,49.12,49.36,49.83,50.14,50.44,50.90,51.29,51.63,51.94,52.73,54.09,55.07,55.53,55.72,56.21,57.50,58.48,58.48,58.32,58.34,58.55,58.91,59.07,59.12,59.05,58.30,57.88,57.57,57.88,58.81,59.54,59.75,59.84,60.01,59.98,60.03,59.91,60.05,60.05,60.08,60.17,60.22,60.26,60.24,60.22,60.29,-327.68,-327.68,-327.68,-327.68,-327.68,
-327.68,-327.68,-327.68,-327.68,-327.68,60.54,60.33,59.98,59.52,59.14,58.84,58.74,58.81,58.86,58.88,58.98,59.21,59.49,59.52,59.49,59.44,59.33,59.21,59.00,58.88,58.81,58.93,58.81,58.72,58.79,58.72,58.65,58.53,58.51,58.41,58.09,57.69,57.50,57.50,57.64,57.97,58.18,57.99,57.95,58.09,58.34,58.67,58.98,59.12,59.16,59.05,58.81,58.39,57.34,56.70,56.40,56.05,55.53,54.69,53.95,53.30,52.75,52.47,52.13,51.85,51.53,51.19,50.87,50.61,50.39,50.19,50.07,50.02,50.09,50.24,50.27,50.19,49.83,49.41,48.78,48.29,47.61,47.78,48.12,48.22,48.36,48.56,48.73,48.58,48.53,48.39,47.97,47.78,47.73,47.92,47.73,47.38,47.26,47.31,47.41,47.95,48.19,48.17,48.12,48.00,47.92,47.88,47.71,47.53,47.43,47.36,47.19,47.71,48.22,48.24,47.95,47.78,47.36,46.59,47.06,47.09,47.26,47.48,47.58,47.58,47.56,47.51,47.41,47.29,46.76,46.96,47.34,47.36,47.21,47.01,46.91,46.66,45.94,45.15,45.25,45.42,46.02,46.91,47.41,47.43,47.34,47.14,47.14,47.01,46.91,47.06,46.69,47.31,47.90,48.51,49.17,49.63,49.97,50.19,50.27,50.24,50.00,49.68,49.12,48.88,48.78,48.56,48.68,49.09,49.36,49.02,48.78,48.78,49.14,48.95,48.70,48.85,47.43,47.41,47.58,48.02,48.36,48.83,49.27,49.56,49.66,49.85,49.97,50.00,50.31,50.41,50.61,50.48,50.63,50.19,49.19,46.51,43.07,41.83,41.75,41.75,42.26,44.82,48.63,49.83,50.05,50.12,50.24,49.88,49.53,49.39,49.19,48.85,48.63,48.61,48.78,48.85,48.78,48.78,48.78,48.68,48.56,48.34,48.05,47.92,47.73,47.43,47.09,46.76,46.74,47.11,47.61,47.90,47.92,47.88,47.24,45.42,44.80,46.17,47.34,47.56,47.75,47.97,47.95,47.41,46.81,47.63,48.02,47.90,47.78,47.43,47.41,47.71,48.00,48.05,47.92,47.58,46.94,45.92,45.10,44.92,45.07,45.17,44.97,44.75,44.38,44.52,44.72,45.10,45.47,45.57,45.05,44.80,45.79,46.94,47.19,46.96,46.39,46.34,46.84,47.26,47.48,47.58,47.71,47.83,47.90,47.95,47.92,47.41,46.32,45.30,44.85,44.23,45.05,46.34,46.91,47.19,47.36,47.63,48.17,48.78,49.05,47.34,46.49,46.56,46.54,46.49,46.39,46.39,46.86,47.19,47.36,47.56,47.73,48.10,48.36,47.58,45.89,45.79,46.64,47.06,47.21,47.41,47.56,47.73,47.78,47.90,47.80,47.71,48.12,48.56,48.83,49.02,49.53,50.00,50.17,50.61,51.22,51.63,52.01,52.87,54.19,55.12,55.57,55.81,56.28,57.55,58.53,58.53,58.39,58.37,58.60,58.91,59.05,59.14,59.05,58.18,57.76,57.69,57.95,58.86,59.49,59.75,59.91,59.94,59.98,60.05,60.03,60.08,60.05,60.05,60.05,60.19,60.26,60.26,60.22,60.22,-327.68,-327.68,-327.68,-327.68,-327.68,
-327.68,-327.68,-327.68,-327.68,-327.68,60.54,60.35,60.05,59.56,59.16,58.84,58.74,58.70,58.81,58.86,58.95,59.16,59.28,59.52,59.52,59.37,59.33,59.19,59.05,58.86,58.81,58.79,58.81,58.77,58.70,58.62,58.58,58.53,58.53,58.44,58.13,57.76,57.55,57.52,57.62,57.85,57.99,57.92,57.95,58.18,58.39,58.70,59.09,59.12,59.09,58.95,58.81,58.25,57.08,56.54,56.40,56.09,55.67,54.88,53.97,53.26,52.68,52.25,51.85,51.53,51.29,51.00,50.78,50.53,50.22,49.88,49.61,49.44,49.61,49.88,50.07,50.00,49.58,49.05,48.34,47.90,47.21,47.41,47.68,47.90,48.10,48.27,48.39,48.31,48.34,48.14,47.68,47.48,47.38,47.43,47.34,47.01,46.91,46.99,47.21,47.73,48.12,48.17,48.05,47.92,47.90,47.71,47.48,47.16,46.99,47.14,46.96,47.43,47.92,47.97,47.78,47.75,47.43,46.94,47.16,47.36,47.90,47.97,47.83,47.58,47.48,47.43,47.36,47.14,46.91,47.19,47.21,47.43,47.19,47.21,47.14,46.91,46.27,45.17,45.39,46.04,46.99,47.68,48.02,48.12,47.92,47.16,47.01,46.96,46.89,46.96,46.79,47.56,48.10,48.58,49.05,49.44,49.85,50.09,50.19,50.19,50.00,49.61,49.05,48.78,48.56,48.44,48.39,48.61,48.70,48.46,48.31,48.44,48.61,48.46,48.19,48.12,47.19,47.16,47.36,47.83,48.34,48.92,49.22,49.44,49.46,49.56,49.63,49.75,50.00,50.12,50.34,50.44,50.31,50.00,48.97,46.41,42.92,41.80,41.78,41.80,42.36,45.62,48.70,49.83,50.09,50.22,50.19,49.97,49.53,49.22,49.00,48.73,48.58,48.56,48.61,48.56,48.70,48.75,48.56,48.34,47.75,47.19,47.41,47.19,47.14,47.06,46.89,46.71,46.89,47.14,47.53,47.78,47.80,47.73,47.31,45.87,45.10,46.61,47.34,47.56,47.75,47.92,47.97,47.90,47.63,47.92,48.22,47.95,47.73,46.96,46.64,47.48,47.68,47.80,47.63,47.24,46.49,45.44,44.95,44.72,44.40,44.50,44.50,44.13,43.98,44.57,46.27,46.91,47.06,46.89,46.54,45.89,45.44,46.22,46.79,46.91,46.89,46.94,46.89,46.56,47.06,47.38,47.58,47.73,47.83,48.10,48.02,47.63,47.26,46.96,46.44,45.05,45.64,46.61,46.91,47.11,47.24,47.53,48.02,48.34,47.88,45.74,45.97,46.24,46.22,46.12,45.87,46.17,46.86,47.14,47.34,47.53,47.63,47.92,48.24,47.78,46.51,46.17,46.61,46.89,47.11,47.34,47.41,47.36,47.16,47.11,46.91,46.99,47.34,47.95,48.22,48.44,49.05,49.56,49.85,50.31,50.78,51.22,51.77,52.68,54.04,55.14,55.69,55.95,56.38,57.59,58.58,58.55,58.41,58.41,58.53,58.91,59.05,59.09,58.98,58.25,57.78,57.71,57.95,58.86,59.49,59.70,59.91,59.98,60.05,60.10,60.10,60.08,60.08,60.03,60.12,60.22,60.22,60.19,60.26,60.33,-327.68,-327.68,-327.68,-327.68,-327.68,
-327.68,-327.68,-327.68,-327.68,-327.68,60.54,60.38,60.05,59.61,59.09,58.84,58.86,58.77,58.74,58.81,58.86,59.07,59.19,59.52,59.54,59.37,59.23,59.14,59.12,58.84,58.91,58.81,58.81,58.74,58.67,58.60,58.53,58.53,58.53,58.39,58.09,57.76,57.55,57.55,57.57,57.64,57.76,57.85,57.99,58.18,58.44,58.74,59.09,59.09,59.07,58.95,58.79,58.18,57.03,56.47,56.33,56.05,55.50,54.69,53.83,53.06,52.40,51.89,51.56,51.31,51.05,50.78,50.53,50.17,49.70,49.19,48.90,48.92,49.27,49.66,49.80,49.66,49.17,48.61,47.95,47.16,46.86,47.21,47.31,47.24,47.38,47.68,47.90,48.02,48.02,47.63,47.24,47.16,47.09,47.16,46.96,46.69,46.39,46.64,47.11,47.61,48.05,48.12,48.05,47.90,47.63,47.26,46.99,46.64,46.54,46.74,46.69,46.91,47.63,47.66,47.63,47.63,47.41,47.09,46.94,47.41,48.02,47.95,47.78,47.56,47.48,47.43,47.29,46.91,46.54,47.21,47.34,47.41,47.26,47.34,47.26,47.14,46.54,46.14,46.96,47.63,47.92,48.14,48.51,48.53,48.27,47.14,46.86,46.76,46.74,46.79,47.11,47.68,48.27,48.68,49.02,49.41,49.80,50.00,50.00,50.02,49.68,49.31,48.73,48.34,48.12,48.10,48.02,48.27,48.44,48.17,48.14,48.14,48.10,48.02,47.80,47.92,47.06,47.14,47.53,48.10,48.83,48.97,49.22,49.19,49.02,48.95,49.02,49.14,49.56,49.97,50.07,50.14,50.17,50.02,49.07,46.69,42.97,41.78,41.80,41.73,42.41,45.59,48.90,49.95,50.39,50.46,50.19,49.90,48.73,47.29,47.43,47.16,47.16,47.97,48.56,48.51,48.68,48.63,48.58,48.07,45.82,44.70,44.67,44.50,44.52,45.30,46.27,46.54,46.96,47.24,47.68,47.90,47.95,47.78,47.48,46.94,45.97,46.27,47.16,47.38,47.46,47.78,47.80,47.80,47.75,47.95,48.10,47.80,47.16,45.54,45.54,46.94,47.26,47.26,47.16,46.51,45.87,45.30,44.77,43.95,43.25,43.17,43.38,43.30,43.15,44.25,47.14,47.41,47.29,47.19,47.14,46.89,46.32,45.62,45.67,46.27,46.66,46.76,46.64,45.72,45.82,46.76,47.31,47.63,47.80,47.90,47.80,47.61,47.34,47.29,47.09,46.24,46.24,46.61,46.91,47.06,47.16,47.34,47.68,47.36,45.12,43.50,45.35,45.82,45.94,45.84,45.84,46.32,46.86,47.11,47.29,47.46,47.51,47.75,48.00,47.46,46.64,46.29,46.37,46.56,46.89,47.24,47.41,47.11,46.22,45.72,45.59,45.69,46.04,46.99,47.75,48.12,48.75,49.27,49.63,49.58,49.19,49.41,50.41,52.01,53.83,55.07,55.74,56.12,56.54,57.69,58.62,58.58,58.39,58.39,58.48,58.74,58.67,58.53,58.34,58.06,57.78,57.71,57.97,58.84,59.52,59.73,59.77,60.08,60.05,60.12,60.05,60.01,60.08,60.05,60.19,60.24,60.22,60.19,60.22,60.29,-327.68,-327.68,-327.68,-327.68,-327.68,
-327.68,-327.68,-327.68,-327.68,-327.68,60.54,60.40,60.03,59.63,59.14,58.72,58.72,58.77,58.74,58.72,58.74,58.95,59.12,59.52,59.56,59.37,59.28,59.09,58.98,58.86,58.93,58.86,58.79,58.67,58.67,58.60,58.58,58.48,58.39,58.34,58.11,57.76,57.50,57.55,57.62,57.62,57.66,57.73,57.92,58.13,58.34,58.65,59.05,59.09,59.09,59.00,58.81,58.27,57.10,56.49,56.35,56.00,55.33,54.24,53.16,52.32,51.75,51.44,51.24,51.05,50.78,50.56,50.19,49.63,49.02,48.53,48.29,48.46,48.90,49.27,49.39,49.09,48.51,48.05,47.41,46.84,46.86,46.84,46.74,46.59,46.79,47.01,47.41,47.63,47.58,47.09,46.69,46.59,46.71,46.79,46.69,46.54,45.97,46.41,46.96,47.48,47.90,47.92,47.92,47.68,47.26,46.84,46.61,46.14,46.04,46.29,46.29,46.41,47.01,47.31,47.41,47.41,47.26,46.91,46.41,46.49,47.68,47.90,47.68,47.56,47.46,47.21,46.91,46.24,45.89,47.16,47.26,47.38,47.29,47.26,47.29,47.06,46.91,46.96,47.38,47.68,47.88,48.00,48.24,48.31,47.68,46.89,46.49,46.27,46.34,46.61,47.16,47.68,48.27,48.75,49.05,49.36,49.66,49.63,49.61,49.36,49.00,48.78,48.22,47.90,47.73,47.58,47.56,47.78,48.02,47.90,47.83,47.90,47.88,47.68,47.61,47.48,46.94,47.41,47.61,47.83,48.34,48.73,48.97,48.51,48.36,48.27,48.39,48.90,49.24,49.58,49.83,50.05,49.97,49.90,49.12,46.86,43.17,41.75,41.75,41.70,42.33,45.74,49.00,50.02,50.41,50.53,50.36,49.75,47.71,44.97,44.47,44.33,44.95,47.41,48.58,48.63,48.75,48.68,48.46,47.80,44.80,43.50,43.27,43.38,43.55,44.25,45.87,46.69,47.16,47.53,47.63,47.92,47.88,47.73,47.46,47.34,46.37,45.54,46.69,47.06,46.79,46.94,47.51,47.53,47.58,47.73,47.66,47.38,46.44,44.80,45.44,46.32,46.24,46.49,46.54,46.34,46.22,46.14,45.52,44.40,43.35,43.10,42.89,42.31,42.16,43.30,46.59,47.21,47.31,47.24,47.21,47.06,46.69,46.07,44.72,45.54,46.34,46.49,46.44,45.20,44.45,45.39,46.51,47.26,47.56,47.43,47.26,46.69,46.69,46.94,46.89,46.49,46.39,46.49,46.79,46.89,46.89,47.01,47.09,45.94,43.20,42.33,44.23,45.39,45.52,45.54,45.77,46.27,46.74,47.01,47.21,47.36,47.41,47.43,47.24,46.66,46.12,45.89,46.04,46.27,46.59,47.09,47.41,46.86,45.39,44.52,44.25,44.33,44.90,46.56,47.90,48.41,49.00,49.51,49.88,49.12,48.19,48.00,49.17,51.63,53.73,55.07,55.84,56.28,56.73,57.78,58.62,58.58,58.41,58.37,58.48,58.58,58.34,58.16,57.95,57.78,57.73,57.78,58.04,58.86,59.40,59.77,59.75,60.08,59.94,60.08,60.05,60.08,60.10,60.08,60.12,60.22,60.29,60.19,60.24,60.38,-327.68,-327.68,-327.68,-327.68,-327.68,
-327.68,-327.68,-327.68,-327.68,-327.68,60.40,60.26,59.94,59.63,59.16,58.67,58.60,58.67,58.67,58.67,58.67,58.86,59.14,59.35,59.54,59.37,59.23,59.09,59.07,58.86,58.86,58.74,58.62,58.62,58.67,58.58,58.58,58.60,58.53,58.39,58.11,57.78,57.55,57.48,57.57,57.64,57.66,57.78,57.95,58.09,58.32,58.53,58.93,58.98,59.00,59.07,58.84,58.37,57.29,56.63,56.28,55.74,54.55,52.42,50.78,50.22,49.83,50.19,50.95,50.83,50.61,50.39,49.85,48.80,47.58,46.99,47.09,47.24,47.61,48.56,48.90,48.34,47.56,47.29,46.96,46.69,46.56,46.29,46.34,46.44,45.82,46.14,46.91,47.16,47.24,46.79,46.46,46.17,46.27,46.46,46.37,45.94,45.42,46.22,46.76,47.36,47.61,47.63,47.56,47.21,46.61,46.09,45.82,45.57,45.47,45.79,46.02,46.22,46.32,46.76,47.01,47.09,46.99,46.81,46.27,45.17,46.22,47.01,47.11,47.14,47.16,47.11,46.44,45.57,45.49,46.99,47.24,47.34,47.21,47.21,47.01,46.79,46.91,47.11,47.41,47.61,47.71,47.88,47.97,47.80,46.94,46.41,45.62,45.10,45.27,46.02,46.89,47.63,48.12,48.61,49.00,49.24,49.27,48.56,47.71,47.63,47.38,47.14,47.29,47.63,47.51,47.36,47.26,47.29,47.41,47.58,47.53,47.66,47.63,47.46,47.31,46.94,46.91,47.29,47.46,47.63,47.90,48.46,48.12,47.24,46.74,46.84,46.91,47.51,48.39,49.19,49.66,49.88,49.88,49.92,49.14,46.86,42.94,41.73,41.62,41.62,42.51,45.74,48.97,50.09,50.41,50.41,50.36,49.70,47.53,44.52,43.98,44.03,44.62,47.36,48.73,48.75,48.73,48.58,48.31,47.53,44.62,43.60,43.38,43.50,43.55,44.15,45.59,46.86,47.51,47.80,47.63,47.61,47.63,47.63,47.51,47.21,46.39,45.49,46.49,46.51,45.79,45.67,46.34,47.09,47.31,47.31,47.31,47.09,46.27,45.00,45.67,45.84,45.82,46.51,47.06,47.16,47.19,47.11,46.61,45.49,43.85,42.74,41.95,41.40,41.47,42.64,45.77,47.11,47.11,47.14,47.11,47.06,46.79,46.49,45.35,45.54,46.12,46.27,46.07,45.32,45.27,45.84,46.56,47.14,47.29,46.86,45.77,44.95,45.64,46.46,46.56,46.12,45.79,45.92,46.17,46.39,46.37,46.12,45.64,44.45,43.15,42.49,43.38,44.85,45.35,45.49,45.72,46.04,46.54,46.89,46.96,46.96,46.89,46.49,46.02,45.82,45.62,45.47,45.74,45.89,46.24,46.86,47.38,46.86,45.15,43.88,43.43,43.45,44.10,46.34,48.17,48.83,49.34,49.85,50.12,49.53,48.61,47.83,48.92,51.48,53.81,55.22,56.00,56.35,56.82,57.88,58.74,58.67,58.48,58.39,58.44,58.51,58.25,58.11,57.95,57.76,57.78,57.76,57.90,58.84,59.49,59.84,59.89,59.98,60.03,60.12,60.03,60.19,60.05,60.05,60.15,60.17,60.19,60.22,60.31,60.40,-327.68,-327.68,-327.68,-327.68,-327.68,
-327.68,-327.68,-327.68,-327.68,-327.68,60.42,60.33,59.91,59.49,59.09,58.81,58.70,58.62,58.55,58.67,58.77,58.81,59.16,59.23,59.44,59.37,59.16,59.21,59.05,58.77,58.74,58.62,58.58,58.60,58.65,58.67,58.62,58.55,58.51,58.32,58.06,57.80,57.59,57.50,57.55,57.64,57.66,57.80,57.99,58.13,58.39,58.53,58.74,58.81,58.86,58.81,58.55,58.25,57.34,56.87,56.38,55.62,53.97,51.14,49.17,48.90,48.92,49.44,50.73,50.75,50.48,50.24,49.80,48.14,46.09,45.49,45.52,45.67,46.89,48.34,48.34,47.71,47.21,46.96,46.69,46.49,45.99,45.99,46.02,46.17,44.62,45.42,46.29,46.59,46.81,46.69,46.29,46.02,45.79,46.04,46.09,45.59,45.22,45.05,46.41,47.01,47.34,47.36,47.16,46.61,45.74,45.02,44.87,44.62,44.62,45.00,46.02,46.17,46.02,46.22,46.39,46.59,46.64,46.49,46.02,44.18,44.62,46.02,46.41,46.71,46.99,47.31,46.96,46.29,45.20,46.39,47.16,47.24,47.24,46.99,45.94,46.24,46.74,47.11,47.36,47.48,47.63,47.68,47.46,46.51,46.32,45.42,44.40,43.93,44.28,44.92,46.37,47.56,47.83,48.41,48.90,49.19,49.09,47.38,45.25,45.44,45.35,45.42,46.74,48.00,47.71,47.63,47.63,47.29,47.19,47.24,47.26,47.31,47.34,46.94,46.71,46.69,46.81,47.09,47.21,47.58,47.83,48.02,47.26,45.57,44.50,44.13,44.40,45.57,47.29,49.19,49.70,49.92,49.90,49.95,49.53,46.49,42.92,41.67,41.65,41.65,42.56,45.82,48.90,50.12,50.41,50.46,50.34,49.66,47.92,44.08,43.53,43.63,44.35,46.81,48.41,48.46,48.34,48.31,48.12,47.48,44.50,43.25,43.22,43.30,43.50,44.13,45.54,47.11,47.90,47.75,47.61,47.26,47.19,47.24,47.36,46.99,46.37,46.14,46.49,46.34,45.39,44.87,45.17,45.89,46.74,46.91,46.91,46.79,46.04,45.44,46.22,45.99,46.56,46.99,47.24,47.29,47.29,47.19,46.99,45.92,43.80,41.88,41.29,41.47,41.75,42.61,44.87,46.49,46.81,46.91,46.91,46.94,46.79,46.59,45.99,45.62,45.97,45.99,45.92,46.04,46.59,47.01,47.14,47.41,47.29,46.91,45.64,44.33,44.85,45.89,46.04,45.59,45.05,44.82,44.97,44.97,44.80,44.47,44.13,43.38,42.89,42.94,43.58,45.02,45.39,45.52,45.84,46.22,46.54,46.79,46.81,46.51,45.89,45.00,44.03,44.50,45.12,45.27,45.49,45.84,46.29,46.84,47.34,46.76,44.92,43.93,43.88,43.58,44.15,46.44,48.41,49.19,49.80,50.12,50.19,49.70,48.61,47.63,48.83,51.56,53.97,55.33,56.00,56.33,56.80,57.92,58.84,58.84,58.48,58.39,58.51,58.44,58.25,58.11,57.95,57.90,57.90,57.73,57.95,58.79,59.54,59.87,59.89,59.96,59.96,60.05,60.15,60.10,60.05,60.10,60.15,60.15,60.19,60.19,60.29,60.42,-327.68,-327.68,-327.68,-327.68,-327.68,
-327.68,-327.68,-327.68,-327.68,-327.68,60.38,60.24,59.91,59.54,59.14,58.84,58.65,58.55,58.62,58.62,58.53,58.67,58.98,59.16,59.35,59.33,59.23,59.09,58.88,58.81,58.74,58.62,58.67,58.67,58.60,58.62,58.53,58.51,58.48,58.30,58.02,57.78,57.57,57.57,57.64,57.62,57.64,57.78,57.95,58.13,58.30,58.51,58.67,58.72,58.81,58.79,58.51,58.11,57.31,56.89,56.45,55.65,53.83,50.90,49.00,48.63,49.00,49.61,50.70,50.78,50.58,50.19,49.63,48.14,45.82,44.85,44.45,44.90,47.21,48.44,48.10,47.48,46.99,46.79,46.64,46.41,45.99,45.67,45.77,45.79,44.70,45.32,45.84,46.07,46.41,46.41,46.14,45.87,45.64,45.69,45.94,45.79,44.52,44.23,46.02,46.69,46.94,46.99,46.74,46.14,45.30,45.15,44.92,44.35,43.88,44.13,45.22,45.97,46.04,45.99,46.14,46.12,45.74,45.59,45.92,44.90,44.65,45.97,46.37,46.66,46.99,47.29,47.41,46.66,45.05,45.35,46.56,46.81,46.61,46.14,45.07,45.97,46.64,46.89,47.19,47.36,47.46,47.26,46.89,45.35,45.87,44.47,44.05,44.03,44.10,44.03,45.82,47.41,47.66,48.14,48.88,49.19,49.07,46.71,44.10,44.38,44.77,45.10,46.41,48.12,47.90,47.71,47.61,47.19,47.01,47.01,46.96,46.64,46.44,46.34,46.29,46.54,46.76,46.94,47.16,47.41,47.68,47.75,46.91,44.95,43.50,42.46,42.84,44.80,47.26,49.31,49.78,50.00,49.97,49.92,49.53,46.99,42.89,41.65,41.65,41.62,42.54,45.84,48.83,50.05,50.41,50.41,50.34,49.63,47.29,43.90,43.07,43.38,44.28,46.91,47.97,47.95,48.02,47.83,47.83,47.41,44.45,43.12,42.72,42.74,43.50,44.08,45.30,46.81,47.38,47.46,47.11,46.71,46.81,47.06,47.31,46.96,46.54,46.44,46.46,46.07,45.07,44.67,44.70,44.85,45.30,46.07,46.17,46.12,45.87,45.92,46.22,46.02,46.32,46.76,46.99,47.11,47.16,47.01,46.49,45.07,43.40,42.16,41.90,42.26,42.28,42.92,44.45,45.57,46.29,46.49,46.49,46.41,46.54,46.49,46.17,45.79,45.82,45.97,46.09,46.56,47.06,47.21,47.34,47.43,47.41,47.41,46.94,45.89,45.22,45.59,45.59,45.35,45.47,45.47,45.07,44.25,43.93,43.78,44.10,44.33,44.90,44.87,45.02,45.62,45.77,45.69,45.87,46.27,46.51,46.69,46.84,46.86,45.57,43.10,41.70,42.84,44.72,45.52,45.79,46.27,46.61,46.94,47.16,46.46,44.62,43.85,44.05,44.23,44.82,46.71,48.46,49.31,49.85,50.17,50.09,49.17,47.71,47.21,48.70,51.31,53.69,55.14,55.84,56.24,56.73,57.88,58.74,58.70,58.53,58.48,58.51,58.46,58.25,58.13,58.02,57.80,57.85,57.80,58.02,58.79,59.54,59.68,59.91,59.96,60.08,60.10,60.22,60.17,60.15,60.08,60.19,60.22,60.26,60.29,60.24,60.29,-327.68,-327.68,-327.68,-327.68,-327.68,
-327.68,-327.68,-327.68,-327.68,-327.68,60.29,60.17,59.87,59.56,59.23,58.88,58.65,58.46,58.48,58.65,58.58,58.65,58.88,59.05,59.35,59.23,59.16,58.98,58.84,58.88,58.72,58.74,58.72,58.67,58.62,58.70,58.62,58.53,58.46,58.34,58.09,57.80,57.62,57.52,57.57,57.69,57.66,57.76,58.04,58.25,58.44,58.55,58.62,58.67,58.77,58.74,58.51,58.09,57.34,56.80,56.38,55.53,53.59,50.85,49.19,48.61,48.73,49.39,50.68,50.95,50.75,50.34,49.63,47.80,45.74,44.90,44.45,44.35,45.32,47.38,48.14,47.56,47.01,46.69,46.51,46.37,45.94,45.54,45.49,45.57,45.49,45.87,45.79,45.72,46.09,46.22,45.84,45.74,45.59,45.57,45.57,44.95,43.80,44.28,45.99,46.37,46.51,46.49,46.14,45.69,45.05,44.75,44.25,43.30,43.35,43.90,44.75,46.46,46.61,46.46,46.51,46.37,45.89,45.59,45.92,45.57,45.30,45.92,46.34,46.66,46.84,46.99,46.76,45.57,44.92,44.85,45.05,45.79,45.97,45.67,45.49,46.09,46.59,46.69,46.91,46.96,46.91,46.84,46.76,45.27,44.97,44.05,44.52,44.28,43.50,43.55,45.59,47.09,47.61,48.02,48.68,49.19,49.05,46.96,44.60,44.70,45.12,45.20,45.79,47.26,47.90,47.71,47.31,46.94,46.79,46.79,46.71,46.44,45.87,46.22,46.09,46.34,46.54,46.76,46.91,47.21,47.63,47.80,47.26,44.95,43.22,42.54,42.74,45.10,47.61,49.46,49.92,50.00,50.05,49.95,49.19,46.79,43.02,41.55,41.57,41.60,42.28,45.74,48.78,50.02,50.41,50.41,50.24,49.66,47.21,43.90,43.00,43.48,44.40,46.44,47.16,47.11,47.34,47.26,47.34,47.09,44.62,43.45,42.56,42.26,43.15,43.98,45.07,45.69,45.82,46.09,46.37,46.89,47.31,47.41,47.48,47.24,47.16,46.99,46.89,46.64,45.52,44.80,44.97,44.80,44.52,44.62,44.45,45.32,46.27,46.17,46.02,45.22,45.49,46.37,46.74,46.91,46.91,46.59,45.39,44.23,43.83,43.07,42.89,42.82,42.72,43.02,44.25,44.90,45.39,45.52,45.30,45.05,45.47,46.09,45.97,45.72,45.92,46.14,46.49,46.84,47.16,47.26,47.36,47.41,47.43,47.58,47.63,47.46,46.69,45.79,45.67,45.49,45.94,46.27,46.02,44.92,44.05,44.33,45.39,46.37,46.51,46.27,46.09,46.17,46.14,46.02,45.99,46.17,46.49,46.71,46.91,47.19,46.99,45.32,43.15,43.83,45.77,46.27,46.14,46.46,46.84,46.96,46.79,46.09,44.80,44.30,44.50,44.62,45.00,46.51,48.34,49.24,49.78,50.12,50.00,48.75,47.26,47.16,48.63,51.14,53.52,54.98,55.81,56.28,56.66,57.78,58.72,58.70,58.55,58.48,58.55,58.53,58.32,58.25,57.99,57.80,57.83,57.85,58.25,59.05,59.70,59.75,59.89,59.87,60.15,60.19,60.17,60.19,60.26,60.24,60.26,60.24,60.31,60.31,60.31,60.42,-327.68,-327.68,-327.68,-327.68,-327.68,
-327.68,-327.68,-327.68,-327.68,-327.68,60.12,60.03,59.70,59.49,59.21,58.88,58.70,58.60,58.60,58.62,58.62,58.67,58.88,58.95,59.23,59.37,59.12,59.00,59.05,58.79,58.88,58.88,58.81,58.81,58.79,58.67,58.58,58.58,58.58,58.48,58.13,57.76,57.52,57.50,57.62,57.69,57.66,57.66,57.90,58.13,58.30,58.46,58.58,58.70,58.81,58.79,58.53,58.09,57.31,56.87,56.47,55.62,53.76,51.12,49.24,48.34,48.19,49.17,50.73,50.95,50.78,50.34,49.61,47.90,45.89,45.02,44.52,44.52,45.05,46.89,48.05,47.78,47.29,46.74,46.49,46.12,45.79,45.54,45.44,45.77,45.92,46.32,46.27,45.79,45.99,46.07,45.99,45.92,45.94,45.74,44.87,43.85,43.85,44.62,45.92,46.02,46.02,45.94,45.82,45.74,44.87,44.00,43.58,43.25,44.42,46.04,46.79,47.31,47.01,46.81,46.79,46.56,46.34,45.92,45.74,45.44,45.42,45.72,46.14,46.41,46.44,46.12,45.42,44.97,45.17,45.47,45.57,46.02,46.02,45.67,45.87,46.29,46.86,46.44,46.12,46.34,46.69,46.94,46.99,45.32,44.57,44.00,44.65,44.15,43.22,43.80,45.72,46.99,47.46,47.90,48.56,49.19,49.12,47.41,45.17,45.12,45.35,45.05,45.32,46.56,47.06,47.61,47.38,46.99,46.79,46.61,46.46,46.27,45.99,46.27,45.99,45.82,46.39,46.54,46.86,47.09,47.51,47.80,47.29,45.22,43.98,43.40,43.63,44.95,47.73,49.63,49.95,50.14,50.12,50.00,49.19,46.81,42.79,41.42,41.57,41.65,42.26,45.62,48.73,49.90,50.34,50.46,50.27,49.63,47.24,44.23,43.68,43.93,44.42,46.12,46.69,46.56,46.61,46.51,46.81,46.76,44.60,43.78,43.20,42.56,43.00,44.18,45.52,45.97,45.59,45.82,46.91,47.56,47.88,47.83,47.66,47.51,47.58,47.56,47.34,47.11,45.89,45.57,46.79,46.56,45.57,44.28,43.85,45.57,46.71,46.69,46.39,44.97,44.08,45.44,46.27,46.56,46.49,45.82,45.05,44.25,43.85,43.63,43.48,43.38,43.17,43.15,44.20,44.80,45.05,45.22,44.80,44.40,44.28,44.30,44.50,44.90,45.89,46.41,46.71,46.91,47.06,47.14,47.31,47.38,47.46,47.66,47.78,48.07,47.88,46.39,45.39,45.05,45.89,46.24,46.37,45.72,45.07,45.54,46.69,46.94,46.94,46.89,46.56,46.32,46.02,45.49,45.64,46.32,46.59,46.69,46.91,47.26,47.48,47.21,45.87,45.77,46.69,46.71,46.37,45.89,45.99,46.41,46.59,46.24,45.07,44.80,45.25,45.49,45.99,47.11,48.24,49.05,49.68,50.07,50.02,48.85,47.38,47.31,48.73,50.85,53.30,55.05,55.86,56.19,56.59,57.85,58.77,58.67,58.48,58.51,58.60,58.46,58.25,58.13,57.99,57.95,57.90,57.88,58.02,59.00,59.56,59.87,59.82,60.05,60.03,60.19,60.26,60.19,60.24,60.35,60.33,60.24,60.31,60.35,60.40,60.47,-327.68,-327.68,-327.68,-327.68,-327.68,
-327.68,-327.68,-327.68,-327.68,-327.68,59.73,59.70,59.61,59.40,59.21,58.91,58.58,58.53,58.53,58.62,58.55,58.62,58.72,58.74,59.09,59.16,59.00,58.95,58.88,58.81,58.67,58.70,58.67,58.58,58.62,58.58,58.58,58.55,58.41,58.30,58.02,57.71,57.59,57.59,57.57,57.59,57.66,57.80,58.06,58.25,58.41,58.55,58.65,58.67,58.70,58.67,58.48,58.06,57.22,56.80,56.49,55.72,53.92,51.34,49.41,48.75,48.70,49.58,50.90,50.97,50.73,50.34,49.68,47.83,45.92,45.54,45.15,45.17,45.69,47.16,48.14,47.78,47.46,47.21,46.66,46.17,45.79,45.57,45.57,46.22,46.49,46.51,46.76,46.34,46.07,46.17,46.49,46.46,46.59,46.27,45.22,43.98,43.75,44.85,45.67,45.72,45.89,45.87,45.82,45.79,44.85,44.15,44.10,45.47,47.16,47.90,47.68,47.38,47.29,46.96,46.79,46.51,46.41,45.94,45.64,45.52,45.69,45.64,45.59,45.72,45.49,45.02,44.97,45.79,46.79,46.71,46.64,46.51,46.12,45.64,45.99,46.59,47.01,46.69,46.04,46.27,46.81,47.24,47.29,45.59,44.85,44.45,44.13,43.80,43.43,44.05,45.89,46.91,47.21,47.83,48.63,49.24,49.29,47.97,46.12,45.05,45.57,45.00,45.92,46.56,46.61,47.14,47.34,47.19,46.96,46.61,46.41,46.09,45.99,46.14,46.02,45.15,45.92,46.37,46.76,47.06,47.68,48.17,47.41,45.89,45.02,44.85,44.80,45.35,48.05,49.83,50.00,50.19,50.14,50.00,49.12,46.44,42.72,41.45,41.57,41.67,42.23,45.67,48.73,50.00,50.34,50.44,50.31,49.34,47.16,44.70,44.25,44.30,45.52,47.34,47.80,47.43,46.96,46.51,46.64,46.49,44.42,43.78,43.88,43.55,43.68,45.27,47.24,47.90,47.14,47.14,47.56,47.83,48.05,47.90,47.78,47.56,47.88,47.66,47.63,47.29,46.02,46.14,47.56,47.83,47.41,46.51,45.10,46.07,46.99,47.16,46.76,45.99,44.10,44.40,44.80,45.30,45.42,45.15,45.00,44.50,44.10,43.98,43.63,44.03,43.68,43.63,44.40,44.80,45.22,45.35,45.10,45.02,44.13,43.27,43.07,44.60,46.04,46.39,46.69,46.91,46.91,46.96,47.16,47.31,47.48,47.78,48.12,48.56,48.31,46.59,44.90,44.67,45.82,46.17,46.39,46.74,46.76,47.06,47.06,47.06,47.11,46.91,46.56,45.67,44.25,43.63,44.72,46.04,46.64,46.81,47.14,47.38,47.58,47.78,47.43,47.24,47.26,47.11,46.84,46.02,45.69,46.12,46.69,46.59,45.54,44.87,44.82,45.12,45.69,46.74,48.07,49.00,49.41,49.83,49.78,48.61,47.38,47.92,49.61,51.31,53.28,55.00,55.84,56.12,56.54,57.83,58.86,58.88,58.65,58.53,58.60,58.55,58.34,58.11,57.97,57.92,57.90,57.85,58.04,59.07,59.47,60.05,59.75,59.94,60.05,60.10,60.19,60.22,60.38,60.45,60.35,60.33,60.42,60.47,60.47,60.49,-327.68,-327.68,-327.68,-327.68,-327.68,
-327.68,-327.68,-327.68,-327.68,-327.68,59.66,59.54,59.47,59.40,59.21,58.95,58.67,58.53,58.55,58.53,58.65,58.58,58.67,58.67,58.88,58.93,59.00,58.72,58.84,58.70,58.65,58.67,58.55,58.48,58.53,58.53,58.53,58.46,58.37,58.34,58.20,57.80,57.55,57.55,57.64,57.76,57.69,57.76,57.97,58.27,58.51,58.53,58.67,58.60,58.65,58.72,58.53,57.99,57.17,56.77,56.59,55.95,54.24,51.94,50.27,49.85,49.63,50.14,50.92,50.78,50.75,50.48,49.83,48.39,47.01,46.56,46.27,46.44,47.01,47.92,48.27,47.92,47.71,47.34,46.74,46.37,46.02,45.87,46.09,46.41,46.64,46.71,47.16,47.09,46.32,46.84,46.84,46.84,46.89,46.54,45.32,44.33,44.08,44.80,45.54,45.79,46.07,46.02,46.09,45.99,45.05,44.65,44.67,45.92,47.46,47.73,47.61,47.56,47.41,47.09,46.86,46.56,46.34,46.07,46.14,46.17,46.24,46.07,45.82,45.69,45.44,45.20,46.02,46.91,47.29,47.36,47.19,46.91,46.66,45.69,45.92,46.49,46.96,46.86,46.41,46.56,47.34,47.71,47.46,45.64,45.25,46.27,44.72,44.38,44.18,44.72,46.02,46.86,47.48,48.07,48.80,49.36,49.36,47.75,46.17,45.52,45.30,45.25,45.79,47.16,47.14,47.46,47.66,47.66,47.51,46.94,46.14,45.25,45.69,46.32,46.24,45.77,46.27,46.56,47.16,47.53,47.97,48.27,47.56,46.07,45.64,45.99,46.17,46.84,49.00,49.83,50.19,50.14,50.14,49.85,49.05,46.41,42.69,41.45,41.47,41.62,42.26,44.85,48.56,49.95,50.36,50.27,50.27,49.56,47.51,45.05,44.52,45.05,47.16,48.51,48.56,48.34,48.17,47.90,47.43,46.69,44.62,43.68,44.25,44.62,45.52,46.94,47.71,47.83,47.97,48.02,48.00,48.10,47.88,47.92,47.71,47.61,47.73,47.78,47.73,47.38,46.12,46.27,47.58,47.92,47.90,47.53,47.09,47.01,47.34,47.29,46.94,46.96,46.39,45.64,44.77,44.70,45.15,45.32,45.54,45.47,45.15,44.82,44.70,44.67,44.38,44.72,45.17,45.35,45.62,45.72,45.52,45.27,45.00,44.42,44.20,45.00,46.07,46.49,46.84,47.09,47.24,47.16,47.06,47.24,47.43,47.88,48.31,48.29,47.43,46.27,44.75,44.80,45.99,46.37,46.59,46.79,47.01,47.38,47.38,47.26,47.16,46.94,46.64,45.49,43.95,43.40,43.58,44.45,45.69,46.56,47.11,47.56,48.02,48.07,47.90,47.90,47.63,47.46,47.19,46.27,45.94,46.44,46.96,47.16,46.66,46.41,46.56,46.54,46.66,47.21,48.19,48.95,49.41,49.75,49.95,49.53,49.12,49.73,50.73,51.73,53.40,54.93,55.67,55.91,56.38,57.76,58.79,58.81,58.70,58.70,58.70,58.53,58.34,58.20,58.04,57.95,57.85,57.90,58.09,58.98,59.63,59.66,59.91,59.94,60.05,60.19,60.24,60.17,60.26,60.38,60.49,60.52,60.52,60.54,60.63,60.77,-327.68,-327.68,-327.68,-327.68,-327.68,
-327.68,-327.68,-327.68,-327.68,-327.68,59.52,59.49,59.37,59.23,59.12,58.84,58.51,58.39,58.39,58.48,58.39,58.51,58.60,58.55,58.72,58.62,58.81,58.62,58.72,58.62,58.55,58.67,58.55,58.53,58.46,58.51,58.51,58.48,58.48,58.39,58.09,57.76,57.55,57.50,57.55,57.66,57.73,57.78,58.02,58.27,58.46,58.53,58.67,58.67,58.77,58.70,58.39,57.95,57.13,56.75,56.59,55.93,54.64,53.26,52.37,51.82,51.53,51.26,50.97,50.73,50.56,50.24,49.83,49.27,48.90,48.75,48.75,48.97,49.09,48.95,48.56,48.17,47.90,47.63,47.21,46.84,46.56,46.49,46.76,46.69,46.99,46.99,47.41,46.71,46.12,46.96,47.19,47.11,46.91,46.56,45.05,44.80,44.87,45.05,45.62,45.99,46.27,46.34,46.41,46.22,45.62,45.44,45.57,45.92,46.86,47.51,47.80,47.58,47.38,46.99,46.69,46.32,46.07,45.97,46.34,46.46,46.59,46.64,46.84,47.14,47.14,46.86,47.11,47.34,47.36,47.46,47.41,47.16,46.96,45.72,45.15,46.14,46.61,46.54,46.49,47.01,47.58,47.73,47.56,46.69,46.76,47.31,46.61,46.49,46.14,46.02,46.66,47.06,47.90,48.56,49.00,49.29,49.39,48.92,47.90,47.88,47.66,47.36,47.58,47.63,47.88,48.12,48.19,48.17,48.10,47.51,46.76,46.39,46.54,46.71,46.74,46.81,46.99,47.06,47.29,47.63,48.12,48.41,48.22,47.88,47.90,48.31,48.49,48.78,49.24,49.66,49.90,50.07,50.09,49.83,48.92,46.27,42.66,41.42,41.40,41.57,42.18,44.70,48.49,49.85,50.17,50.22,50.22,49.80,48.61,47.34,47.09,47.34,48.27,48.70,48.44,48.31,48.14,48.00,47.97,47.34,46.32,45.77,45.92,46.37,47.16,47.48,47.58,47.83,48.27,48.34,48.12,47.95,47.88,47.71,48.12,48.22,48.05,48.00,47.90,47.41,46.09,46.29,47.53,47.88,47.90,47.66,47.36,47.19,47.38,46.86,46.59,47.16,47.29,47.16,46.17,45.32,45.52,45.84,46.02,45.92,45.79,45.67,45.57,45.05,45.00,45.32,45.54,45.79,45.94,45.82,45.84,45.62,45.30,45.07,44.70,44.87,45.79,46.44,46.76,47.11,47.31,47.21,46.99,46.94,47.38,47.90,47.95,46.69,46.17,46.17,45.25,44.70,45.79,46.41,46.61,46.79,47.11,47.46,47.61,47.41,47.46,47.38,46.71,45.30,43.95,43.68,43.53,44.00,45.30,46.27,46.59,46.89,47.29,47.63,47.66,47.78,47.66,47.56,47.38,46.64,46.02,46.32,46.86,47.14,47.41,47.46,47.66,47.83,47.90,48.07,48.31,48.68,49.19,49.68,49.95,50.24,50.58,51.02,51.46,52.11,53.52,54.95,55.72,55.81,56.26,57.76,58.81,58.81,58.67,58.67,58.67,58.53,58.32,58.27,58.09,57.97,57.95,57.95,58.20,58.88,59.56,59.84,59.94,60.08,60.05,60.15,60.35,60.38,60.49,60.61,60.70,60.75,60.75,60.72,60.75,60.77,-327.68,-327.68,-327.68,-327.68,-327.68,
-327.68,-327.68,-327.68,-327.68,-327.68,59.52,59.42,59.35,59.30,59.14,58.86,58.62,58.44,58.46,58.41,58.53,58.53,58.67,58.74,58.67,58.62,58.74,58.67,58.67,58.55,58.53,58.48,58.53,58.53,58.46,58.48,58.51,58.51,58.44,58.37,58.09,57.73,57.55,57.59,57.62,57.64,57.76,57.88,58.09,58.25,58.41,58.58,58.62,58.67,58.81,58.74,58.48,57.97,57.13,56.73,56.42,56.07,54.98,53.59,52.87,52.35,51.97,51.63,51.26,50.80,50.58,50.22,49.83,49.41,49.17,49.12,49.19,49.39,49.51,49.22,48.85,48.49,48.12,47.68,47.26,47.01,47.09,46.94,46.96,47.16,47.51,47.71,47.78,46.14,45.82,47.21,47.19,47.16,46.91,46.07,45.27,45.27,45.44,45.77,45.84,46.07,46.39,46.49,46.39,46.27,46.27,46.32,46.39,46.44,46.69,46.76,47.21,47.41,47.19,46.74,46.29,46.09,45.77,45.84,46.49,46.66,46.84,46.79,46.94,47.29,47.51,47.78,47.88,47.68,47.51,47.51,47.41,47.26,47.06,45.72,45.62,46.07,46.39,46.61,47.06,47.46,47.95,48.02,47.75,47.88,48.10,47.95,47.68,47.68,47.66,47.66,47.01,47.36,48.05,48.75,49.19,49.46,49.68,49.63,49.41,49.31,49.00,48.83,48.34,48.10,48.17,48.44,48.61,48.58,48.34,48.05,47.88,47.43,47.31,47.34,47.21,47.41,47.43,47.53,47.63,47.78,48.05,48.17,48.34,48.68,48.95,48.95,48.78,48.83,49.05,49.41,49.85,50.14,49.95,49.83,48.80,46.14,42.64,41.47,41.47,41.47,42.13,44.65,48.39,49.53,50.14,50.00,50.07,49.83,49.53,49.05,48.51,48.29,48.56,48.58,48.27,48.17,48.19,48.07,47.88,47.51,46.66,46.27,46.49,47.16,47.46,47.51,47.56,47.73,48.29,48.29,48.17,48.00,47.80,47.95,48.12,48.27,48.31,48.31,48.12,47.31,45.84,46.24,47.41,47.80,47.90,47.68,47.41,46.99,46.99,46.07,46.91,47.31,47.51,47.41,47.19,46.71,46.59,47.06,47.24,47.09,46.41,45.87,45.64,45.62,45.59,45.77,45.82,45.99,46.07,46.02,45.92,45.84,45.64,45.22,44.85,44.65,45.12,46.07,46.79,47.29,47.53,47.53,47.21,47.09,47.43,47.92,47.56,46.46,46.46,46.32,45.79,44.65,45.54,46.24,46.56,46.89,47.16,47.56,47.88,47.56,47.43,47.41,46.32,44.57,43.78,43.68,44.20,45.52,46.54,46.69,46.69,46.81,46.99,47.21,47.34,47.80,48.12,47.88,47.41,46.46,45.99,46.41,46.96,47.46,47.78,47.90,47.88,47.75,47.75,47.88,48.24,48.70,49.14,49.53,49.97,50.34,50.63,51.22,51.73,52.32,53.71,55.22,55.86,56.02,56.38,57.78,58.84,58.88,58.77,58.70,58.67,58.53,58.37,58.20,58.16,58.02,58.04,58.02,58.25,59.05,59.66,59.77,59.91,60.03,60.22,60.19,60.42,60.38,60.54,60.61,60.77,60.93,61.00,61.04,61.02,61.00,-327.68,-327.68,-327.68,-327.68,-327.68,
-327.68,-327.68,-327.68,-327.68,-327.68,59.44,59.37,59.19,59.14,59.09,58.88,58.60,58.44,58.48,58.46,58.53,58.58,58.62,58.67,58.55,58.67,58.70,58.70,58.79,58.60,58.53,58.53,58.60,58.53,58.44,58.46,58.51,58.51,58.41,58.37,58.16,57.83,57.62,57.59,57.66,57.73,57.80,57.95,58.09,58.18,58.37,58.58,58.65,58.67,58.70,58.58,58.34,58.02,57.13,56.70,56.45,55.95,55.00,53.81,53.06,52.49,52.13,51.68,51.29,51.02,50.70,50.24,49.75,49.51,49.27,49.12,49.02,49.05,49.19,49.02,48.90,48.61,48.24,47.88,47.46,47.36,47.24,47.14,47.01,46.89,46.94,46.51,46.02,45.79,45.79,47.09,47.63,47.53,46.64,45.47,45.30,45.49,45.82,46.09,46.27,46.29,46.44,46.49,46.44,46.27,46.22,46.27,46.41,47.38,48.14,47.78,46.74,46.24,45.82,45.82,45.82,45.89,45.74,46.07,46.74,46.74,46.66,46.44,46.96,47.46,47.71,47.95,48.05,48.07,47.61,47.53,47.53,47.31,46.91,45.79,45.99,46.54,46.89,47.16,47.56,47.90,48.05,48.12,48.19,48.34,48.41,48.29,48.12,48.00,48.14,48.14,47.78,47.83,48.29,49.00,49.44,49.63,49.66,49.63,49.58,49.31,49.00,48.85,48.58,48.27,48.68,48.75,48.78,48.78,48.61,48.39,48.27,47.90,47.46,47.53,47.16,47.29,47.58,47.73,47.88,48.07,48.19,48.12,48.29,48.75,48.95,48.97,48.78,48.75,48.90,49.63,49.80,50.07,50.14,49.83,48.83,46.17,42.61,41.40,41.32,41.42,42.11,44.60,48.36,49.58,49.90,50.00,49.97,49.92,49.63,49.19,48.56,48.19,48.39,48.41,48.24,48.12,48.00,47.68,47.66,47.41,46.74,46.17,46.61,47.29,47.43,47.46,47.48,47.75,48.24,48.22,47.97,47.58,47.58,47.68,47.92,47.97,47.88,48.12,47.97,46.94,45.57,46.27,47.38,47.61,47.61,47.61,47.41,46.96,46.66,45.87,47.16,47.41,47.38,47.56,47.41,47.19,47.19,47.34,47.36,47.41,46.79,45.97,45.62,45.64,45.62,45.84,45.82,45.89,45.87,45.99,45.82,45.79,45.57,45.25,44.77,44.47,44.45,45.30,46.54,47.34,47.66,47.71,47.31,47.11,47.41,47.75,47.06,46.71,46.69,46.59,46.32,45.00,44.72,46.09,46.51,46.86,47.26,47.68,48.14,48.00,47.56,46.84,45.25,43.93,43.73,44.08,45.25,46.59,46.96,46.99,47.01,47.14,47.29,47.36,47.36,47.78,48.27,48.07,47.21,46.17,46.27,47.06,47.68,47.90,48.34,48.36,47.75,47.29,47.34,47.63,48.22,48.70,49.07,49.41,49.75,50.07,50.51,51.14,51.73,52.35,53.69,55.19,55.98,56.21,56.63,57.95,58.95,58.98,58.84,58.70,58.67,58.58,58.39,58.18,58.11,58.06,58.04,58.09,58.25,59.09,59.61,59.91,59.89,60.22,60.19,60.29,60.47,60.52,60.68,60.91,61.02,61.18,61.39,61.57,61.69,61.73,-327.68,-327.68,-327.68,-327.68,-327.68,
-327.68,-327.68,-327.68,-327.68,-327.68,59.54,59.47,59.23,59.09,59.05,58.86,58.58,58.44,58.39,58.48,58.55,58.48,58.62,58.70,58.67,58.67,58.72,58.72,58.72,58.53,58.44,58.51,58.55,58.53,58.58,58.46,58.41,58.46,58.41,58.39,58.18,57.78,57.57,57.59,57.64,57.83,57.92,57.90,58.02,58.18,58.46,58.55,58.65,58.72,58.79,58.72,58.53,57.97,57.15,56.63,56.42,56.00,54.93,53.59,52.95,52.42,52.08,51.82,51.46,51.12,50.63,50.12,49.75,49.36,49.09,49.09,48.92,48.78,48.95,48.88,48.70,48.53,48.22,47.83,47.56,47.41,47.19,47.01,46.96,46.86,46.69,46.17,46.27,46.44,46.69,47.09,47.63,47.41,46.04,45.27,45.25,45.59,45.87,46.24,46.39,46.49,46.61,46.64,46.41,46.07,45.94,45.84,46.17,47.83,48.56,48.56,48.00,46.76,45.82,45.77,45.97,45.79,45.94,46.02,46.44,46.89,46.34,45.97,46.69,47.34,47.75,48.05,48.22,48.29,47.75,47.48,47.41,47.11,46.27,46.09,46.44,46.84,47.19,47.41,47.73,48.14,48.34,48.44,48.49,48.70,48.68,48.56,48.49,48.46,48.36,48.61,48.63,48.39,48.56,49.19,49.63,49.80,49.80,49.63,49.46,49.19,48.88,48.78,48.53,48.63,48.73,48.97,49.00,49.00,48.83,48.68,48.44,48.05,47.63,47.31,47.19,47.63,47.71,48.12,47.90,48.24,48.56,48.51,48.36,48.68,49.05,49.31,49.29,49.34,49.63,49.88,50.00,50.31,50.24,50.00,48.88,46.22,42.56,41.34,41.45,41.60,42.08,44.52,48.29,49.58,49.90,50.05,49.97,49.85,49.66,49.29,48.78,48.34,48.36,48.41,48.19,48.07,48.00,47.80,47.88,47.61,47.11,46.29,46.86,47.46,47.51,47.43,47.48,47.61,47.61,47.01,46.27,45.97,47.16,47.53,47.63,47.88,47.68,47.73,47.66,46.76,45.32,45.89,47.06,47.41,47.46,47.56,47.34,46.89,46.44,45.84,46.91,47.24,47.41,47.41,47.34,47.21,47.14,47.19,47.29,47.29,46.71,45.74,45.25,45.17,45.30,45.47,45.62,45.67,45.59,45.77,45.74,45.52,45.32,44.95,44.72,44.42,44.50,45.59,46.56,46.86,46.99,46.94,46.84,47.01,47.34,47.46,46.89,46.91,46.94,46.74,46.32,45.30,43.85,44.72,46.27,46.91,47.38,47.92,48.49,48.31,47.16,45.84,44.67,43.85,43.68,44.35,45.74,46.69,46.86,46.96,47.14,47.24,47.24,47.19,47.16,47.61,48.29,48.12,46.84,46.44,46.86,47.21,47.41,47.63,48.02,48.07,47.26,46.76,46.89,47.43,48.02,48.34,48.85,49.17,49.61,50.00,50.61,51.07,51.56,52.35,53.66,55.22,56.07,56.31,56.75,58.02,58.98,58.98,58.81,58.81,58.81,58.58,58.37,58.27,58.18,58.09,58.06,58.06,58.20,58.95,59.63,59.94,60.08,60.12,60.33,60.47,60.54,60.77,60.91,61.07,61.39,61.66,62.08,62.47,62.74,62.95,-327.68,-327.68,-327.68,-327.68,-327.68,
-327.68,-327.68,-327.68,-327.68,-327.68,59.66,59.47,59.19,59.16,59.07,58.86,58.60,58.39,58.39,58.34,58.37,58.62,58.70,58.53,58.62,58.72,58.70,58.67,58.62,58.60,58.62,58.67,58.58,58.55,58.53,58.55,58.48,58.41,58.41,58.32,58.04,57.78,57.59,57.59,57.78,57.92,58.06,58.18,58.18,58.30,58.41,58.53,58.77,58.74,58.81,58.74,58.53,58.09,57.15,56.61,56.40,55.91,54.81,53.40,52.66,52.16,51.80,51.58,51.29,51.05,50.66,50.19,49.83,49.36,48.97,48.80,48.78,48.73,48.75,48.68,48.34,48.05,47.78,47.58,47.24,47.14,46.99,46.99,46.86,46.74,46.61,46.69,46.71,46.69,46.69,46.91,46.91,47.14,46.41,45.54,45.30,45.47,45.82,46.14,46.66,47.16,47.43,47.56,47.38,46.49,45.64,45.42,45.92,47.78,48.49,48.36,48.36,47.90,47.11,45.82,45.67,45.94,45.79,45.92,46.07,46.24,45.77,45.62,46.29,47.11,47.63,48.00,48.19,48.39,48.00,47.41,46.91,46.17,45.99,46.37,46.66,47.09,47.34,47.51,47.88,48.22,48.51,48.61,48.78,48.83,48.70,48.63,48.44,48.49,48.61,48.78,48.97,48.97,49.19,49.58,49.80,49.90,49.80,49.61,49.44,49.07,48.58,48.34,48.39,48.44,48.80,49.00,49.17,49.19,49.19,49.02,48.75,48.19,47.88,47.61,47.43,47.58,47.90,48.12,48.12,48.27,48.68,48.92,48.53,48.83,49.31,49.58,49.78,50.00,49.95,50.22,50.44,50.44,50.51,50.05,49.00,46.24,42.61,41.40,41.42,41.57,42.13,44.90,48.24,49.41,49.97,50.09,50.09,49.75,49.53,49.19,48.78,48.34,48.12,48.07,48.10,47.83,47.92,47.71,47.73,47.68,47.26,46.04,46.91,47.41,47.36,47.36,47.41,47.38,47.19,46.14,45.17,45.27,46.96,47.21,47.41,47.48,47.75,47.63,47.46,46.76,45.32,45.32,46.46,47.14,47.31,47.38,47.16,46.89,45.94,44.97,46.41,47.09,47.41,47.41,47.34,47.11,47.06,47.09,47.19,46.96,46.12,45.27,44.72,44.50,44.67,44.90,45.10,45.20,45.20,45.20,45.32,45.25,44.85,44.67,44.52,44.60,45.00,45.79,46.54,46.71,46.79,46.76,46.74,46.74,46.61,46.49,47.16,47.14,47.31,47.01,46.64,45.59,44.45,44.18,45.12,46.44,47.41,48.12,48.83,48.24,46.39,45.64,44.77,43.90,43.98,44.95,46.02,46.56,46.86,47.01,47.11,47.11,47.11,47.01,46.86,46.94,47.43,47.34,46.71,46.59,46.94,47.16,47.26,47.48,47.75,47.46,46.69,46.24,46.54,47.06,47.53,48.07,48.58,48.85,49.19,49.73,50.19,50.78,51.53,52.32,53.59,55.12,56.07,56.47,56.89,58.09,59.12,59.14,58.98,58.91,58.81,58.65,58.41,58.39,58.30,58.16,58.09,58.20,58.37,59.23,59.77,59.91,60.15,60.17,60.26,60.47,60.68,60.91,61.18,61.55,61.96,62.47,62.95,63.34,63.69,63.89,-327.68,-327.68,-327.68,-327.68,-327.68,
-327.68,-327.68,-327.68,-327.68,-327.68,59.84,59.66,59.23,59.09,58.98,58.91,58.79,58.48,58.39,58.41,58.34,58.58,58.53,58.53,58.53,58.53,58.67,58.65,58.62,58.62,58.51,58.48,58.58,58.62,58.55,58.53,58.48,58.51,58.46,58.25,58.02,57.71,57.50,57.50,57.64,57.95,58.25,58.20,58.09,58.18,58.41,58.60,58.77,58.67,58.67,58.72,58.53,57.99,57.08,56.59,56.35,55.69,54.59,53.16,52.32,51.65,51.41,51.31,51.17,50.95,50.53,50.05,49.56,49.07,48.63,48.34,48.19,48.12,48.17,48.17,48.05,47.90,47.43,47.06,46.81,46.69,46.49,46.32,46.29,46.27,46.44,46.54,46.56,46.64,46.51,46.64,46.84,47.14,46.99,46.66,45.54,45.00,45.59,46.51,46.89,47.06,47.19,47.24,47.29,46.46,45.30,44.87,45.67,47.58,48.27,48.24,48.27,48.14,48.00,46.37,45.79,46.17,45.64,45.62,45.72,45.62,45.52,45.54,45.94,46.69,47.36,47.90,48.14,48.22,48.22,46.86,46.14,45.84,45.92,46.27,46.56,46.81,47.01,47.24,47.75,48.12,48.44,48.49,48.70,48.75,48.63,48.56,48.22,48.24,48.56,48.95,49.19,49.29,49.63,49.78,49.78,49.88,49.73,49.53,49.27,48.88,48.36,48.10,48.31,48.41,48.73,48.83,49.07,49.24,49.24,49.14,48.95,48.27,47.80,47.75,47.51,47.71,47.80,47.92,48.14,48.29,48.53,48.75,48.70,48.85,49.14,49.44,49.78,49.95,50.09,50.27,50.53,50.58,50.68,50.27,49.12,46.54,42.66,41.42,41.42,41.45,41.95,44.85,48.14,49.51,50.00,50.00,50.00,49.80,49.41,49.02,48.58,48.19,47.83,47.66,47.78,47.61,47.61,47.48,47.71,47.66,47.43,46.12,47.06,47.29,47.34,47.34,47.24,47.11,46.54,45.52,44.97,45.15,46.56,47.09,47.24,47.26,47.41,47.38,47.31,46.49,45.05,44.62,45.67,46.64,47.01,46.99,46.91,46.44,45.17,44.57,45.52,46.94,47.24,47.43,47.41,47.34,46.99,46.86,46.81,46.51,45.32,44.72,44.33,44.05,44.03,44.38,44.70,44.87,44.75,44.92,45.05,45.22,45.05,44.72,44.30,45.25,46.24,46.41,46.49,46.56,46.59,46.54,46.41,45.77,44.87,46.09,47.41,47.58,47.41,47.19,46.79,45.82,45.25,45.49,45.89,46.29,46.69,47.21,47.95,48.17,46.74,45.47,44.72,44.25,44.85,45.87,46.22,46.37,46.61,46.84,46.94,46.94,46.84,46.59,46.44,46.37,46.32,46.46,46.64,46.71,46.84,46.99,47.16,47.29,47.16,46.64,46.09,46.02,46.54,46.94,47.16,47.51,48.10,48.34,48.68,49.24,49.83,50.39,51.07,51.87,53.26,54.98,56.07,56.52,57.01,58.20,59.16,59.19,58.95,58.81,58.91,58.81,58.53,58.39,58.20,58.13,58.06,58.13,58.39,59.05,59.63,59.73,60.12,60.24,60.38,60.58,60.81,61.04,61.37,61.80,62.51,63.11,63.59,64.01,64.28,64.47,-327.68,-327.68,-327.68,-327.68,-327.68,
-327.68,-327.68,-327.68,-327.68,-327.68,60.01,59.87,59.37,58.93,58.79,58.84,58.70,58.44,58.39,58.25,58.32,58.53,58.58,58.70,58.62,58.53,58.65,58.60,58.55,58.46,58.53,58.53,58.51,58.41,58.41,58.48,58.44,58.44,58.37,58.18,58.02,57.73,57.50,57.59,57.76,57.95,58.20,58.20,58.16,58.32,58.48,58.60,58.70,58.79,58.95,58.95,58.67,58.11,57.13,56.52,56.21,55.62,54.43,52.61,51.26,50.66,50.58,50.70,50.95,50.85,50.41,49.83,49.29,48.56,47.88,47.53,47.21,47.11,47.29,47.43,47.58,47.38,47.06,46.76,46.51,46.07,45.79,45.62,45.49,45.57,46.27,46.41,46.39,46.46,46.39,46.44,46.56,47.14,47.01,46.96,46.34,45.27,45.59,46.54,46.84,46.91,47.09,47.21,47.16,46.07,45.02,44.80,45.49,47.36,48.12,48.12,48.07,48.12,47.90,47.21,46.69,47.16,45.77,45.30,45.17,45.12,45.05,45.20,45.39,45.94,46.84,47.75,48.10,48.17,48.05,46.27,45.84,45.77,45.74,45.99,46.32,46.37,46.51,46.91,47.51,47.95,48.19,48.14,48.29,48.14,47.80,47.80,47.71,47.80,48.19,48.73,49.02,49.27,49.61,49.66,49.80,49.83,49.70,49.27,48.70,48.29,47.90,48.12,48.17,48.36,48.56,48.75,48.90,49.22,49.24,48.90,48.46,47.90,47.41,47.51,47.58,47.88,47.97,48.02,48.24,48.53,48.75,48.80,48.61,48.19,48.56,48.80,49.19,49.05,49.68,50.24,50.56,50.73,50.78,50.44,49.39,46.81,42.89,41.32,41.45,41.42,41.90,44.82,48.24,49.61,50.00,50.07,50.00,49.66,49.22,48.49,48.00,47.29,47.16,47.21,47.29,47.31,47.01,46.94,47.24,47.43,47.31,46.59,46.91,46.99,47.09,47.06,46.94,46.54,45.89,45.20,45.30,45.44,46.02,46.71,47.16,47.06,47.26,47.14,46.81,45.57,44.65,44.35,44.65,45.62,46.37,46.74,46.54,46.04,44.52,44.47,45.05,46.37,47.16,47.53,47.61,47.43,47.16,46.69,46.29,45.15,44.08,44.13,44.25,43.55,43.07,43.45,44.20,44.47,44.52,44.87,45.62,46.22,46.34,45.54,44.92,45.84,46.41,46.29,46.39,46.39,46.27,45.87,45.22,44.50,44.20,46.49,47.90,48.02,47.80,47.43,47.01,45.99,45.77,45.94,46.12,46.29,46.54,46.91,47.43,47.56,46.41,45.32,44.90,45.02,45.44,45.57,45.94,46.27,46.49,46.59,46.69,46.39,45.77,45.64,45.89,45.97,46.14,46.29,46.44,46.54,46.71,46.84,46.91,46.61,45.57,44.87,45.52,46.04,46.39,46.61,46.86,47.21,47.53,47.90,48.41,48.95,49.31,49.80,50.36,51.39,53.02,54.83,56.09,56.63,57.13,58.27,59.23,59.26,59.07,58.93,58.95,58.84,58.58,58.39,58.25,58.06,57.99,58.09,58.25,59.19,59.75,59.91,60.01,60.19,60.40,60.68,61.04,61.27,61.85,62.33,63.02,63.69,64.14,64.42,64.65,64.85,-327.68,-327.68,-327.68,-327.68,-327.68,
-327.68,-327.68,-327.68,-327.68,-327.68,60.29,60.15,59.52,58.91,58.60,58.53,58.39,58.25,58.27,58.16,58.25,58.44,58.60,58.67,58.48,58.53,58.67,58.48,58.58,58.58,58.62,58.55,58.53,58.51,58.48,58.48,58.39,58.39,58.46,58.39,58.13,57.80,57.62,57.64,57.78,58.09,58.37,58.25,58.13,58.32,58.46,58.67,58.86,58.93,59.05,58.95,58.79,58.41,57.36,56.49,56.24,55.67,54.43,51.94,49.19,48.53,48.51,48.83,50.44,50.58,50.22,49.68,48.97,47.73,46.51,46.04,45.44,45.15,45.25,45.92,46.61,46.84,46.71,46.51,46.27,45.87,45.54,45.10,44.30,44.62,46.02,46.34,46.37,46.41,46.32,46.27,46.17,46.69,46.81,46.64,46.41,45.79,45.44,46.54,46.74,46.84,46.86,47.09,47.41,46.99,45.62,44.75,44.82,46.81,47.73,47.95,47.78,47.88,47.71,47.66,47.95,47.75,46.46,45.05,44.23,44.23,44.30,44.40,44.60,45.22,46.09,46.91,47.58,47.68,47.36,46.14,45.17,45.07,45.22,45.57,45.42,45.02,45.67,46.79,47.21,47.58,47.83,47.68,47.71,46.51,46.39,46.64,46.34,46.91,47.31,47.83,48.10,49.19,49.56,49.66,49.66,49.75,49.63,48.63,47.11,47.06,46.76,47.68,47.61,48.19,48.41,48.49,48.63,49.05,49.14,48.34,47.16,46.44,45.69,46.09,47.16,47.88,48.19,48.22,48.41,48.88,49.19,48.92,48.05,46.71,46.27,46.71,47.53,47.16,48.75,50.27,50.70,50.95,51.05,50.61,49.97,47.01,42.74,41.42,41.40,41.47,42.18,44.82,48.39,49.73,50.07,50.19,50.07,49.73,48.39,46.54,45.62,45.20,45.15,46.56,47.01,46.86,46.59,46.22,46.37,46.61,46.69,46.69,46.39,46.59,46.71,46.76,46.49,45.94,45.57,45.57,46.04,46.27,46.27,46.61,46.99,46.91,47.01,46.96,45.82,44.65,45.20,44.80,44.52,44.90,45.69,46.59,46.44,46.02,45.05,44.97,45.57,45.99,46.91,47.63,47.83,47.63,47.16,46.44,45.84,44.28,43.45,44.47,45.69,43.93,42.54,43.07,43.98,44.25,44.90,45.97,46.56,46.84,46.69,46.29,45.84,45.99,46.02,45.77,45.82,45.97,45.69,44.80,44.03,44.23,45.47,47.16,48.34,48.44,48.27,47.58,46.39,45.69,45.77,45.87,46.27,46.29,46.51,46.89,47.16,46.81,45.72,45.22,44.80,44.72,44.82,44.85,45.22,45.59,45.64,45.54,45.39,44.30,43.27,44.28,45.27,45.64,45.79,45.89,46.09,46.44,46.64,46.69,46.64,45.79,44.15,43.98,45.12,45.74,45.87,46.22,46.56,46.81,47.11,47.53,48.07,48.41,48.61,49.05,49.80,50.92,52.59,54.55,55.93,56.54,57.17,58.39,59.21,59.16,59.05,59.00,58.98,58.74,58.58,58.51,58.30,58.11,58.06,58.11,58.39,59.30,59.63,59.89,60.10,60.24,60.45,60.79,61.20,61.53,62.15,62.70,63.41,64.03,64.51,64.69,64.83,64.96,-327.68,-327.68,-327.68,-327.68,-327.68,
-327.68,-327.68,-327.68,-327.68,-327.68,60.35,60.19,59.77,59.05,58.39,58.32,58.41,58.46,58.39,58.37,58.41,58.51,58.48,58.48,58.55,58.53,58.58,58.39,58.53,58.55,58.53,58.62,58.55,58.53,58.39,58.41,58.44,58.41,58.41,58.39,58.25,57.90,57.57,57.55,57.69,57.95,58.27,58.25,58.13,58.32,58.48,58.70,58.95,59.05,59.09,59.07,58.81,58.41,57.38,56.54,56.16,55.57,54.35,51.70,48.75,48.19,48.12,48.41,50.19,50.41,50.05,49.44,48.68,47.41,46.59,46.39,45.57,44.80,44.72,45.22,45.89,46.27,46.39,46.29,45.97,45.79,45.42,45.10,43.88,44.52,45.82,46.22,46.24,46.32,46.14,46.02,45.54,45.92,46.39,46.27,46.02,45.84,45.74,46.41,46.51,46.66,46.54,46.69,47.24,47.46,47.01,45.87,44.75,45.99,47.31,47.58,47.58,47.53,47.41,47.75,47.83,47.68,47.14,45.07,43.65,43.33,43.55,43.58,43.83,44.90,45.74,46.02,46.54,46.79,46.69,46.12,44.80,44.72,44.85,45.00,44.13,43.60,44.50,46.66,46.79,47.16,47.48,47.38,47.21,45.52,45.15,45.47,45.12,46.17,45.97,46.91,47.43,49.02,49.31,49.61,49.63,49.78,49.63,48.53,46.41,46.07,45.97,46.17,46.29,47.78,48.10,48.31,48.56,49.02,49.09,48.10,46.49,45.22,44.25,44.40,45.27,46.89,48.34,48.75,48.83,49.00,49.29,48.78,47.80,46.02,45.10,45.20,46.02,46.07,48.34,50.51,50.95,51.24,51.29,50.83,50.05,46.59,42.72,41.40,41.45,41.50,42.16,44.77,48.58,49.92,50.27,50.48,50.27,49.80,48.00,44.47,43.95,43.38,43.65,45.57,47.06,46.96,46.56,46.02,45.92,45.67,45.10,45.39,45.82,46.34,46.41,46.04,45.74,45.59,45.59,45.82,46.61,47.06,47.09,46.91,46.94,46.71,46.89,46.96,46.14,46.02,46.09,45.25,44.85,45.49,46.44,46.86,46.69,46.27,45.79,45.44,45.62,45.67,46.24,47.56,48.10,47.66,46.79,46.02,45.30,43.90,43.73,46.09,47.80,46.24,43.75,43.20,44.00,44.42,46.07,47.16,47.01,47.06,46.76,46.61,46.17,45.79,45.62,45.59,45.89,46.09,46.02,45.32,44.42,44.80,46.02,47.43,48.73,48.85,48.29,46.61,45.30,45.10,45.47,45.74,46.04,46.14,46.39,46.49,45.99,45.44,45.15,45.05,44.52,44.57,44.45,44.52,44.70,44.75,44.70,44.47,44.10,43.35,42.36,42.94,44.45,45.20,45.54,45.62,45.84,46.04,46.37,46.51,46.44,45.35,43.65,43.33,43.95,45.00,45.64,45.87,46.17,46.54,46.91,47.41,47.90,48.14,48.29,48.58,49.29,50.51,52.32,54.43,55.79,56.56,57.20,58.46,59.47,59.44,59.19,59.09,59.12,58.91,58.60,58.46,58.41,58.25,58.18,58.06,58.46,59.26,59.77,59.84,60.10,60.33,60.61,60.95,61.32,61.85,62.49,63.11,63.78,64.33,64.65,64.78,64.96,65.10,-327.68,-327.68,-327.68,-327.68,-327.68,
-327.68,-327.68,-327.68,-327.68,-327.68,60.77,60.45,59.98,59.44,58.77,58.53,58.60,58.60,58.51,58.51,58.48,58.51,58.41,58.53,58.55,58.55,58.60,58.46,58.51,58.46,58.51,58.51,58.55,58.62,58.55,58.51,58.48,58.41,58.39,58.32,58.09,57.78,57.62,57.57,57.71,57.95,58.27,58.25,58.18,58.27,58.46,58.72,58.98,59.05,59.09,59.14,58.91,58.46,57.41,56.47,56.05,55.43,54.26,51.68,48.53,47.80,47.78,48.12,49.92,50.07,49.70,49.17,48.29,47.21,46.51,46.29,45.69,44.95,44.42,44.90,45.72,46.04,46.02,46.09,46.02,45.82,45.39,45.07,44.30,44.92,45.67,45.97,46.09,46.17,46.02,45.67,45.25,45.47,45.89,45.92,45.74,45.77,45.84,46.07,46.41,46.27,45.92,45.82,46.56,47.16,46.99,46.71,45.94,45.05,46.17,47.14,47.21,47.16,47.16,47.58,47.46,47.34,47.09,45.10,44.65,43.73,43.40,43.17,43.35,44.70,45.57,45.72,46.02,46.46,46.59,46.39,45.39,45.17,44.75,44.00,43.35,43.25,44.47,46.41,46.54,46.96,47.43,47.46,47.26,45.42,44.33,44.47,44.70,45.02,44.77,45.99,47.41,48.80,49.02,49.41,49.61,49.66,49.63,48.80,46.22,44.87,44.57,44.42,45.32,47.31,47.56,48.14,48.53,48.90,49.00,47.88,45.79,44.00,43.93,43.45,43.55,45.30,47.63,48.53,48.56,48.68,49.02,48.80,47.90,45.94,44.75,44.28,44.87,45.97,48.56,50.58,51.14,51.29,51.22,50.87,49.80,47.19,42.79,41.40,41.40,41.45,42.11,44.77,48.70,49.97,50.51,50.58,50.39,49.88,47.21,44.52,43.98,43.05,42.94,45.57,47.16,47.16,46.79,46.44,46.29,45.79,44.80,44.62,45.72,46.41,46.22,45.74,45.39,45.35,45.57,45.54,46.59,47.31,47.24,47.11,46.96,46.79,46.86,46.99,47.09,46.76,46.17,45.49,45.74,46.91,47.06,47.11,46.89,46.54,46.17,45.74,45.57,45.57,45.74,46.74,47.51,46.84,46.09,45.47,44.87,44.03,45.02,47.78,48.29,48.07,46.49,44.33,44.25,45.15,47.24,47.43,47.16,47.09,46.86,46.71,46.29,45.79,45.67,45.72,46.02,46.32,46.44,46.37,45.82,44.80,45.17,46.66,48.27,48.34,46.91,45.20,44.85,44.67,44.65,45.12,45.49,45.69,45.82,45.77,45.42,45.25,45.35,45.15,44.50,44.72,44.85,45.17,45.30,45.17,45.00,44.82,44.50,43.68,42.94,43.58,44.52,44.92,45.15,45.30,45.64,45.94,46.34,46.54,46.59,45.54,43.60,43.43,44.08,44.92,45.67,45.82,45.97,46.44,46.96,47.48,47.83,48.10,48.27,48.56,49.29,50.53,52.40,54.45,55.79,56.40,57.13,58.37,59.33,59.37,59.28,59.19,59.12,58.95,58.70,58.53,58.34,58.13,58.11,58.09,58.44,59.26,59.63,59.87,60.12,60.40,60.63,60.95,61.53,62.05,62.67,63.41,63.94,64.51,64.78,64.85,64.99,65.10,-327.68,-327.68,-327.68,-327.68,-327.68,
-327.68,-327.68,-327.68,-327.68,-327.68,60.97,60.77,60.29,59.75,59.09,58.70,58.70,58.55,58.37,58.39,58.46,58.46,58.48,58.48,58.46,58.46,58.53,58.53,58.53,58.39,58.55,58.39,58.46,58.48,58.53,58.46,58.46,58.48,58.37,58.32,58.09,57.78,57.57,57.57,57.69,57.88,58.06,58.09,58.13,58.25,58.44,58.70,59.07,59.09,59.09,59.09,58.86,58.41,57.31,56.38,55.98,55.43,54.26,51.65,48.41,47.63,47.51,48.14,49.75,49.95,49.58,48.95,48.07,46.94,46.27,45.99,45.67,45.32,45.15,45.59,46.27,46.51,46.46,46.29,46.09,45.82,45.44,45.17,44.95,45.35,45.67,45.42,45.72,45.89,45.92,45.67,45.57,45.44,45.10,45.17,45.49,45.67,45.77,45.79,46.02,45.72,45.15,45.17,45.94,46.71,46.74,46.54,46.49,45.54,44.62,45.64,46.64,46.99,47.16,47.38,47.16,46.99,46.76,45.59,46.07,44.45,43.95,43.68,43.80,44.82,45.57,45.62,45.82,46.51,46.66,46.59,45.77,45.39,44.57,44.35,43.80,43.75,45.22,46.61,46.74,47.14,47.58,47.68,47.41,45.64,44.03,43.80,44.30,43.98,44.20,44.92,46.84,48.39,48.78,49.22,49.53,49.66,49.75,48.88,46.44,44.00,43.98,44.23,45.17,46.91,46.99,47.66,48.51,48.80,48.78,47.46,44.40,43.02,43.40,43.50,44.33,45.12,46.96,48.02,48.19,48.56,48.95,48.97,48.24,45.62,44.05,43.40,44.10,45.94,48.56,50.70,51.29,51.29,51.17,50.95,49.83,47.16,43.12,41.42,41.40,41.40,41.85,44.70,48.53,49.97,50.48,50.48,50.46,49.90,47.34,44.87,44.25,43.20,43.25,45.82,47.26,47.26,47.06,46.91,47.01,46.61,46.12,45.79,46.17,46.27,46.14,46.32,46.27,45.62,45.42,45.42,46.44,47.29,47.19,47.21,47.06,46.89,46.91,46.91,47.09,46.91,46.17,45.92,46.94,47.46,47.29,47.29,46.96,46.89,46.49,45.89,45.59,45.77,45.89,46.17,45.82,45.35,45.05,44.90,44.77,44.95,46.89,47.90,47.97,48.02,47.71,46.24,44.80,45.30,47.24,47.43,47.11,47.09,46.94,46.71,46.14,45.67,45.59,45.87,46.14,46.32,46.49,46.61,46.79,45.99,45.44,46.04,46.76,46.71,45.47,44.65,45.02,45.12,44.62,44.80,45.07,45.27,45.72,46.17,46.39,46.34,46.22,45.62,44.40,44.87,45.15,45.35,45.67,45.79,45.62,45.22,44.90,44.38,44.20,45.00,45.44,45.22,45.05,45.15,45.49,45.74,46.04,46.39,46.76,46.54,45.42,45.17,45.79,45.92,45.84,45.84,46.02,46.37,46.94,47.56,47.95,48.19,48.44,48.83,49.63,50.66,52.28,54.33,55.69,56.28,56.96,58.39,59.35,59.37,59.33,59.12,59.05,58.98,58.77,58.58,58.46,58.18,58.09,58.13,58.41,59.21,59.73,59.89,60.08,60.42,60.65,61.02,61.66,62.28,62.90,63.57,64.21,64.54,64.74,64.87,64.99,65.03,-327.68,-327.68,-327.68,-327.68,-327.68,
-327.68,-327.68,-327.68,-327.68,-327.68,61.00,60.91,60.35,59.89,59.30,58.93,58.60,58.46,58.39,58.39,58.39,58.39,58.44,58.48,58.39,58.51,58.39,58.55,58.48,58.41,58.48,58.20,58.41,58.44,58.51,58.48,58.44,58.53,58.46,58.30,58.09,57.78,57.57,57.55,57.64,57.78,57.85,57.95,58.09,58.25,58.48,58.74,58.95,58.95,58.95,58.91,58.67,58.13,57.10,56.24,55.81,55.24,53.92,51.26,48.63,47.90,47.58,48.27,49.70,49.88,49.41,48.73,47.92,46.71,45.89,45.74,45.57,45.59,46.17,46.59,46.76,46.79,46.64,46.51,46.39,45.92,45.15,45.10,45.07,45.44,44.97,44.65,45.47,45.72,45.99,45.82,45.79,45.47,44.28,44.23,45.59,45.69,45.64,45.84,46.04,46.04,45.39,45.05,45.44,46.22,46.46,46.44,46.37,45.97,44.60,44.92,46.27,46.96,47.24,47.19,47.38,47.29,46.54,46.17,46.69,45.82,45.62,45.47,45.10,45.44,45.79,45.72,45.99,46.59,46.81,46.66,45.12,44.85,44.65,45.17,44.52,44.23,45.27,46.84,47.21,47.66,47.88,47.80,47.58,45.74,44.28,43.88,44.30,44.13,43.68,44.33,46.39,48.29,48.61,49.17,49.56,49.75,49.73,48.97,46.61,43.53,44.28,44.65,44.95,46.89,46.89,47.29,48.34,48.90,48.90,47.58,44.72,43.00,43.35,44.18,44.97,44.90,46.91,48.05,48.34,48.63,49.09,49.19,48.29,45.92,44.50,44.15,44.50,45.54,48.73,50.83,51.46,51.39,51.22,50.92,49.68,47.09,43.07,41.52,41.40,41.45,41.80,44.65,48.41,49.90,50.36,50.56,50.58,49.97,47.75,45.49,44.52,44.13,44.33,46.12,47.29,47.34,47.31,47.41,47.24,46.99,46.76,46.56,46.22,45.49,45.59,46.56,46.91,46.27,45.67,46.12,47.06,47.36,47.36,47.21,47.09,46.99,47.01,46.91,47.16,47.14,46.66,46.81,47.48,47.56,47.43,47.38,47.21,47.09,46.66,46.04,45.79,45.97,46.02,46.22,45.67,44.95,44.80,44.72,44.95,46.14,47.34,47.61,47.73,47.75,47.61,47.19,45.57,44.92,45.57,46.56,46.71,46.84,46.76,46.69,46.44,45.94,45.64,45.89,46.17,46.32,46.51,46.71,47.01,47.01,46.56,46.41,46.34,46.09,45.05,44.15,45.20,45.79,45.72,45.44,45.57,45.92,46.51,46.91,47.01,46.81,46.59,45.79,44.50,45.10,45.47,45.72,46.04,46.34,46.22,45.62,45.30,45.64,46.44,47.01,46.81,46.04,45.30,45.12,45.39,45.64,45.92,46.24,46.66,47.36,47.68,47.66,47.51,46.89,46.04,45.89,46.12,46.39,46.86,47.51,48.07,48.34,48.39,48.75,49.63,50.78,52.44,54.38,55.62,56.19,56.87,58.30,59.37,59.42,59.30,59.14,59.14,59.07,58.79,58.67,58.51,58.32,58.20,58.11,58.46,59.21,59.61,59.91,59.96,60.33,60.65,61.02,61.66,62.31,62.93,63.69,64.26,64.56,64.72,64.83,64.94,65.01,-327.68,-327.68,-327.68,-327.68,-327.68,
-327.68,-327.68,-327.68,-327.68,-327.68,61.07,61.09,60.72,60.10,59.73,59.19,58.65,58.51,58.39,58.39,58.32,58.39,58.39,58.46,58.39,58.51,58.44,58.51,58.53,58.39,58.44,58.39,58.55,58.55,58.53,58.53,58.46,58.53,58.46,58.27,58.09,57.80,57.64,57.57,57.62,57.71,57.76,57.78,58.02,58.27,58.48,58.67,58.81,58.81,58.86,58.77,58.46,57.95,56.96,56.09,55.69,55.29,54.33,52.16,49.53,48.39,47.90,48.49,49.68,49.80,49.24,48.51,47.61,46.56,45.82,45.72,45.67,46.09,46.84,47.01,46.91,46.86,46.74,46.69,46.49,46.07,45.27,45.27,45.30,45.27,44.28,44.38,45.35,45.77,46.02,45.94,46.04,45.57,44.70,44.80,45.77,45.79,45.64,45.82,46.22,46.41,46.14,45.42,45.27,45.69,46.12,46.29,46.24,45.99,45.77,45.87,46.49,46.96,47.21,47.19,47.41,48.00,47.31,46.59,47.09,47.26,47.48,47.90,48.19,47.80,46.66,45.79,45.99,46.54,46.89,46.69,44.62,44.23,45.20,45.02,44.23,44.40,45.72,47.06,47.53,47.90,48.02,47.95,47.63,45.79,44.82,44.30,44.35,44.47,45.02,45.05,46.24,48.22,48.63,49.12,49.56,49.83,49.80,48.70,46.27,43.93,45.10,45.10,45.62,47.21,47.26,47.73,48.53,48.92,48.90,48.05,45.64,44.13,44.23,44.80,45.17,45.47,47.46,48.19,48.36,48.80,49.24,49.44,48.56,46.22,44.95,45.69,46.02,46.22,49.07,51.02,51.48,51.34,51.17,50.66,49.39,46.66,42.92,41.42,41.27,41.37,41.78,44.60,48.31,49.75,50.34,50.41,50.48,49.88,48.12,46.17,45.39,45.15,45.17,46.24,47.19,47.51,47.63,47.61,47.29,47.19,47.01,46.61,46.02,44.62,44.77,46.39,46.74,46.54,46.49,47.14,47.41,47.58,47.56,47.36,47.24,47.16,47.26,47.16,47.24,47.26,47.16,47.31,47.63,47.63,47.63,47.48,47.41,47.14,46.71,46.07,45.72,46.12,46.17,46.27,46.09,45.27,44.82,44.60,45.15,46.54,47.29,47.48,47.56,47.61,47.46,47.29,45.89,44.60,44.42,44.90,45.17,45.87,46.24,46.56,46.66,46.49,45.94,45.77,46.04,46.24,46.49,46.79,47.06,47.31,47.16,46.81,46.69,46.37,45.59,45.02,45.52,45.77,46.22,45.92,46.24,46.71,46.96,47.09,47.16,46.94,46.66,45.57,44.57,45.12,45.67,46.09,46.54,46.96,46.91,46.04,45.79,47.16,48.41,48.49,47.97,47.29,46.49,45.77,45.42,45.49,45.74,45.94,46.41,47.80,48.53,48.34,47.83,47.01,46.29,46.02,46.24,46.51,47.11,47.95,48.58,48.90,48.95,49.27,50.19,51.31,52.78,54.43,55.48,56.00,56.70,58.25,59.44,59.59,59.44,59.26,59.23,59.09,58.84,58.70,58.48,58.34,58.18,58.09,58.46,59.19,59.54,59.84,59.91,60.24,60.70,61.02,61.64,62.35,63.04,63.82,64.31,64.51,64.74,64.87,64.96,65.03,-327.68,-327.68,-327.68,-327.68,-327.68,
-327.68,-327.68,-327.68,-327.68,-327.68,61.02,61.04,60.97,60.38,59.96,59.42,58.84,58.48,58.39,58.41,58.27,58.39,58.48,58.39,58.51,58.48,58.55,58.48,58.51,58.39,58.44,58.55,58.46,58.53,58.48,58.51,58.46,58.48,58.44,58.32,58.09,57.78,57.62,57.52,57.55,57.66,57.69,57.76,57.99,58.27,58.48,58.60,58.65,58.60,58.72,58.74,58.48,57.97,56.96,55.93,55.53,55.24,54.45,52.68,51.14,50.07,49.31,49.24,49.83,49.80,48.97,48.10,47.19,46.56,46.07,45.82,46.07,47.19,47.53,47.19,47.01,46.91,46.81,46.84,46.59,46.22,45.82,45.77,45.52,45.27,44.72,44.70,45.54,45.77,46.07,46.22,46.29,45.92,45.92,46.02,46.24,46.24,45.89,45.69,46.29,46.84,47.09,46.86,46.56,46.37,46.02,45.87,46.02,46.07,46.02,46.02,46.69,46.96,47.19,47.24,47.53,48.27,48.56,46.91,47.19,47.58,47.92,48.34,48.75,48.97,48.63,46.79,46.07,46.56,46.91,46.76,44.82,44.10,44.67,43.90,45.00,45.05,46.04,47.41,47.92,48.07,48.10,47.90,47.66,45.94,44.35,44.23,45.12,45.30,45.54,45.44,46.29,48.05,48.56,49.14,49.66,49.88,49.80,48.51,46.46,46.64,47.29,46.84,46.24,47.61,47.97,48.22,48.63,48.85,48.78,47.95,46.44,45.59,45.52,46.07,46.91,47.26,47.95,48.31,48.61,49.00,49.39,49.51,49.36,48.49,47.80,48.19,48.78,49.51,50.61,51.31,51.24,51.19,51.05,50.44,49.29,46.54,42.79,41.45,41.40,41.45,41.78,44.00,48.02,49.46,50.00,50.19,50.27,50.09,49.68,49.19,48.56,48.05,47.63,47.24,47.26,47.90,47.97,47.58,47.46,47.26,47.21,46.69,46.14,45.54,45.74,46.56,46.64,46.09,46.99,47.78,47.75,47.78,47.68,47.41,47.43,47.36,47.46,47.34,47.34,47.38,47.16,46.99,47.16,47.38,47.58,47.61,47.51,47.16,46.76,46.27,45.15,45.79,46.24,46.29,46.14,45.57,45.00,44.75,45.47,46.66,47.19,47.41,47.48,47.51,47.38,47.19,45.97,44.40,44.10,44.05,44.03,44.85,46.29,46.76,46.94,46.84,46.44,45.62,45.30,45.77,46.12,46.29,46.86,47.29,47.34,47.16,46.89,46.74,46.44,46.39,46.22,46.02,46.27,46.37,47.16,47.48,47.31,47.16,47.24,47.06,46.71,46.02,45.22,45.32,45.94,46.56,47.16,47.71,47.61,46.54,46.27,47.83,48.73,48.39,48.05,47.78,47.38,46.41,45.42,45.02,45.30,45.82,46.84,48.34,48.95,48.56,48.02,47.21,46.32,46.29,46.69,47.09,47.88,48.78,49.17,49.63,49.97,50.51,51.24,51.94,53.06,54.52,55.43,55.81,56.49,58.16,59.54,59.70,59.52,59.37,59.26,59.09,58.86,58.79,58.48,58.34,58.11,58.04,58.51,59.19,59.63,59.77,60.03,60.29,60.61,61.00,61.62,62.26,63.02,63.75,64.28,64.51,64.63,64.76,64.85,64.94,-327.68,-327.68,-327.68,-327.68,-327.68,
-327.68,-327.68,-327.68,-327.68,-327.68,60.77,60.91,61.02,60.70,60.19,59.73,59.26,58.67,58.48,58.37,58.32,58.41,58.53,58.41,58.51,58.44,58.51,58.51,58.55,58.48,58.51,58.58,58.53,58.53,58.39,58.44,58.48,58.53,58.44,58.30,58.09,57.78,57.59,57.52,57.59,57.66,57.69,57.78,57.99,58.25,58.41,58.53,58.65,58.62,58.67,58.70,58.46,58.02,56.94,55.72,55.29,55.07,54.47,53.04,51.97,51.24,50.51,50.14,50.09,49.56,48.46,47.58,46.91,46.49,46.29,46.22,47.01,47.97,47.80,47.41,47.16,46.96,46.84,46.69,46.51,46.14,46.02,45.92,45.62,45.44,45.00,44.97,45.57,45.87,46.09,46.32,46.32,46.27,46.46,46.51,46.49,46.61,46.34,45.59,46.07,47.51,47.56,47.21,46.96,46.89,46.66,46.39,46.17,46.02,46.09,45.84,46.44,46.74,46.86,47.16,47.71,48.36,47.92,47.01,47.34,47.73,48.07,48.41,48.78,49.12,49.41,48.17,46.54,46.41,46.94,46.76,46.14,46.02,46.04,45.92,46.29,46.49,46.86,47.56,48.07,48.24,48.17,48.19,48.17,47.63,47.16,46.94,46.99,46.99,46.79,47.06,47.16,47.90,48.39,49.00,49.51,49.83,49.68,49.36,49.00,49.00,48.80,48.56,47.92,47.95,47.92,48.24,48.31,48.56,48.63,48.46,48.07,47.71,47.71,47.88,48.14,48.19,48.46,48.46,48.41,48.85,49.29,49.56,49.75,49.85,50.00,50.12,50.41,50.83,51.34,51.31,51.26,51.17,51.05,50.31,49.29,46.49,42.74,41.40,41.37,41.40,41.67,43.80,47.88,49.39,49.97,50.02,50.12,50.14,50.07,49.80,49.22,48.56,48.00,47.41,47.43,48.39,48.17,47.68,47.63,47.26,47.01,46.49,45.89,45.49,45.79,46.69,46.99,46.99,47.68,48.00,48.02,47.80,47.63,47.63,47.41,47.36,47.16,47.34,47.41,47.43,47.11,46.09,45.59,46.59,47.34,47.58,47.46,47.16,46.89,46.22,44.75,44.80,45.32,45.99,45.97,45.64,45.25,45.02,45.52,46.54,47.16,47.38,47.48,47.43,47.36,47.01,45.87,44.18,43.83,43.68,43.68,45.42,46.79,46.89,47.01,46.94,46.69,46.07,45.30,45.05,45.12,45.22,46.14,47.34,47.58,47.53,47.29,46.89,46.81,46.81,46.69,46.49,46.66,47.26,48.10,47.90,47.51,47.41,47.41,47.26,47.01,46.66,46.24,45.84,45.87,46.27,46.99,47.66,47.43,46.49,46.56,47.71,48.17,48.02,47.92,47.75,47.41,46.66,45.44,44.95,45.62,46.91,48.12,49.00,49.27,48.97,48.49,47.56,46.71,46.86,47.24,47.90,48.56,49.14,49.58,50.09,50.53,50.97,51.65,52.25,53.26,54.59,55.41,55.69,56.33,58.09,59.54,59.77,59.63,59.49,59.37,59.16,58.95,58.84,58.46,58.37,58.11,58.02,58.46,59.23,59.54,59.68,59.84,60.22,60.58,60.91,61.55,62.15,62.93,63.59,64.17,64.42,64.60,64.72,64.76,64.83,-327.68,-327.68,-327.68,-327.68,-327.68,
-327.68,-327.68,-327.68,-327.68,-327.68,60.63,60.84,61.00,60.88,60.45,59.94,59.42,58.84,58.46,58.39,58.34,58.44,58.48,58.39,58.46,58.41,58.41,58.48,58.51,58.48,58.53,58.51,58.60,58.53,58.46,58.44,58.41,58.46,58.44,58.34,58.09,57.78,57.62,57.62,57.64,57.69,57.73,57.76,57.92,58.11,58.37,58.55,58.65,58.67,58.67,58.65,58.51,57.95,56.84,55.62,55.19,55.05,54.50,53.21,52.42,51.80,51.14,50.58,50.05,49.00,48.00,47.48,47.01,46.71,46.64,46.69,47.66,48.34,48.10,47.71,47.43,47.21,46.96,46.81,46.27,45.99,46.04,45.97,45.67,45.30,44.50,45.02,45.57,45.92,46.02,46.32,46.22,46.27,46.71,46.76,46.76,46.71,46.74,46.54,47.26,47.88,47.51,47.31,47.16,47.01,46.81,46.44,46.22,46.09,46.17,46.39,46.41,46.46,46.61,46.96,47.63,47.58,46.66,47.16,47.41,47.83,48.17,48.49,48.83,49.17,48.83,47.01,46.17,46.41,46.79,46.74,46.79,46.79,46.89,46.91,46.79,47.06,47.36,47.63,48.05,48.29,48.22,48.27,48.39,48.53,48.44,48.17,47.68,47.41,47.61,47.56,47.61,48.12,48.61,49.02,49.41,49.70,49.78,49.66,49.63,49.39,49.29,49.19,48.70,48.17,48.05,48.00,47.90,48.29,48.46,48.46,48.17,47.58,47.58,47.97,48.27,48.46,48.46,48.53,48.70,48.95,49.27,49.66,49.85,50.00,50.19,50.44,50.78,51.14,51.31,51.29,51.34,51.19,50.90,50.36,49.19,46.59,43.00,41.45,41.37,41.42,41.67,43.75,47.83,49.24,49.75,49.95,50.00,50.14,50.14,49.78,49.22,48.78,48.22,47.58,47.53,49.00,48.68,48.02,47.75,47.29,47.01,46.41,45.47,45.30,45.87,46.71,47.16,47.56,48.02,48.02,47.97,47.75,47.88,47.58,47.41,46.96,46.22,47.06,47.46,47.51,47.34,46.54,46.24,47.01,47.53,47.61,47.58,47.36,46.96,45.79,44.87,44.50,44.82,45.05,45.35,45.30,45.22,45.12,45.54,46.44,46.99,47.26,47.34,47.41,47.09,46.79,45.27,43.73,43.65,43.55,44.10,46.02,46.91,46.91,47.01,46.89,46.69,46.37,45.49,45.02,45.05,45.20,46.14,47.43,47.90,47.51,46.86,46.91,46.84,46.91,46.99,46.89,47.11,48.05,48.80,48.51,48.12,47.83,47.73,47.58,47.43,47.21,46.99,46.39,45.74,45.59,45.69,45.84,45.97,46.14,46.79,47.63,47.80,47.75,47.71,47.61,47.34,46.74,45.79,45.52,46.71,47.97,48.46,48.95,49.58,49.63,49.00,47.92,47.36,47.38,47.66,48.24,48.85,49.27,49.75,50.34,50.80,51.31,51.87,52.44,53.40,54.62,55.38,55.62,56.26,57.95,59.40,59.75,59.70,59.54,59.44,59.26,58.98,58.81,58.55,58.32,58.09,58.04,58.48,59.12,59.47,59.66,59.82,60.08,60.47,60.77,61.32,61.99,62.84,63.41,63.87,64.24,64.47,64.58,64.65,64.72,-327.68,-327.68,-327.68,-327.68,-327.68,
-327.68,-327.68,-327.68,-327.68,-327.68,60.31,60.61,60.86,61.02,60.75,60.19,59.68,59.21,58.58,58.48,58.39,58.37,58.41,58.39,58.39,58.46,58.41,58.46,58.53,58.53,58.46,58.41,58.46,58.48,58.44,58.46,58.44,58.41,58.39,58.32,58.09,57.76,57.57,57.57,57.57,57.62,57.64,57.69,57.90,58.13,58.39,58.55,58.62,58.62,58.72,58.65,58.41,57.90,56.75,55.48,54.95,54.76,54.16,53.18,52.47,51.85,51.31,50.80,50.07,49.00,48.17,47.78,47.41,47.16,46.99,47.19,48.24,48.78,48.36,47.90,47.63,47.48,47.21,46.86,46.49,46.14,46.17,46.04,45.69,44.90,44.60,45.12,45.54,45.89,46.12,46.24,46.02,45.99,46.76,46.81,46.71,46.89,47.09,47.68,48.51,48.02,47.61,47.41,47.16,46.99,46.71,46.07,46.27,46.41,46.46,46.54,46.61,46.27,46.22,47.24,47.66,46.79,46.69,47.41,47.95,48.14,48.39,48.58,48.75,48.12,46.66,45.94,46.02,46.41,46.66,46.91,47.21,47.29,47.16,47.19,46.89,46.84,47.16,47.46,47.92,48.17,48.24,48.24,48.34,48.46,48.46,48.27,48.12,47.73,47.90,47.66,47.95,48.34,48.88,49.09,49.41,49.56,49.66,49.75,49.73,49.63,49.51,49.39,48.88,48.63,48.27,48.05,48.02,48.24,48.41,48.34,48.02,47.41,47.41,47.68,47.92,48.19,48.34,48.46,48.58,48.88,49.14,49.51,49.78,50.07,50.34,50.46,50.78,50.95,51.31,51.24,51.17,51.07,50.90,50.17,49.14,46.49,42.77,41.34,41.24,41.52,41.62,43.88,47.88,49.19,49.66,49.90,50.12,49.97,49.97,49.78,49.31,48.88,48.29,47.80,47.56,49.12,49.39,48.24,47.75,47.01,46.74,45.72,45.39,45.44,46.02,46.89,47.16,47.63,48.27,48.10,48.02,47.83,47.80,47.56,47.41,46.29,44.90,45.67,46.94,47.48,47.46,47.16,47.26,47.53,47.63,47.63,47.53,47.41,47.21,45.52,44.95,44.72,44.92,45.17,45.32,45.57,45.39,45.12,45.25,46.09,46.91,47.24,47.36,47.41,47.24,46.71,44.65,44.10,44.40,45.15,45.47,46.61,47.06,46.99,47.09,46.96,46.81,46.37,45.35,44.95,45.05,45.17,45.57,46.22,46.51,46.27,46.17,46.49,46.61,46.69,46.81,46.84,47.14,48.51,49.53,49.12,48.56,47.95,47.61,47.56,47.48,47.29,46.91,46.44,45.72,45.27,45.32,45.54,45.79,46.27,47.01,47.63,47.63,47.46,47.43,47.56,47.41,46.91,46.24,46.64,47.63,48.07,47.95,48.05,49.05,49.61,48.78,47.71,47.43,47.51,47.71,48.12,48.75,49.36,49.90,50.41,50.83,51.36,51.94,52.51,53.66,54.81,55.33,55.57,56.26,57.85,59.23,59.68,59.77,59.59,59.52,59.23,59.07,58.91,58.55,58.25,58.09,58.06,58.53,59.14,59.59,59.68,59.87,59.94,60.29,60.52,61.04,61.73,62.51,63.13,63.62,64.03,64.21,64.35,64.44,64.51,-327.68,-327.68,-327.68,-327.68,-327.68,
-327.68,-327.68,-327.68,-327.68,-327.68,60.22,60.40,60.77,61.02,60.91,60.40,59.91,59.40,58.91,58.55,58.39,58.37,58.37,58.39,58.39,58.46,58.34,58.44,58.55,58.55,58.41,58.44,58.44,58.41,58.39,58.53,58.48,58.37,58.34,58.25,58.04,57.78,57.62,57.57,57.57,57.62,57.64,57.73,57.97,58.20,58.39,58.53,58.62,58.67,58.70,58.72,58.53,57.95,56.70,55.45,55.00,54.81,54.21,53.09,52.40,51.87,51.34,50.78,50.19,49.58,49.00,48.53,48.12,47.78,47.71,47.88,48.07,48.34,48.36,48.17,48.00,47.83,47.66,47.36,46.99,46.59,46.27,45.87,45.52,44.65,45.10,45.52,45.74,45.89,46.14,46.27,46.04,45.92,46.79,46.96,46.86,46.96,47.36,48.12,48.78,48.14,47.58,47.31,47.16,46.94,46.54,46.02,46.29,46.49,46.64,46.91,46.56,46.41,45.82,46.69,47.38,46.91,46.86,46.99,46.94,46.49,46.76,47.51,47.68,47.29,46.51,46.04,46.02,46.27,46.79,46.96,47.31,47.80,47.53,47.19,46.91,47.06,47.26,47.53,47.88,48.05,48.07,48.14,48.31,48.44,48.49,48.36,48.22,48.22,48.10,48.14,48.31,48.63,49.00,49.24,49.46,49.63,49.63,49.61,49.51,49.56,49.56,49.53,49.02,48.83,48.61,48.36,48.22,48.31,48.36,48.29,47.95,47.46,47.31,47.53,47.75,48.12,48.19,48.24,48.46,48.63,49.00,49.34,49.83,50.07,50.24,50.41,50.68,51.00,51.05,51.05,51.17,51.00,50.95,50.24,49.17,46.49,42.82,41.47,41.34,41.40,41.67,43.68,47.88,49.36,49.97,49.95,50.24,50.12,49.90,49.58,49.31,48.90,48.51,48.07,47.63,47.83,48.75,48.14,47.51,47.01,46.39,45.49,45.27,45.69,46.61,47.09,47.34,47.90,48.36,48.36,48.12,47.80,47.58,47.19,46.64,45.10,44.52,45.17,46.56,47.34,47.36,47.16,47.31,47.63,47.83,47.75,47.63,47.53,46.89,45.57,44.92,44.97,45.05,45.17,45.32,45.44,45.47,45.05,44.70,45.47,46.61,47.09,47.34,47.26,47.06,46.17,45.02,45.64,46.22,46.56,46.69,46.94,47.19,47.26,47.31,47.21,46.99,46.27,45.00,44.52,44.67,44.92,45.25,45.57,45.67,45.69,45.94,46.27,46.02,46.12,46.46,46.44,47.09,47.36,48.12,48.27,48.07,47.53,47.41,47.41,47.31,47.14,47.11,46.69,46.02,45.49,45.30,45.67,46.02,46.64,47.36,47.63,47.48,47.41,47.51,47.63,47.41,47.01,46.91,47.38,47.71,47.71,47.46,47.21,47.43,47.78,47.71,47.68,47.58,47.58,47.80,48.19,48.83,49.46,50.02,50.39,50.66,51.17,51.77,52.47,53.54,54.62,55.31,55.60,56.16,57.64,59.16,59.59,59.75,59.66,59.56,59.35,59.12,58.93,58.53,58.25,58.13,58.09,58.55,59.23,59.56,59.73,59.75,59.91,60.08,60.33,60.75,61.32,62.12,62.58,63.29,63.71,63.94,64.10,64.14,64.26,-327.68,-327.68,-327.68,-327.68,-327.68,
-327.68,-327.68,-327.68,-327.68,-327.68,60.29,60.31,60.61,60.91,60.97,60.70,60.17,59.63,59.16,58.60,58.39,58.37,58.41,58.34,58.44,58.46,58.39,58.48,58.53,58.44,58.39,58.44,58.51,58.44,58.39,58.44,58.39,58.39,58.37,58.27,58.16,57.90,57.57,57.50,57.55,57.69,57.71,57.78,57.97,58.11,58.37,58.51,58.55,58.67,58.79,58.74,58.44,57.95,56.70,55.50,54.93,54.64,53.97,52.87,52.11,51.48,51.07,50.63,50.34,50.09,49.73,49.19,48.61,48.29,48.17,48.24,48.24,48.24,48.29,48.14,48.10,48.14,48.00,47.71,47.31,46.81,46.09,45.77,45.07,44.87,45.17,45.77,45.72,45.84,45.97,45.89,45.97,45.82,46.49,46.91,47.11,47.38,47.16,46.91,47.97,47.97,47.58,47.36,47.06,46.66,46.12,45.94,46.46,46.69,47.01,46.81,46.09,45.69,45.44,46.22,46.91,47.16,47.19,47.21,46.91,46.17,46.29,47.21,47.43,47.46,47.31,47.14,46.71,46.44,46.51,46.94,47.56,47.88,47.46,47.19,46.86,46.91,47.21,47.43,47.71,47.95,48.05,48.02,48.12,48.17,48.19,48.22,48.00,48.02,47.97,48.14,48.39,48.58,48.92,49.14,49.34,49.51,49.56,49.53,49.41,49.44,49.19,49.14,48.95,48.70,48.68,48.56,48.49,48.39,48.34,48.10,47.63,47.34,47.31,47.63,47.73,48.02,47.90,47.63,48.00,48.24,48.80,49.17,49.41,49.83,50.00,50.22,50.44,50.68,50.97,51.14,51.17,51.07,50.97,50.41,49.36,46.66,43.05,41.55,41.40,41.42,41.70,44.25,47.78,49.19,50.00,50.00,50.19,50.09,49.95,49.61,49.27,48.90,48.56,48.12,47.68,47.34,47.19,47.01,46.54,46.17,45.84,45.39,45.57,46.02,46.96,47.26,47.34,47.63,48.17,48.34,47.92,47.19,46.24,45.59,44.85,44.50,44.35,45.99,46.89,47.19,47.16,47.19,47.26,47.58,47.75,47.71,47.53,47.38,47.01,45.57,44.67,44.77,45.00,45.30,45.42,45.54,45.32,44.87,44.38,44.72,45.97,46.79,47.14,47.14,46.76,46.39,46.46,46.61,46.61,46.61,46.49,46.74,47.31,47.38,47.46,47.46,47.24,46.12,44.95,44.52,44.40,44.50,44.92,45.27,45.42,45.59,45.72,45.92,45.72,45.57,46.02,46.41,46.81,47.14,47.58,47.68,47.68,47.31,47.16,47.06,46.79,46.51,46.51,46.27,45.77,45.39,45.27,45.49,45.99,46.76,47.43,47.63,47.63,47.46,47.46,47.48,47.26,47.01,47.09,47.16,47.24,47.24,46.99,46.84,46.71,46.64,46.69,46.69,46.89,47.31,47.88,48.39,49.07,49.63,49.85,49.63,49.34,49.78,51.05,52.37,53.66,54.76,55.33,55.60,56.35,57.99,59.23,59.52,59.59,59.70,59.63,59.33,59.19,58.95,58.55,58.30,58.16,58.13,58.60,59.28,59.54,59.70,59.75,59.84,60.03,60.22,60.40,60.84,61.41,62.03,62.72,63.23,63.52,63.73,63.78,63.85,-327.68,-327.68,-327.68,-327.68,-327.68,
-327.68,-327.68,-327.68,-327.68,-327.68,60.47,60.22,60.38,60.70,60.97,60.88,60.40,59.98,59.47,58.74,58.37,58.44,58.48,58.41,58.51,58.48,58.41,58.46,58.48,58.39,58.41,58.39,58.34,58.37,58.39,58.48,58.39,58.32,58.25,58.18,58.06,57.76,57.57,57.59,57.64,57.64,57.62,57.78,57.97,58.13,58.39,58.53,58.58,58.67,58.67,58.67,58.41,57.88,56.82,55.60,55.00,54.62,53.92,52.66,51.36,50.70,50.46,50.09,50.00,50.00,49.80,49.41,48.95,48.39,48.22,48.10,47.90,47.88,47.80,47.88,48.02,48.10,48.12,47.88,47.26,46.66,46.02,45.59,45.10,44.97,45.35,45.59,45.74,45.77,45.79,45.74,45.52,45.64,46.29,46.79,47.34,47.75,47.68,46.41,45.77,46.02,46.34,46.34,46.12,45.99,45.82,45.69,46.09,46.84,46.74,45.77,45.42,45.42,45.47,46.74,47.41,47.38,47.48,47.53,47.46,46.76,46.27,47.14,47.46,47.46,47.43,47.31,47.24,46.94,46.54,46.56,47.01,47.53,47.41,47.24,47.01,46.69,46.91,47.16,47.41,47.68,47.92,48.12,48.07,47.83,47.63,47.48,47.41,47.51,47.63,47.97,47.97,48.31,48.70,49.00,49.14,49.34,49.44,49.29,49.02,48.97,48.78,48.73,48.56,48.46,48.41,48.34,48.29,48.14,48.17,47.92,47.58,47.43,47.51,47.56,47.71,47.71,47.41,47.14,47.46,47.83,48.34,48.70,48.97,49.29,49.09,49.12,49.36,49.95,50.48,51.00,51.00,51.14,50.95,50.58,49.39,46.89,43.10,41.27,41.24,41.37,41.57,44.25,47.88,49.36,50.09,50.27,50.36,50.09,49.46,48.44,48.56,48.34,47.97,47.71,47.58,47.31,47.11,46.81,46.37,45.97,45.32,45.02,45.69,46.46,47.09,47.34,47.41,47.56,47.68,47.68,46.91,45.02,44.67,44.45,44.00,43.65,44.03,46.07,46.81,47.09,47.16,47.09,47.16,47.56,47.66,47.78,47.80,47.63,46.69,44.60,43.68,43.68,43.98,45.12,45.32,45.52,45.30,45.05,45.32,45.79,46.27,46.69,46.76,46.49,46.41,46.64,46.54,46.56,46.44,46.41,46.14,45.59,46.94,47.68,47.78,47.88,47.14,45.82,45.57,44.82,43.95,44.13,44.95,45.67,45.89,46.02,45.72,45.02,44.52,43.75,43.20,43.65,45.05,46.84,47.46,47.66,47.73,47.26,46.64,45.77,44.97,44.47,44.47,44.13,44.25,44.80,45.30,45.62,46.02,46.79,47.56,47.78,47.71,47.48,47.34,47.16,46.91,46.76,46.71,46.76,46.79,46.81,46.79,46.02,44.38,43.88,43.93,43.98,44.60,46.29,47.75,48.53,49.09,49.66,49.75,48.56,47.41,47.78,49.88,52.13,53.76,54.74,55.19,55.55,56.42,58.04,59.33,59.52,59.52,59.52,59.56,59.47,59.16,58.95,58.62,58.27,58.25,58.13,58.53,59.16,59.61,59.63,59.66,59.66,59.89,60.03,60.08,60.33,60.72,61.30,62.01,62.61,63.00,63.23,63.32,63.48,-327.68,-327.68,-327.68,-327.68,-327.68,
-327.68,-327.68,-327.68,-327.68,-327.68,60.65,60.24,60.29,60.52,60.88,60.93,60.63,60.17,59.70,59.07,58.48,58.53,58.53,58.51,58.51,58.51,58.41,58.53,58.53,58.39,58.48,58.48,58.39,58.37,58.46,58.46,58.34,58.34,58.34,58.30,58.02,57.69,57.57,57.59,57.55,57.57,57.66,57.80,57.95,58.16,58.44,58.58,58.65,58.60,58.67,58.65,58.39,57.90,56.82,55.67,55.07,54.64,53.85,51.85,49.75,49.24,48.90,48.49,49.19,49.83,49.73,49.44,49.14,48.44,47.78,47.41,46.86,46.14,45.92,46.61,47.78,48.27,48.02,47.73,47.26,46.46,45.57,45.05,44.52,44.70,45.79,45.72,46.32,46.69,46.02,45.30,45.30,45.17,45.77,47.01,47.66,47.90,47.58,46.27,45.47,45.67,46.02,46.17,46.24,46.09,45.79,45.52,45.32,45.74,45.44,45.07,44.90,45.27,45.64,46.86,47.66,47.83,47.63,47.75,47.80,46.96,45.89,46.49,47.16,47.36,47.43,47.41,47.36,47.24,47.11,46.46,47.09,47.41,47.43,47.26,47.14,46.81,46.39,46.71,47.11,47.41,48.19,48.63,48.41,48.00,47.48,47.29,46.89,46.86,46.89,47.16,47.38,47.95,48.44,48.78,48.97,49.17,49.17,48.88,48.12,47.90,47.71,47.56,47.63,47.95,47.95,48.05,47.95,47.90,47.80,47.31,47.29,47.43,47.56,47.63,47.48,47.41,46.81,46.89,47.16,47.63,48.05,48.29,48.31,47.36,47.06,46.79,46.91,47.83,49.83,50.83,51.17,51.14,51.14,50.73,49.66,47.11,43.20,41.34,41.27,41.42,41.73,44.33,48.02,49.63,50.22,50.44,50.48,50.00,48.34,45.92,45.42,45.10,45.27,46.79,47.31,47.16,47.01,46.69,46.46,45.99,44.95,44.60,45.35,46.37,46.94,47.41,47.63,47.68,47.73,47.78,46.74,44.87,45.05,44.87,43.83,42.84,43.88,46.17,46.76,47.06,47.16,46.96,46.89,47.43,47.83,47.90,47.90,47.63,45.94,42.74,42.06,42.39,43.12,44.95,45.57,45.57,45.30,45.00,45.62,46.49,46.76,46.71,46.56,46.12,46.09,46.32,46.27,46.34,46.22,46.04,45.82,45.02,46.04,48.29,48.56,48.17,46.34,45.35,45.79,45.05,44.23,44.97,46.12,46.64,46.81,46.79,46.94,46.91,45.59,42.61,40.99,41.45,43.95,46.86,47.34,47.51,47.53,46.81,46.24,45.27,44.35,43.68,43.45,42.49,42.92,44.42,45.30,45.79,46.24,46.29,46.27,46.69,47.34,47.38,47.01,46.69,46.41,46.29,46.37,46.46,46.51,46.66,46.79,45.74,43.88,42.92,42.97,43.15,43.98,46.17,47.92,48.63,49.17,49.61,49.51,48.29,47.38,48.02,49.95,52.42,54.16,54.79,55.07,55.55,56.42,58.04,59.37,59.63,59.59,59.59,59.54,59.49,59.23,58.88,58.65,58.25,58.18,58.27,58.51,59.09,59.49,59.63,59.63,59.68,59.77,59.94,59.94,60.05,60.24,60.63,61.18,61.73,62.19,62.54,62.65,63.00,-327.68,-327.68,-327.68,-327.68,-327.68,
-327.68,-327.68,-327.68,-327.68,-327.68,60.77,60.33,60.22,60.33,60.68,60.91,60.79,60.45,59.91,59.44,58.81,58.55,58.55,58.48,58.53,58.51,58.46,58.51,58.58,58.39,58.51,58.48,58.44,58.39,58.41,58.46,58.41,58.37,58.39,58.32,58.13,57.80,57.59,57.50,57.50,57.64,57.78,57.90,58.04,58.13,58.32,58.53,58.67,58.65,58.65,58.70,58.46,57.95,56.89,55.72,55.14,54.59,53.76,51.94,49.70,48.75,48.56,48.39,49.27,49.85,49.78,49.58,49.17,48.46,47.88,47.41,46.56,45.49,44.92,45.82,47.41,48.10,48.00,47.63,47.01,46.66,45.97,44.47,43.98,45.20,46.39,46.59,46.69,47.14,46.69,45.25,45.30,45.27,45.10,46.89,47.56,47.51,47.53,46.07,45.44,46.37,46.64,46.56,46.29,46.02,45.35,45.10,44.87,44.52,44.47,44.08,43.65,44.42,45.52,46.49,47.75,48.02,47.92,47.90,47.97,46.74,44.82,45.15,46.49,47.11,47.31,47.36,47.41,47.31,47.29,46.99,47.29,47.34,47.21,47.16,47.26,47.21,45.82,46.46,46.89,47.11,47.78,48.44,48.29,47.83,47.41,47.16,46.71,45.89,46.14,46.59,46.61,47.41,47.90,48.31,48.61,48.83,48.88,48.29,45.99,46.24,46.09,46.02,46.02,47.16,47.38,47.41,47.51,47.63,47.36,46.64,46.14,46.99,47.26,47.38,47.26,46.74,46.41,47.01,47.24,47.56,47.78,48.19,47.92,46.96,45.92,45.27,45.07,46.44,49.29,50.66,51.12,51.22,51.19,50.78,50.05,47.24,43.07,41.45,41.29,41.45,41.93,44.38,48.17,49.68,50.36,50.56,50.48,50.00,48.34,44.92,44.00,44.13,44.60,46.51,47.34,47.21,46.94,46.61,46.69,46.27,45.64,44.97,45.15,45.67,46.29,47.41,47.73,48.00,48.02,48.12,46.94,45.87,46.37,45.89,44.95,43.63,44.82,45.94,46.54,46.91,46.96,46.76,46.29,46.74,47.68,47.90,47.63,47.16,45.77,42.59,42.00,43.38,44.30,45.27,45.57,45.57,45.30,44.95,45.49,46.29,46.46,46.49,46.34,46.04,45.79,45.97,45.97,46.02,45.77,45.79,45.87,46.04,46.54,48.00,48.41,47.41,45.79,45.27,45.54,45.05,44.97,45.84,46.56,46.94,47.16,47.21,47.21,47.36,45.87,41.90,41.14,41.73,43.88,46.76,47.16,47.21,47.14,46.41,45.87,44.72,43.95,43.98,42.92,41.67,42.39,44.38,45.54,45.89,46.24,46.27,46.04,45.62,45.57,46.14,46.24,46.02,45.79,45.72,45.79,45.77,45.97,46.44,46.66,45.84,43.98,42.72,42.64,43.00,43.93,45.97,47.75,48.51,49.00,49.39,49.36,48.07,47.09,47.51,49.19,51.48,53.45,54.45,54.81,55.38,56.38,58.09,59.37,59.56,59.61,59.59,59.54,59.42,59.26,58.93,58.67,58.41,58.11,58.20,58.53,59.16,59.42,59.63,59.73,59.73,59.84,59.89,59.84,59.94,60.05,60.19,60.45,60.77,61.14,61.32,61.64,61.99,-327.68,-327.68,-327.68,-327.68,-327.68,
-327.68,-327.68,-327.68,-327.68,-327.68,60.81,60.63,60.31,60.22,60.47,60.84,60.97,60.72,60.12,59.66,59.12,58.67,58.55,58.60,58.51,58.51,58.55,58.37,58.53,58.39,58.37,58.51,58.44,58.39,58.34,58.46,58.46,58.39,58.25,58.25,58.09,57.80,57.55,57.55,57.52,57.62,57.80,57.95,58.02,58.11,58.41,58.60,58.67,58.67,58.67,58.67,58.51,58.06,56.98,55.62,54.98,54.45,53.54,51.94,49.83,48.27,47.83,47.92,49.09,49.90,49.88,49.56,49.05,48.17,46.84,46.41,45.99,45.39,45.12,45.42,46.94,48.00,47.95,47.43,46.64,46.32,46.22,45.54,44.35,45.84,46.34,46.69,46.84,47.11,47.11,46.51,46.74,46.37,45.52,45.72,46.66,46.81,46.94,46.49,47.46,48.56,48.78,48.61,47.97,47.19,45.84,45.47,45.05,44.28,43.98,43.20,43.12,44.20,45.32,45.52,47.46,48.12,48.07,48.05,47.78,45.84,43.90,43.55,44.35,46.02,47.16,47.29,47.43,47.38,47.29,47.29,47.21,47.24,47.01,47.16,47.16,47.11,45.35,46.02,46.44,46.71,47.11,47.80,47.92,47.51,47.09,46.91,46.56,45.64,45.92,46.61,46.89,47.09,47.34,47.68,48.14,48.49,48.53,47.66,45.12,45.74,45.30,44.67,44.70,46.66,46.84,46.61,46.69,47.06,46.84,46.37,45.87,46.34,46.96,46.94,46.71,46.39,46.64,46.99,47.31,47.34,47.53,47.90,47.75,47.31,45.99,45.22,45.30,46.07,49.00,50.51,50.95,51.14,51.02,50.73,50.05,46.74,42.97,41.42,41.34,41.42,41.85,44.33,48.24,49.78,50.44,50.53,50.56,50.00,48.07,44.10,43.35,43.98,45.64,47.31,47.90,47.56,47.21,46.69,46.46,46.24,45.69,45.05,45.00,44.95,45.64,46.69,47.34,47.90,48.12,48.12,47.34,46.89,46.86,46.27,45.52,45.05,45.59,45.57,45.84,46.12,46.44,46.22,45.47,45.42,46.44,47.26,46.96,46.49,45.94,43.83,43.90,45.32,45.87,45.79,45.57,45.57,45.30,44.77,44.67,45.49,46.24,46.27,46.02,45.69,45.47,45.47,45.54,45.42,44.95,45.39,46.99,47.43,46.86,46.99,47.09,46.32,45.57,45.07,45.12,45.15,45.62,46.14,46.59,46.81,47.06,47.11,47.21,46.51,44.15,41.55,41.50,42.18,43.98,46.12,46.41,46.54,46.69,46.09,45.57,44.23,43.68,43.53,42.74,42.06,42.92,44.77,45.72,46.17,46.51,46.44,46.24,45.49,44.47,45.10,46.32,46.27,45.72,45.47,45.44,45.49,45.79,46.39,46.59,45.74,43.93,42.82,42.74,42.84,43.55,45.59,47.48,48.34,48.95,49.36,49.24,47.90,46.89,47.31,48.97,51.14,53.04,54.19,54.79,55.48,56.40,58.02,59.37,59.52,59.59,59.59,59.59,59.47,59.23,58.93,58.77,58.44,58.25,58.25,58.55,59.12,59.42,59.63,59.68,59.77,59.87,59.75,59.87,59.96,60.03,60.03,60.10,60.19,60.24,60.38,60.47,60.61,-327.68,-327.68,-327.68,-327.68,-327.68,
-327.68,-327.68,-327.68,-327.68,-327.68,60.77,60.77,60.47,60.17,60.24,60.63,60.88,60.84,60.45,59.91,59.44,59.07,58.81,58.67,58.67,58.55,58.53,58.39,58.46,58.41,58.41,58.53,58.46,58.39,58.39,58.44,58.25,58.18,58.30,58.25,58.02,57.73,57.59,57.50,57.48,57.78,58.04,58.02,58.11,58.25,58.37,58.53,58.67,58.70,58.70,58.70,58.46,58.06,57.03,55.62,54.90,54.40,53.59,51.73,49.41,48.22,47.73,47.88,49.17,50.09,50.07,49.66,49.12,48.17,46.86,45.92,45.17,44.60,44.60,45.15,46.89,47.75,47.61,47.14,46.49,46.09,45.92,45.72,45.27,45.74,46.22,46.66,47.16,47.83,48.29,48.58,48.34,47.63,46.84,46.07,45.79,46.02,46.14,46.61,48.07,48.73,49.12,49.39,49.56,49.29,46.41,44.67,44.33,43.65,43.33,42.51,43.17,44.13,45.22,45.15,46.29,47.83,48.29,48.31,47.63,44.60,43.07,42.92,43.07,44.80,46.41,47.01,47.24,47.38,47.14,47.21,47.01,47.01,46.84,46.94,46.86,46.54,44.67,45.57,46.04,46.49,46.71,46.96,47.36,47.16,46.76,46.56,46.27,45.69,45.82,46.49,46.84,46.94,47.26,47.41,47.80,48.22,48.34,47.51,45.49,45.02,43.73,42.84,43.53,46.44,46.51,46.14,46.27,46.54,46.54,46.39,46.59,46.74,46.71,46.64,46.44,46.39,46.76,46.89,47.16,47.29,47.56,47.71,47.58,46.69,45.57,45.05,45.57,45.82,48.70,50.36,50.90,51.07,51.02,50.78,50.00,47.34,43.02,41.42,41.32,41.47,41.85,44.35,48.24,49.75,50.44,50.51,50.58,49.97,47.90,44.23,43.07,43.88,45.74,47.56,48.31,48.02,47.56,46.71,46.14,45.89,44.87,45.07,45.02,44.10,45.15,45.77,46.04,46.84,47.78,47.88,47.38,47.16,46.91,46.44,45.79,45.30,45.47,45.47,45.30,45.00,45.30,45.25,44.92,44.80,45.20,46.04,46.34,45.97,45.64,44.75,45.17,45.67,45.87,45.79,45.49,45.57,45.20,44.57,44.10,44.57,45.39,46.02,45.82,45.72,45.57,45.44,45.30,44.97,44.23,44.90,47.19,47.61,46.86,46.46,45.99,45.57,45.17,44.90,45.02,45.39,45.62,45.79,46.14,46.49,46.69,46.74,46.44,44.80,43.30,42.18,42.11,42.54,44.10,45.57,45.82,46.12,46.24,45.94,45.42,43.88,42.74,42.79,42.69,42.64,43.68,44.97,45.64,46.17,46.54,46.51,46.32,46.27,46.61,47.14,46.94,46.44,45.94,45.57,45.42,45.64,46.07,46.49,46.76,45.87,44.03,43.10,42.97,43.05,43.68,45.57,47.43,48.22,48.68,49.22,49.29,48.12,47.41,47.90,49.41,51.56,53.23,54.35,54.95,55.45,56.45,58.11,59.37,59.56,59.52,59.52,59.61,59.49,59.37,59.07,58.91,58.53,58.46,58.30,58.65,59.09,59.44,59.66,59.61,59.75,59.87,59.70,59.87,59.91,59.94,59.96,59.96,60.03,60.10,60.05,60.05,60.15,-327.68,-327.68,-327.68,-327.68,-327.68,
-327.68,-327.68,-327.68,-327.68,-327.68,60.77,60.70,60.63,60.29,60.12,60.33,60.72,60.86,60.68,60.10,59.61,59.42,59.19,58.81,58.60,58.51,58.60,58.48,58.44,58.41,58.48,58.39,58.46,58.41,58.34,58.39,58.30,58.32,58.25,58.25,58.09,57.76,57.55,57.57,57.64,57.90,58.09,58.09,58.06,58.13,58.37,58.55,58.70,58.77,58.81,58.70,58.48,58.09,57.03,55.57,54.86,54.26,53.30,51.51,49.27,48.10,47.71,47.88,49.14,50.02,49.95,49.68,49.24,48.17,46.49,45.22,44.50,44.23,44.62,45.72,46.99,47.41,47.19,46.64,46.24,45.77,45.54,45.52,45.30,45.57,46.09,47.11,48.22,49.09,49.19,48.92,48.51,47.83,47.19,46.07,45.64,45.99,46.14,46.66,48.24,48.88,49.17,49.29,49.41,49.63,46.49,43.98,43.40,43.12,43.38,42.66,43.27,44.15,45.17,45.10,45.57,46.89,48.07,48.44,47.68,43.25,42.89,42.94,42.66,43.88,45.69,46.81,46.99,47.19,46.91,46.94,46.79,46.66,46.56,46.54,46.41,45.52,44.28,45.27,45.79,46.27,46.49,46.59,46.64,46.27,45.99,45.82,46.02,45.82,45.77,46.29,46.64,46.99,47.41,47.61,47.92,48.19,48.24,47.51,44.87,43.68,43.02,42.26,43.10,46.29,46.32,46.27,46.24,46.32,46.46,46.49,46.71,46.66,46.59,46.44,46.39,46.44,46.81,46.89,47.16,47.31,47.51,47.61,47.21,45.72,44.82,45.35,46.24,46.12,48.58,50.36,50.92,51.00,51.02,50.78,49.73,47.24,43.38,41.52,41.42,41.50,41.73,44.28,48.22,49.80,50.39,50.51,50.51,49.85,47.31,44.70,43.98,44.00,45.25,47.48,48.41,48.19,47.73,46.89,46.34,45.84,44.92,45.79,45.05,42.89,43.40,44.25,44.72,46.07,47.24,47.19,46.99,47.06,46.91,46.54,45.94,45.44,45.54,45.82,45.92,45.20,44.72,44.85,44.87,44.97,45.05,45.22,45.77,45.77,45.47,45.32,45.57,45.39,44.80,45.49,45.47,45.57,45.12,44.52,44.18,44.47,45.15,45.79,45.82,45.79,45.99,45.97,45.69,45.30,44.47,44.52,45.62,46.27,45.82,44.90,44.13,44.25,44.85,44.92,45.17,45.57,45.67,45.44,45.30,45.57,45.84,45.82,45.02,43.25,42.84,42.69,42.77,43.10,44.47,45.47,46.02,46.37,46.44,46.17,45.84,44.23,42.97,42.77,43.10,43.25,43.85,44.65,45.32,45.94,46.51,46.51,46.14,46.09,46.84,47.31,46.76,46.17,45.47,45.25,45.67,45.97,46.44,46.81,46.91,46.34,44.62,43.45,43.33,43.55,44.25,45.64,47.09,47.78,48.36,49.05,49.19,48.12,47.36,47.97,49.61,51.63,53.26,54.33,54.95,55.57,56.49,58.11,59.37,59.44,59.37,59.33,59.40,59.49,59.47,59.14,58.93,58.67,58.53,58.53,58.60,59.09,59.54,59.63,59.54,59.75,59.77,59.77,59.77,59.84,59.91,59.94,59.91,59.87,59.91,59.94,59.91,59.94,-327.68,-327.68,-327.68,-327.68,-327.68,
-327.68,-327.68,-327.68,-327.68,-327.68,60.77,60.77,60.79,60.47,60.17,60.19,60.58,60.81,60.77,60.35,59.77,59.68,59.59,58.93,58.95,58.58,58.53,58.53,58.39,58.48,58.44,58.34,58.44,58.44,58.34,58.41,58.34,58.30,58.32,58.32,58.13,57.80,57.64,57.64,57.71,57.92,58.06,58.04,58.02,58.18,58.44,58.53,58.65,58.74,58.81,58.74,58.53,58.13,56.89,55.41,54.69,54.09,53.23,51.68,49.61,48.17,47.58,47.66,49.07,50.17,50.05,49.66,49.19,48.27,46.12,44.60,44.28,44.33,44.65,45.42,46.74,47.26,46.96,46.44,45.94,45.57,45.07,45.44,45.35,45.32,45.62,48.24,49.41,49.29,49.17,48.88,48.49,48.00,47.16,45.05,45.57,46.69,46.49,45.82,47.83,48.58,48.83,48.88,48.70,48.05,45.32,42.77,43.25,42.64,43.45,43.53,43.45,44.03,45.05,45.05,45.67,46.29,46.96,47.41,45.32,42.79,42.89,43.05,42.82,43.68,45.17,45.89,46.69,46.86,46.66,46.49,46.44,46.39,46.27,45.94,45.62,44.97,44.97,45.44,45.62,46.04,46.39,46.49,46.49,45.30,45.10,45.39,45.94,45.82,45.69,46.17,46.49,46.94,47.43,47.90,48.46,48.56,48.31,47.36,44.95,43.43,43.20,43.00,43.88,46.34,46.37,46.29,46.41,46.69,46.96,46.89,46.71,46.66,46.46,46.29,46.39,46.54,46.69,47.01,47.26,47.31,47.26,47.21,46.71,45.59,44.97,45.52,45.74,45.89,48.56,50.19,50.87,51.02,50.95,50.75,49.66,47.11,43.07,41.52,41.42,41.52,41.67,44.38,48.19,49.85,50.24,50.51,50.51,50.00,47.41,44.80,44.75,45.30,46.27,47.75,48.51,48.22,47.90,47.21,46.66,46.27,45.67,45.67,43.50,42.74,42.77,43.20,45.05,46.64,46.91,46.79,46.91,46.84,46.69,46.02,44.75,45.42,45.87,46.29,46.34,46.02,45.07,45.02,45.20,45.15,45.05,44.95,45.74,45.77,45.30,45.47,45.64,45.49,44.45,45.20,45.59,45.52,45.22,44.77,45.00,45.57,46.02,46.39,46.29,46.24,46.27,46.29,46.04,45.87,45.22,44.65,44.60,44.77,44.47,43.35,42.79,43.48,44.28,44.80,45.30,45.62,45.82,45.57,45.15,45.12,45.25,45.30,44.67,43.63,43.43,43.63,43.98,44.65,45.57,45.99,46.69,46.99,47.14,46.84,46.71,45.30,44.28,43.83,43.75,44.03,44.50,45.10,45.67,46.12,46.44,46.32,45.97,45.62,45.87,46.54,46.34,45.54,44.57,44.52,45.49,46.27,46.76,47.16,47.16,47.09,46.44,45.00,44.25,44.45,44.82,45.79,46.89,47.58,48.34,49.12,49.51,48.85,48.07,48.36,49.68,51.51,53.14,54.26,54.98,55.45,56.33,57.95,59.23,59.49,59.52,59.54,59.47,59.42,59.42,59.37,59.23,58.95,58.84,58.72,58.79,58.95,59.44,59.70,59.63,59.77,59.91,59.77,59.75,59.84,59.91,59.84,59.82,59.84,59.89,59.89,59.77,59.77,-327.68,-327.68,-327.68,-327.68,-327.68,
-327.68,-327.68,-327.68,-327.68,-327.68,60.77,60.72,60.65,60.49,60.33,60.15,60.35,60.77,60.88,60.63,60.01,59.54,59.52,58.98,58.81,58.62,58.58,58.48,58.53,58.39,58.27,58.30,58.20,58.32,58.30,58.25,58.25,58.30,58.20,58.25,58.13,57.80,57.62,57.57,57.62,57.85,58.09,58.11,58.09,58.20,58.41,58.58,58.77,58.84,58.84,58.77,58.55,58.16,56.89,55.33,54.62,54.02,53.16,51.56,49.31,48.00,47.73,48.07,49.24,50.02,49.92,49.63,49.17,48.12,46.44,44.95,44.25,44.20,44.47,45.10,46.44,47.09,46.81,46.49,46.12,45.72,45.10,45.57,45.42,45.30,45.30,48.05,49.14,49.02,48.85,48.68,48.41,47.68,46.02,44.23,46.49,47.41,47.16,44.82,46.02,46.71,47.06,47.21,46.99,46.22,44.13,42.66,42.84,42.74,43.48,43.93,43.68,43.98,44.85,45.00,45.62,46.27,46.61,46.04,44.00,42.56,42.79,43.07,43.02,43.90,44.77,45.32,46.49,46.64,46.59,46.34,46.02,46.02,46.14,45.84,45.35,45.57,46.22,46.37,46.09,45.94,46.22,46.39,46.54,45.47,45.35,46.02,46.12,46.02,45.87,46.22,46.44,47.01,47.66,48.31,48.78,48.75,48.19,47.31,44.80,43.78,43.35,43.58,44.47,46.02,46.24,46.39,47.19,47.43,47.31,47.01,46.91,46.86,46.69,46.34,46.27,46.66,47.06,47.36,47.48,47.21,46.96,47.14,46.79,45.64,45.07,45.69,45.79,46.49,49.09,50.34,50.83,50.95,50.83,50.46,49.39,46.69,43.00,41.32,41.24,41.47,41.70,43.90,48.12,49.78,50.14,50.36,50.46,50.12,48.49,47.21,47.29,46.81,46.74,47.90,48.41,48.31,47.78,47.36,46.91,46.39,45.25,44.75,43.90,43.95,43.95,44.72,46.24,46.96,46.99,46.91,46.84,46.84,46.64,45.32,43.63,45.00,46.04,46.37,46.44,46.14,45.39,45.25,45.22,45.15,45.05,45.42,46.12,45.92,45.15,45.02,45.57,45.72,45.27,45.27,45.67,45.52,45.35,45.22,45.82,46.32,46.61,46.69,46.61,46.39,46.46,46.46,46.44,46.29,45.72,44.85,44.60,44.62,44.35,43.95,43.73,44.03,44.05,44.52,45.12,45.54,45.82,45.82,45.47,45.35,45.49,45.54,45.47,45.10,45.07,45.39,45.77,46.27,46.69,46.86,47.29,47.56,47.66,47.48,47.38,46.71,46.27,45.67,45.25,45.52,45.67,45.79,45.94,46.24,46.56,46.41,46.07,45.89,45.77,45.84,45.79,45.47,45.15,45.20,45.92,46.56,46.86,47.06,47.19,47.36,47.31,46.99,46.76,46.59,46.54,46.51,46.56,47.11,48.05,48.92,49.56,50.12,50.61,50.97,51.36,52.06,53.21,54.26,54.86,55.33,56.21,57.73,59.07,59.49,59.54,59.52,59.54,59.52,59.52,59.33,59.33,59.23,59.05,58.98,58.81,58.98,59.28,59.52,59.56,59.52,59.66,59.73,59.77,59.70,59.75,59.77,59.75,59.84,59.87,59.82,59.77,59.77,-327.68,-327.68,-327.68,-327.68,-327.68,
-327.68,-327.68,-327.68,-327.68,-327.68,60.84,60.70,60.70,60.79,60.54,60.22,60.15,60.42,60.77,60.70,60.29,59.77,59.52,59.26,58.79,58.58,58.60,58.44,58.48,58.30,58.53,58.39,58.34,58.41,58.32,58.30,58.30,58.25,58.16,58.09,57.97,57.78,57.55,57.55,57.62,57.78,57.97,58.11,58.06,58.09,58.32,58.51,58.67,58.81,58.86,58.79,58.58,58.16,56.80,55.17,54.35,53.83,53.18,51.75,49.85,48.80,48.49,48.61,49.56,50.19,49.97,49.56,49.00,48.19,47.06,45.89,45.10,44.95,45.05,45.49,46.61,46.91,46.69,46.64,46.49,46.09,45.79,45.67,45.54,45.57,45.57,45.57,47.19,47.83,47.95,47.71,47.24,46.39,44.80,44.10,46.54,47.80,45.77,44.10,44.67,45.00,45.49,45.82,45.84,45.54,44.35,43.38,43.20,43.38,43.73,43.85,43.98,44.13,44.72,44.85,45.54,45.99,46.22,45.20,43.98,42.77,42.72,43.07,43.38,44.23,45.00,45.84,46.49,46.69,46.51,46.34,45.92,45.92,46.29,46.54,46.49,46.71,47.29,47.29,47.09,46.46,46.12,46.27,46.49,45.57,45.92,46.74,46.44,46.32,45.92,45.72,46.41,47.09,47.78,48.36,48.46,48.36,48.34,47.63,45.20,44.52,43.85,44.00,44.75,46.07,46.27,47.19,47.48,47.41,47.38,47.21,47.14,46.99,46.86,46.14,45.05,46.54,47.36,47.61,47.71,47.83,47.58,47.41,47.14,45.77,45.17,46.02,46.27,47.16,49.12,50.24,50.68,50.68,50.75,50.27,49.24,46.51,42.92,41.37,41.40,41.52,41.73,43.83,48.02,49.56,49.95,50.27,50.48,50.36,50.12,49.88,49.70,49.22,48.80,48.68,48.51,48.34,47.80,47.34,46.91,46.49,46.22,45.99,45.79,45.57,45.52,46.17,46.86,46.86,46.89,46.94,46.96,46.99,46.69,45.52,43.83,44.40,45.27,46.32,46.51,46.02,45.27,45.30,45.27,45.12,45.44,46.24,46.51,46.17,45.20,44.45,44.87,45.15,45.69,46.09,46.22,45.57,45.30,45.47,46.34,46.56,46.71,46.74,46.76,46.61,46.44,46.41,46.49,46.49,45.99,45.02,45.05,45.35,45.15,44.97,44.62,44.35,44.25,44.23,44.70,45.17,45.69,45.89,45.72,45.72,45.79,45.64,45.72,45.87,46.02,46.17,46.46,46.69,47.06,47.24,47.51,47.68,47.73,47.63,47.56,47.36,47.14,46.69,46.12,46.02,45.92,45.87,45.79,46.22,46.54,46.49,46.27,46.09,46.04,45.99,45.99,45.87,45.67,45.79,46.34,46.81,47.11,47.21,47.24,47.38,47.41,47.36,47.21,46.89,46.49,46.32,46.29,46.66,47.46,48.22,49.17,50.19,50.95,51.36,51.61,52.06,53.21,54.38,54.90,55.31,56.12,57.76,59.14,59.37,59.52,59.52,59.52,59.47,59.52,59.47,59.35,59.09,58.98,58.95,58.86,58.98,59.14,59.37,59.52,59.52,59.52,59.52,59.56,59.61,59.63,59.68,59.77,59.77,59.68,59.68,59.68,59.70,-327.68,-327.68,-327.68,-327.68,-327.68,
-327.68,-327.68,-327.68,-327.68,-327.68,61.04,60.70,60.70,60.72,60.65,60.31,60.10,60.31,60.72,60.86,60.58,60.10,59.61,59.28,58.79,58.67,58.41,58.53,58.55,58.39,58.46,58.39,58.37,58.27,58.34,58.16,58.13,58.16,58.09,58.18,58.09,57.78,57.62,57.57,57.55,57.66,57.92,57.99,58.02,58.13,58.32,58.48,58.67,58.86,58.93,58.81,58.48,58.02,56.70,54.95,54.07,53.71,53.23,52.35,51.51,50.87,50.53,50.41,50.24,50.14,49.88,49.44,49.00,48.46,47.80,47.21,46.79,46.49,46.37,46.44,46.86,46.91,46.84,46.74,46.49,46.29,45.74,45.82,45.79,45.82,45.77,44.30,44.87,45.64,45.92,45.89,45.59,45.30,44.62,44.28,45.77,46.37,44.67,44.05,44.52,44.97,45.52,45.82,45.82,45.62,44.77,43.93,43.68,43.80,43.95,43.85,43.85,44.00,44.67,44.77,45.25,45.72,45.74,45.17,44.35,43.68,43.63,43.60,43.73,44.52,45.94,46.59,46.66,46.64,46.41,46.22,46.09,45.59,45.64,46.71,47.09,47.24,47.43,47.48,47.36,47.09,46.54,46.27,46.46,45.67,46.74,47.16,47.09,46.24,45.77,45.62,46.17,46.91,47.38,47.78,48.12,48.34,48.46,47.83,45.94,45.10,45.27,44.87,45.59,46.59,47.43,47.41,47.41,47.43,47.34,47.34,47.24,46.96,46.69,45.97,45.35,46.91,47.63,47.88,47.88,47.88,47.90,47.78,47.83,47.46,47.29,47.83,48.29,48.78,49.75,50.36,50.48,50.58,50.41,49.97,49.05,46.56,43.07,41.57,41.47,41.60,41.80,43.75,48.05,49.34,49.92,50.12,50.24,50.22,50.31,50.19,49.95,49.39,48.97,48.58,48.39,48.07,47.56,46.99,46.69,46.27,46.29,46.02,45.89,45.79,45.87,46.54,47.09,46.99,46.94,47.09,47.01,46.86,46.49,45.02,44.30,44.18,44.25,44.85,45.49,45.44,45.30,45.32,45.17,45.17,45.82,46.44,46.49,45.97,45.10,44.45,44.47,45.44,46.66,47.14,47.01,46.12,45.27,45.54,46.27,46.56,46.71,46.81,46.81,46.66,46.49,46.51,46.37,46.37,45.79,45.05,46.49,47.01,46.86,46.41,45.57,44.77,44.57,44.50,44.52,44.72,45.20,45.59,45.97,46.17,46.29,46.22,45.92,45.84,45.94,45.99,46.41,46.74,46.91,47.14,47.34,47.56,47.61,47.48,47.34,47.21,46.94,46.81,46.56,46.17,46.02,45.97,45.87,46.27,46.51,46.69,46.61,46.49,46.37,46.27,46.27,46.22,45.97,45.82,46.24,46.91,47.21,47.36,47.38,47.43,47.51,47.43,47.48,47.34,46.69,46.09,46.07,46.69,47.29,47.78,48.75,49.92,50.87,51.51,51.77,52.44,53.52,54.35,54.88,55.24,56.12,57.78,59.07,59.35,59.42,59.52,59.52,59.63,59.63,59.56,59.52,59.44,59.37,59.19,59.09,58.88,58.84,59.21,59.19,59.40,59.49,59.37,59.26,59.37,59.37,59.40,59.47,59.52,59.61,59.49,59.40,59.59,-327.68,-327.68,-327.68,-327.68,-327.68,
-327.68,-327.68,-327.68,-327.68,-327.68,61.00,60.77,60.72,60.70,60.75,60.47,60.15,60.10,60.47,60.79,60.72,60.38,59.82,59.35,58.86,58.67,58.41,58.39,58.37,58.48,58.25,58.25,58.37,58.53,58.34,58.25,58.18,58.25,58.11,58.11,58.09,57.66,57.43,57.55,57.57,57.57,57.66,57.88,57.95,58.09,58.32,58.53,58.74,58.84,58.91,58.79,58.55,58.13,56.89,54.95,54.00,53.57,53.06,52.35,51.61,51.02,50.73,50.41,50.05,49.85,49.58,49.19,48.83,48.41,47.95,47.61,47.34,47.09,46.91,46.86,47.11,46.91,46.89,46.71,46.46,46.27,45.44,45.79,46.02,46.14,46.07,45.44,44.47,44.38,44.52,44.80,45.05,44.95,44.87,45.52,46.04,45.39,44.40,44.40,44.72,45.25,45.79,46.09,46.07,45.84,45.49,45.05,44.82,44.85,45.05,44.97,44.40,44.50,44.75,44.90,45.30,45.64,45.79,45.57,45.39,45.05,44.92,45.22,45.47,45.89,46.39,46.51,46.54,46.51,46.29,46.24,45.77,45.05,46.14,46.79,47.19,47.38,47.53,47.58,47.43,47.21,46.89,46.49,46.49,46.69,47.68,47.48,47.36,47.06,47.06,47.01,47.24,47.51,47.68,47.97,48.39,48.73,48.80,48.70,48.34,48.02,47.90,47.78,47.43,47.73,47.66,47.46,47.48,47.48,47.43,47.38,47.29,46.91,46.24,45.92,46.44,47.29,47.68,47.68,47.83,47.83,47.95,48.00,48.00,48.24,48.68,49.09,49.46,49.66,50.02,50.34,50.39,50.27,50.17,49.90,48.95,46.44,42.89,41.52,41.50,41.52,41.65,43.63,47.95,49.34,49.92,50.02,50.12,50.17,50.34,50.19,49.83,49.41,48.97,48.56,48.34,47.97,47.38,46.76,46.37,46.49,46.37,45.94,45.72,45.62,45.89,46.71,47.19,47.26,47.38,47.34,47.36,47.09,46.29,44.77,44.52,45.30,45.72,45.20,45.00,45.10,45.27,45.39,45.35,45.30,45.94,46.61,46.27,45.57,45.00,44.87,45.12,46.32,46.79,46.79,46.61,46.07,45.22,45.62,46.44,46.74,46.89,46.91,46.71,46.69,46.76,46.74,46.61,46.49,45.89,45.54,47.16,47.56,47.38,47.34,46.86,46.02,45.10,44.67,44.75,44.80,44.80,44.80,45.54,46.07,46.27,46.27,46.14,45.99,45.89,45.77,46.12,46.27,46.49,46.69,46.91,47.24,47.31,47.21,47.14,46.94,46.81,46.59,46.51,46.37,46.32,46.27,46.04,46.32,46.64,46.74,46.74,46.69,46.59,46.46,46.39,46.41,46.24,45.84,45.97,46.64,47.16,47.36,47.43,47.51,47.63,47.63,47.63,47.66,47.24,46.37,46.17,46.56,46.96,47.38,48.31,49.75,50.87,51.61,52.23,52.87,53.66,54.52,55.17,55.53,56.24,57.80,59.16,59.42,59.52,59.52,59.47,59.59,59.59,59.59,59.52,59.52,59.59,59.63,59.63,59.47,59.44,59.40,59.33,59.33,59.37,59.26,59.28,59.30,59.37,59.40,59.40,59.47,59.52,59.49,59.42,59.49,-327.68,-327.68,-327.68,-327.68,-327.68,
-327.68,-327.68,-327.68,-327.68,-327.68,61.00,60.93,60.93,60.70,60.65,60.65,60.33,60.05,60.29,60.70,60.79,60.58,60.05,59.40,59.09,58.62,58.53,58.48,58.44,58.30,58.53,58.32,58.25,58.34,58.09,58.25,58.32,58.30,58.16,57.99,57.92,57.71,57.52,57.43,57.55,57.57,57.57,57.64,57.80,58.09,58.25,58.51,58.81,58.91,58.86,58.77,58.53,58.09,56.56,54.74,53.90,53.40,52.99,52.32,51.58,50.95,50.51,50.02,49.63,49.29,48.97,48.63,48.39,48.10,47.73,47.43,47.16,46.91,46.61,46.74,47.06,46.91,46.74,46.49,46.39,46.04,45.20,45.35,46.09,46.59,47.36,47.43,46.14,44.42,44.45,44.60,44.85,44.87,45.07,46.41,46.51,45.87,44.82,44.62,45.00,45.47,45.92,46.14,46.32,46.22,45.99,45.64,45.44,45.64,45.97,45.87,44.72,44.50,44.80,45.22,46.22,46.66,46.59,46.64,46.56,46.39,46.09,45.99,46.02,46.12,46.32,46.49,46.49,46.56,46.34,46.02,45.49,45.94,46.89,47.09,47.26,47.46,47.48,47.41,47.43,47.31,47.14,46.59,46.44,46.76,47.41,47.19,47.26,47.41,47.51,47.71,47.90,47.95,48.12,48.29,48.51,48.73,48.80,48.78,48.70,48.68,48.53,48.17,48.02,47.97,47.61,47.48,47.46,47.46,47.34,47.16,46.71,46.32,46.14,46.17,47.06,47.38,47.63,47.75,47.97,47.83,47.88,47.95,48.12,48.24,48.63,49.27,49.66,49.83,50.05,50.02,50.22,50.36,50.19,49.68,48.75,46.44,43.02,41.57,41.50,41.60,41.70,43.68,47.90,49.24,49.90,49.97,50.27,50.24,50.22,50.09,49.85,49.39,49.00,48.49,48.17,47.73,47.43,46.69,46.56,46.51,46.46,45.64,45.30,45.30,45.57,46.49,47.43,47.63,47.51,47.56,47.41,47.21,46.99,46.09,45.05,46.41,46.79,46.22,45.49,45.15,45.27,45.39,45.39,45.30,45.82,46.32,45.52,45.00,44.97,44.85,45.77,46.32,46.49,46.54,46.39,45.89,45.39,45.64,46.46,46.76,46.74,46.81,46.74,46.64,46.74,46.81,47.11,46.79,46.54,46.29,47.16,47.78,47.56,47.41,46.96,46.66,46.02,44.97,44.45,44.52,44.65,44.50,44.87,45.57,45.92,46.07,46.04,45.97,45.67,45.35,45.52,45.54,45.77,45.97,46.22,46.56,46.69,46.61,46.59,46.74,46.59,46.17,46.27,46.17,46.14,46.07,46.02,46.27,46.51,46.59,46.69,46.66,46.49,46.29,46.41,46.74,46.69,45.92,45.49,46.02,46.91,47.31,47.43,47.58,47.68,47.71,47.75,47.88,47.88,47.24,46.54,46.69,46.94,47.21,48.12,49.66,50.80,51.58,52.25,53.02,53.97,54.76,55.17,55.53,56.28,57.78,59.09,59.33,59.40,59.37,59.52,59.47,59.44,59.54,59.63,59.61,59.63,59.63,59.63,59.56,59.59,59.59,59.54,59.63,59.56,59.59,59.68,59.68,59.63,59.54,59.59,59.66,59.63,59.63,59.59,59.66,-327.68,-327.68,-327.68,-327.68,-327.68,
-327.68,-327.68,-327.68,-327.68,-327.68,60.86,61.04,60.81,60.68,60.68,60.68,60.45,60.15,60.12,60.35,60.63,60.70,60.29,59.73,59.23,58.62,58.53,58.51,58.44,58.44,58.37,58.25,58.30,58.44,58.18,58.20,58.25,58.25,58.25,58.11,57.92,57.66,57.43,57.43,57.57,57.52,57.57,57.66,57.85,58.04,58.27,58.53,58.72,58.81,58.84,58.72,58.48,58.02,56.49,54.67,53.76,53.23,52.83,52.13,51.44,50.80,50.07,49.29,48.75,48.36,48.12,48.00,47.90,47.63,47.31,46.89,46.81,46.69,46.32,46.74,47.01,46.84,46.56,46.17,45.79,45.49,45.00,44.95,46.37,47.01,47.83,47.90,47.71,45.57,44.67,44.65,44.77,44.90,45.42,46.34,46.39,46.22,45.59,44.92,45.05,45.52,45.87,46.09,46.24,46.27,46.09,45.72,45.67,45.92,46.04,46.02,44.90,44.65,45.42,46.51,46.66,46.74,46.71,46.76,46.81,46.74,46.64,46.44,46.37,46.46,46.44,46.46,46.51,46.56,46.34,46.12,45.57,46.81,46.96,47.31,47.43,47.56,47.48,47.41,47.43,47.41,47.36,46.99,46.49,46.69,47.21,47.19,47.26,47.51,47.71,48.12,48.12,48.10,48.34,48.49,48.58,48.75,48.73,48.78,48.78,48.68,48.53,48.39,48.00,47.68,47.51,47.53,47.41,47.11,46.76,46.69,46.66,46.59,46.46,46.39,46.96,47.56,47.68,47.73,48.00,47.95,47.97,47.92,48.12,48.34,48.78,49.17,49.53,49.80,49.95,49.97,50.09,50.00,50.12,49.73,48.73,46.34,43.00,41.55,41.45,41.62,41.70,43.68,48.05,49.46,50.07,50.17,50.31,50.22,50.19,49.88,49.61,49.22,48.88,48.56,48.17,47.71,47.01,46.49,46.71,46.74,46.56,46.12,45.15,44.97,45.64,47.14,47.88,47.66,47.51,47.41,47.34,47.34,47.09,46.84,46.02,46.71,46.64,46.49,45.89,45.27,45.15,45.30,45.30,45.20,45.52,45.35,44.90,44.75,44.65,45.02,45.97,46.27,46.49,46.29,46.02,45.84,45.30,45.54,46.46,46.81,46.94,46.91,46.61,46.49,46.69,46.79,46.99,47.09,46.94,46.69,47.16,47.63,47.34,47.14,46.99,46.61,46.04,45.15,44.35,44.28,44.52,44.52,44.57,45.30,45.79,45.89,45.84,45.72,45.49,44.82,44.72,44.95,45.17,45.10,45.49,45.84,46.09,45.99,45.89,46.27,46.39,45.87,45.97,45.84,45.72,45.54,45.59,46.07,46.34,46.39,46.51,46.34,46.02,45.84,46.37,46.99,47.01,46.02,45.05,45.30,46.27,47.11,47.43,47.63,47.75,47.80,47.90,48.10,48.34,48.12,47.16,46.69,46.84,47.16,48.05,49.34,50.44,51.12,51.85,52.90,53.92,54.71,55.24,55.60,56.31,57.83,59.09,59.23,59.37,59.44,59.40,59.52,59.52,59.56,59.47,59.47,59.59,59.70,59.63,59.56,59.59,59.40,59.49,59.63,59.54,59.56,59.63,59.59,59.63,59.70,59.66,59.66,59.63,59.63,59.59,59.47,-327.68,-327.68,-327.68,-327.68,-327.68,
-327.68,-327.68,-327.68,-327.68,-327.68,60.93,60.93,60.95,60.77,60.61,60.75,60.70,60.29,60.05,60.26,60.61,60.79,60.63,59.94,59.49,58.95,58.65,58.44,58.44,58.39,58.32,58.53,58.39,58.34,58.25,58.39,58.25,58.25,58.11,57.92,57.73,57.59,57.41,57.36,57.50,57.59,57.62,57.66,57.78,57.92,58.16,58.48,58.67,58.77,58.79,58.65,58.37,57.90,56.40,54.59,53.66,53.16,52.66,51.94,51.24,50.41,49.41,48.53,47.97,47.66,47.53,47.46,47.21,47.01,46.69,46.54,46.49,46.44,46.02,46.24,46.34,46.14,45.79,45.30,44.92,44.70,44.57,44.62,46.46,47.09,47.41,47.53,47.66,47.01,45.77,45.20,44.72,44.67,45.84,46.32,46.17,46.07,45.79,45.30,45.07,45.30,45.74,45.99,46.22,46.14,45.99,45.67,45.74,45.87,46.02,46.12,45.22,45.05,46.37,46.74,46.74,46.69,46.74,46.74,46.71,46.64,46.54,46.39,46.59,46.71,46.69,46.71,46.59,46.27,46.09,45.64,46.02,46.99,46.91,47.26,47.36,47.34,47.36,47.36,47.34,47.31,47.36,47.36,46.61,46.59,47.06,47.14,47.24,47.48,47.88,48.14,48.27,48.24,48.41,48.63,48.58,48.51,48.46,48.63,48.75,48.68,48.44,48.34,48.00,47.66,47.43,47.16,46.91,46.81,46.84,46.74,46.69,46.69,46.64,46.54,46.69,47.26,47.53,47.71,47.95,47.97,48.00,48.10,48.19,48.41,48.70,48.95,49.19,49.58,49.73,49.80,49.85,49.95,50.09,49.68,48.78,46.37,42.97,41.47,41.40,41.57,41.67,43.60,47.92,49.36,49.92,50.14,50.17,50.12,49.85,49.46,49.07,48.78,48.46,48.12,47.83,47.48,46.86,46.34,46.49,46.51,46.61,46.17,45.22,44.25,45.12,47.11,47.66,47.48,47.41,47.41,47.36,47.24,47.21,46.96,46.51,46.66,46.64,46.34,45.89,44.95,44.80,44.95,45.05,45.05,44.95,44.57,44.28,44.30,44.20,44.85,45.84,46.14,46.17,46.07,45.99,45.77,45.42,45.57,46.51,47.06,46.91,46.51,45.82,45.74,46.49,46.84,47.16,47.16,46.99,46.84,46.91,47.31,47.16,46.89,46.71,46.49,46.09,45.27,44.25,44.08,44.35,44.45,44.30,44.65,45.20,45.52,45.64,45.57,45.25,44.18,44.18,45.10,45.25,44.65,44.80,45.44,45.74,45.54,45.22,45.22,45.32,45.02,44.62,44.45,44.62,44.95,45.30,45.82,46.22,46.27,46.24,45.64,44.77,44.90,45.99,46.69,46.69,45.94,44.92,44.87,45.57,46.49,47.21,47.61,47.78,47.95,48.10,48.31,48.56,48.31,47.36,46.76,46.79,47.14,47.83,48.36,48.44,49.14,50.41,52.42,53.85,54.83,55.43,55.79,56.38,57.78,59.07,59.37,59.47,59.54,59.54,59.47,59.47,59.40,59.56,59.52,59.63,59.63,59.61,59.70,59.66,59.61,59.59,59.59,59.63,59.61,59.61,59.61,59.63,59.61,59.59,59.63,59.63,59.66,59.63,59.63,-327.68,-327.68,-327.68,-327.68,-327.68,
-327.68,-327.68,-327.68,-327.68,-327.68,61.00,60.88,60.95,60.88,60.72,60.58,60.63,60.47,60.08,60.08,60.45,60.72,60.63,60.22,59.73,59.42,58.84,58.46,58.34,58.25,58.18,58.39,58.32,58.30,58.18,58.25,58.09,58.20,58.04,57.71,57.48,57.36,57.34,57.38,57.36,57.50,57.64,57.69,57.83,57.97,58.16,58.41,58.58,58.65,58.65,58.44,58.09,57.59,56.26,54.64,53.73,53.11,52.49,51.53,50.61,49.70,48.78,48.07,47.63,47.34,47.24,47.11,46.99,46.79,46.34,46.17,46.14,46.14,45.89,46.17,46.41,46.17,45.44,45.05,44.62,44.40,44.30,44.65,46.49,46.76,47.11,47.29,47.14,47.24,46.64,46.39,45.39,44.77,45.62,46.09,45.99,45.79,45.67,45.25,45.05,45.25,45.52,45.77,46.02,46.14,45.97,45.62,45.79,45.82,45.97,46.09,45.47,46.32,46.54,46.74,46.66,46.74,46.84,46.74,46.64,46.49,46.22,46.14,46.49,46.76,46.76,46.91,46.89,46.32,46.22,45.57,46.24,47.14,47.16,47.11,47.41,47.31,47.26,47.26,47.29,47.36,47.46,47.53,46.76,46.56,46.61,46.76,46.64,46.76,47.36,48.00,48.31,48.17,48.31,48.68,48.61,48.39,48.19,48.34,48.51,48.51,48.22,48.17,47.97,47.68,47.63,47.36,47.26,46.91,46.71,46.64,46.66,46.56,46.71,46.49,46.32,46.81,47.58,47.73,48.02,48.17,48.17,48.27,48.34,48.36,48.56,48.70,48.83,49.12,49.39,49.53,49.66,49.92,50.05,49.83,49.00,46.69,43.05,41.45,41.47,41.62,41.70,44.05,47.95,49.63,50.12,50.19,50.41,49.80,48.73,47.41,47.61,47.38,47.31,47.38,47.29,47.01,46.49,46.04,46.34,46.39,46.17,46.14,45.52,44.20,43.80,45.42,47.16,47.36,47.31,47.36,47.24,47.36,47.29,46.96,46.69,46.49,46.49,46.27,45.35,44.25,44.33,44.62,44.82,45.00,44.72,44.18,43.58,43.17,43.20,44.25,45.69,45.92,46.02,45.97,45.74,45.62,45.42,45.35,46.12,46.91,46.69,45.57,43.80,44.52,46.17,46.76,47.16,47.31,47.16,47.09,46.81,47.06,46.96,46.79,46.56,46.49,46.02,44.75,43.07,43.07,43.95,44.38,44.03,43.78,44.50,45.44,45.72,45.67,45.49,44.38,44.38,45.22,45.30,44.52,44.62,45.05,45.30,45.22,44.67,44.33,44.20,43.55,43.30,43.53,43.90,44.87,45.72,46.09,46.32,46.27,45.94,45.05,44.00,44.47,45.69,46.02,46.17,45.84,45.07,45.22,45.94,46.61,47.11,47.51,47.73,47.97,48.02,47.90,47.88,47.43,46.79,46.54,46.64,46.86,47.36,47.43,46.91,47.19,48.97,51.94,53.95,54.90,55.50,55.95,56.54,57.83,59.05,59.28,59.35,59.40,59.44,59.54,59.52,59.56,59.52,59.61,59.56,59.70,59.63,59.52,59.73,59.63,59.63,59.63,59.63,59.63,59.63,59.63,59.52,59.44,59.56,59.73,59.68,59.63,59.63,59.59,-327.68,-327.68,-327.68,-327.68,-327.68,
-327.68,-327.68,-327.68,-327.68,-327.68,61.07,60.88,60.81,60.91,60.77,60.68,60.61,60.52,60.26,60.05,60.22,60.58,60.68,60.54,60.01,59.70,58.91,58.44,58.44,58.25,58.39,58.44,58.27,58.16,58.18,58.18,58.02,58.02,57.73,57.48,57.27,57.22,57.22,57.34,57.43,57.55,57.62,57.71,57.88,58.06,58.18,58.32,58.39,58.39,58.34,58.04,57.59,57.06,56.05,54.71,53.78,53.14,52.37,51.07,49.63,48.88,48.31,47.80,47.51,47.36,47.24,47.16,46.94,46.61,45.79,45.49,45.74,45.82,45.97,46.46,46.81,46.91,46.79,46.69,46.04,45.32,44.30,45.12,46.41,46.79,46.91,46.94,46.89,46.99,46.51,46.56,46.44,45.27,45.52,45.87,45.79,45.57,45.30,44.97,44.90,45.22,45.47,45.72,45.92,45.97,45.67,45.27,45.42,45.72,45.82,45.87,45.94,46.39,46.59,46.69,46.69,46.51,46.49,46.27,46.32,46.02,45.77,45.84,46.41,46.84,46.96,46.79,46.74,46.49,46.04,45.54,45.79,46.81,46.99,47.09,47.11,47.29,47.29,47.21,47.21,47.21,47.48,47.43,46.37,46.14,46.27,46.37,46.14,46.32,46.71,47.46,47.68,47.92,48.19,48.51,48.46,48.19,48.00,48.05,48.12,48.07,47.68,48.00,48.27,48.51,48.58,48.63,48.34,47.88,47.34,46.69,46.49,46.59,47.34,46.64,46.02,46.79,47.43,47.75,48.12,48.41,48.46,48.41,48.49,48.00,47.71,47.90,47.97,48.12,48.73,49.22,49.68,49.95,50.05,49.78,49.09,46.91,43.35,41.55,41.40,41.57,41.75,44.25,48.19,49.78,50.44,50.44,50.44,49.80,46.71,44.05,44.03,44.25,44.95,46.09,46.69,46.66,46.34,45.92,46.12,46.14,46.12,45.87,45.54,44.08,42.79,43.68,45.74,47.09,47.14,47.11,47.16,47.16,47.06,46.69,46.46,46.27,46.24,45.89,45.30,44.47,44.28,44.13,44.35,44.50,44.25,43.80,43.07,42.72,43.10,44.20,45.42,45.30,45.57,45.49,45.35,45.42,45.32,45.02,45.25,45.82,45.10,43.30,41.95,43.43,45.79,46.76,47.14,47.41,47.26,47.16,46.84,46.94,46.74,46.71,46.51,46.27,45.69,44.35,42.77,43.02,43.90,44.23,44.25,44.35,45.05,46.04,46.66,47.06,46.96,46.29,45.32,45.05,44.77,44.57,44.50,44.95,45.05,44.85,44.30,43.95,44.35,43.40,42.69,43.45,44.80,46.56,47.58,47.53,47.41,47.16,46.69,45.49,43.95,44.30,45.27,45.49,45.62,45.72,45.79,46.22,46.69,47.09,47.24,47.43,47.73,48.12,48.34,48.00,47.09,46.41,46.24,46.24,46.39,46.64,46.91,47.14,46.86,47.29,49.56,52.13,54.19,55.05,55.50,55.86,56.42,57.78,58.95,59.19,59.37,59.44,59.49,59.44,59.47,59.59,59.54,59.52,59.61,59.63,59.73,59.63,59.59,59.66,59.59,59.63,59.68,59.63,59.66,59.63,59.63,59.68,59.63,59.61,59.61,59.59,59.56,59.75,-327.68,-327.68,-327.68,-327.68,-327.68,
-327.68,-327.68,-327.68,-327.68,60.91,60.91,60.91,60.91,60.95,60.77,60.63,60.63,60.54,60.29,60.03,60.10,60.42,60.65,60.68,60.22,59.56,59.37,58.58,58.48,58.20,58.25,58.41,58.13,58.25,58.11,58.16,57.99,57.78,57.48,57.17,57.17,57.31,57.38,57.57,57.59,57.59,57.62,57.71,57.92,58.09,58.09,58.16,58.11,57.99,57.78,57.34,56.98,56.61,55.86,54.76,53.76,53.04,52.08,50.61,48.56,47.90,47.90,47.63,47.46,47.38,47.31,47.11,46.96,46.59,46.09,45.72,45.62,45.79,46.27,46.54,46.91,47.43,47.83,47.26,46.49,45.94,45.42,44.97,45.97,46.64,46.64,46.69,46.66,46.91,46.59,46.41,46.29,45.79,45.15,45.47,45.35,45.30,44.85,44.25,44.35,44.97,45.32,45.57,45.79,45.69,45.15,44.72,44.80,45.44,45.69,45.74,45.89,46.37,46.49,46.61,46.49,46.41,46.32,45.99,45.67,45.30,45.30,45.67,46.14,46.49,46.69,46.71,46.69,46.69,46.32,45.79,45.42,46.04,46.59,46.84,46.86,46.84,46.91,46.84,46.76,46.94,46.69,46.39,45.82,45.47,45.57,45.84,46.12,46.02,45.67,46.07,46.39,47.38,47.97,48.24,48.29,48.22,47.92,47.71,46.61,46.39,46.02,47.16,48.75,49.41,49.22,49.00,48.39,47.83,47.43,46.96,46.49,46.74,47.68,47.24,46.12,47.16,47.43,47.73,48.02,48.56,48.78,48.73,48.24,46.81,45.64,45.82,45.79,45.79,47.73,49.12,49.80,50.00,50.05,49.83,49.22,47.09,43.15,41.50,41.37,41.62,41.75,44.23,48.19,49.83,50.46,50.58,50.56,49.75,46.84,43.58,43.83,45.05,45.79,46.49,46.66,46.56,46.61,46.49,46.27,45.92,45.77,45.57,45.05,43.55,43.25,44.62,45.84,46.49,46.84,46.99,46.89,46.84,46.71,46.14,46.39,46.29,46.02,45.94,45.97,46.07,45.77,44.52,44.28,44.25,43.98,43.65,42.77,43.02,43.78,44.30,45.25,44.72,44.77,44.87,45.07,45.32,45.15,44.72,44.40,43.75,42.77,41.90,41.40,42.46,45.30,46.69,47.11,47.48,47.41,47.21,47.06,46.02,46.46,46.34,46.29,46.09,45.52,44.25,43.55,44.25,45.10,45.27,45.30,45.99,46.51,46.84,47.06,47.26,47.53,47.63,47.66,46.24,44.80,44.85,45.20,45.42,45.32,45.02,44.33,43.43,43.12,41.95,42.33,43.48,46.99,48.75,48.24,47.66,47.38,47.29,46.96,46.12,44.90,44.33,44.80,44.92,45.25,45.79,46.27,46.59,46.91,47.19,47.31,47.41,47.75,48.31,48.92,49.14,48.02,46.49,45.94,45.92,46.17,46.51,46.91,47.06,46.76,47.16,49.36,52.37,54.19,54.95,55.43,55.76,56.38,57.78,58.95,59.23,59.40,59.42,59.42,59.40,59.56,59.52,59.52,59.70,59.59,59.66,59.63,59.63,59.68,59.66,59.56,59.63,59.54,59.56,59.61,59.59,59.63,59.63,59.59,59.63,59.63,59.66,59.63,59.52,-327.68,-327.68,-327.68,-327.68,-327.68,
-327.68,-327.68,-327.68,-327.68,60.81,60.63,60.81,60.95,60.77,60.86,60.72,60.45,60.40,60.45,60.15,59.87,60.15,60.58,60.63,60.29,59.77,59.52,58.91,58.44,58.37,58.37,58.30,58.13,58.18,58.09,58.04,57.80,57.50,57.27,57.17,57.24,57.50,57.78,57.92,57.85,57.78,57.83,57.92,58.02,58.02,57.99,57.99,57.88,57.66,57.31,56.96,56.70,56.54,55.81,54.59,53.61,52.92,52.13,50.63,48.80,47.51,47.38,47.51,47.46,47.46,47.38,47.14,46.84,46.64,46.37,45.94,46.07,46.24,46.51,46.66,47.06,47.58,48.27,47.75,46.64,45.99,45.79,45.32,45.10,46.07,46.37,46.24,46.27,46.37,46.37,46.46,46.39,45.72,44.80,44.92,45.07,44.97,44.23,43.45,44.08,44.85,45.15,45.35,45.57,45.52,44.75,44.13,44.05,45.47,45.74,45.64,45.79,46.09,46.32,46.22,46.27,46.04,45.74,45.42,44.25,43.40,43.68,44.77,45.30,45.25,46.02,46.39,46.49,47.21,47.11,46.84,46.12,45.49,46.12,46.54,46.64,46.54,46.27,45.57,45.02,45.25,45.39,45.35,45.32,44.72,44.72,45.57,45.94,45.54,44.57,44.47,44.72,46.66,47.73,47.95,48.05,48.12,47.88,47.29,44.62,44.42,44.13,45.02,46.66,48.56,48.85,48.56,48.10,47.68,47.38,47.01,46.59,46.59,46.79,46.86,46.29,47.11,47.46,47.71,47.90,48.27,48.56,48.58,47.68,45.87,44.40,44.35,44.35,44.52,47.34,49.07,49.80,50.02,50.07,49.92,49.61,46.79,43.22,41.50,41.42,41.62,41.83,44.15,48.17,49.83,50.48,50.61,50.58,49.75,47.11,44.35,45.77,46.74,46.84,46.79,46.71,46.69,46.81,46.64,46.49,45.82,45.42,45.22,44.90,43.90,44.92,45.84,46.12,46.29,46.44,46.59,46.66,46.61,46.17,45.72,46.29,46.29,46.24,46.02,46.09,46.39,46.46,46.34,46.29,45.94,45.05,44.00,43.22,44.52,45.10,45.05,45.02,44.90,45.17,45.30,45.42,45.27,44.92,44.57,44.23,43.45,42.31,41.29,41.01,41.65,44.45,46.59,47.24,47.51,47.41,47.51,46.89,45.05,45.32,46.14,46.02,45.82,45.30,44.87,44.90,45.22,45.74,46.12,46.39,46.76,46.99,47.16,47.26,47.34,47.53,47.88,48.29,48.56,47.16,45.82,45.74,45.84,45.82,45.82,45.15,43.15,41.57,41.19,42.18,43.98,48.44,48.88,48.05,47.48,47.26,47.16,46.91,46.46,45.64,45.02,44.80,44.77,45.05,45.69,46.46,46.91,47.11,47.31,47.43,47.53,47.83,48.34,49.09,49.83,49.24,46.89,45.82,45.82,46.14,46.59,47.19,47.36,47.09,47.46,49.29,52.23,54.09,54.81,55.38,55.76,56.21,57.52,58.95,59.21,59.33,59.42,59.49,59.42,59.49,59.52,59.59,59.52,59.52,59.59,59.59,59.61,59.49,59.63,59.56,59.59,59.56,59.59,59.56,59.54,59.56,59.56,59.61,59.70,59.70,59.63,59.52,59.63,-327.68,-327.68,-327.68,-327.68,-327.68,
-327.68,-327.68,-327.68,-327.68,60.75,60.61,60.75,60.95,60.91,60.95,60.81,60.63,60.52,60.54,60.38,60.01,60.03,60.42,60.70,60.63,60.05,59.54,59.30,58.65,58.32,58.37,58.30,58.11,58.16,58.11,57.83,57.52,57.24,57.29,57.50,57.78,58.09,58.51,58.65,58.51,58.46,58.41,58.41,58.34,58.30,58.37,58.27,57.97,57.55,57.13,56.94,56.94,56.87,55.95,54.62,53.71,53.02,52.32,51.14,49.14,47.90,47.48,47.14,47.78,48.36,48.27,47.80,47.11,46.56,46.17,46.17,46.46,46.64,46.64,46.79,47.31,47.90,48.22,47.73,46.69,46.02,45.79,45.35,45.10,45.64,45.79,45.27,45.07,45.62,45.94,45.94,45.84,45.44,45.00,44.45,44.80,44.70,43.88,43.83,44.57,45.02,45.15,45.22,45.27,45.15,45.05,45.20,45.79,45.97,45.69,45.57,45.69,45.82,45.84,45.82,45.74,45.49,45.10,44.92,44.20,43.33,43.20,43.50,44.45,44.92,45.57,45.94,46.14,47.11,47.16,47.06,46.84,46.49,46.02,46.12,46.04,45.35,44.87,44.50,44.62,45.10,45.54,45.35,45.35,44.82,44.03,45.17,45.57,45.07,44.50,44.52,44.23,46.02,47.36,47.63,47.92,48.14,48.10,47.34,43.98,43.90,44.15,44.03,43.80,47.06,47.95,48.12,48.00,47.63,47.31,46.96,46.49,46.27,46.34,46.29,46.12,46.29,47.01,47.48,47.63,47.78,48.05,48.05,47.21,45.59,44.13,44.05,43.95,44.45,47.41,49.19,49.85,50.19,50.17,50.00,49.63,47.34,43.30,41.57,41.45,41.62,41.67,44.25,48.12,49.83,50.53,50.68,50.53,49.83,46.79,45.00,46.91,47.41,47.16,46.84,46.69,46.76,46.74,46.61,46.46,45.87,45.12,45.00,45.02,44.72,45.72,46.17,46.27,46.37,46.44,46.51,46.66,46.66,46.24,46.04,46.32,46.27,46.39,46.27,46.34,46.49,46.74,46.76,46.86,46.84,46.54,45.62,44.82,45.79,45.77,45.54,45.22,45.20,45.47,45.72,45.82,45.57,44.72,44.42,44.28,43.88,43.12,42.18,41.60,41.75,43.33,46.69,47.41,47.68,47.58,47.63,47.16,45.35,44.03,44.62,45.69,45.35,45.07,45.02,45.12,45.17,45.64,46.27,46.69,46.91,47.01,47.09,47.24,47.41,47.51,47.90,48.34,49.09,49.51,47.31,46.09,45.92,46.02,45.94,45.87,44.95,42.66,42.36,43.38,43.53,47.31,49.17,48.36,47.58,47.34,47.16,46.94,46.49,45.57,45.15,45.35,45.30,45.22,45.62,46.12,46.69,46.94,47.14,47.34,47.58,47.92,48.53,49.12,49.07,48.10,46.49,45.77,45.79,46.24,47.11,48.02,48.00,47.36,48.02,49.61,51.80,53.73,54.76,55.26,55.72,56.21,57.55,58.93,59.19,59.28,59.44,59.42,59.44,59.52,59.54,59.63,59.40,59.52,59.56,59.59,59.59,59.70,59.59,59.63,59.61,59.52,59.52,59.59,59.59,59.59,59.54,59.52,59.59,59.68,59.63,59.63,59.63,-327.68,-327.68,-327.68,-327.68,-327.68,
-327.68,-327.68,-327.68,-327.68,60.63,60.42,60.63,60.95,60.91,60.81,60.91,60.70,60.61,60.61,60.47,60.19,59.96,60.19,60.49,60.70,60.52,59.96,59.44,58.93,58.37,58.18,58.32,58.16,58.06,57.90,57.59,57.31,57.29,57.50,57.92,58.58,59.70,60.22,60.33,59.87,59.66,59.49,59.33,59.30,59.21,58.91,58.67,58.09,57.66,57.36,57.29,57.22,57.03,56.16,54.76,53.61,53.06,52.49,51.51,50.41,49.63,49.00,48.46,48.83,49.00,48.73,48.24,47.46,46.89,46.71,46.51,46.56,46.76,46.54,46.81,47.58,48.12,47.95,47.41,46.54,46.07,45.69,45.35,45.42,45.57,45.79,45.32,43.75,44.23,44.42,44.75,44.70,44.97,45.35,45.07,44.92,44.87,44.25,44.03,44.67,45.02,45.15,45.20,45.20,45.74,46.04,46.17,46.27,45.99,45.49,45.49,45.52,45.74,45.59,45.22,44.72,44.77,44.82,44.87,44.52,43.65,42.77,42.11,42.79,44.03,44.97,45.47,45.79,46.59,46.86,46.64,46.56,46.32,45.97,45.69,45.30,44.45,44.85,44.70,44.65,45.35,45.97,45.84,45.77,45.27,44.47,44.90,45.22,44.97,44.50,44.18,44.13,46.09,46.91,47.36,47.83,48.19,48.29,47.58,44.15,44.15,44.45,44.25,43.43,46.22,46.76,46.91,47.41,47.41,47.11,46.56,45.89,46.09,46.22,46.17,46.34,46.37,46.59,46.59,46.89,47.09,47.38,47.56,47.16,45.54,43.88,43.78,43.73,44.35,47.58,49.39,50.17,50.41,50.46,50.19,49.53,47.31,43.58,41.57,41.42,41.65,41.67,44.25,48.05,49.73,50.58,50.66,50.58,49.75,46.61,44.38,45.99,47.31,47.24,46.86,46.66,46.66,46.56,46.37,46.27,45.79,45.30,45.05,44.92,44.40,45.54,46.17,46.34,46.41,46.46,46.61,46.89,46.86,46.94,46.49,46.49,46.46,46.41,46.34,46.44,46.69,46.91,46.91,46.96,46.99,46.86,46.64,46.22,46.37,46.12,45.97,45.57,45.27,45.35,45.82,45.94,45.79,44.65,44.50,44.42,43.93,43.48,42.94,42.51,42.61,43.63,46.39,47.41,47.88,47.80,47.92,47.41,46.56,45.69,44.82,45.00,44.92,45.22,45.02,44.90,45.02,45.52,46.39,46.94,47.26,47.16,47.11,47.31,47.63,47.78,48.02,48.51,49.46,49.39,46.99,45.77,45.84,45.74,45.99,46.04,45.74,44.25,43.45,44.03,43.68,45.00,47.88,48.39,47.68,47.24,47.16,46.79,45.79,44.30,44.18,45.69,46.41,46.12,45.82,46.14,46.44,46.81,47.24,47.43,47.19,46.41,46.02,45.99,45.94,45.92,45.92,45.94,46.32,47.21,48.36,49.12,48.44,47.26,47.95,49.56,51.97,53.73,54.69,55.22,55.67,56.07,57.55,58.88,59.05,59.23,59.33,59.33,59.37,59.52,59.54,59.54,59.44,59.54,59.52,59.61,59.54,59.54,59.56,59.56,59.56,59.52,59.54,59.52,59.47,59.52,59.56,59.56,59.56,59.49,59.59,59.70,59.68,-327.68,-327.68,-327.68,-327.68,-327.68,
-327.68,-327.68,-327.68,-327.68,60.58,60.33,60.58,60.75,60.88,60.91,60.88,60.75,60.61,60.45,60.38,60.22,59.98,59.96,60.29,60.58,60.58,60.31,59.59,59.23,58.53,58.18,58.18,58.13,57.97,57.64,57.41,57.29,57.50,57.83,58.51,60.29,62.42,63.00,63.20,62.65,62.31,61.87,61.64,61.43,60.77,59.89,59.16,58.44,57.97,57.64,57.50,57.36,57.10,56.12,54.67,53.73,53.09,52.51,51.77,51.07,50.58,50.27,49.95,49.63,49.39,49.05,48.44,47.88,47.38,47.06,46.69,46.59,46.86,46.89,46.86,47.41,47.09,46.41,46.91,46.51,45.72,45.20,45.30,45.25,45.47,45.59,45.99,45.07,43.80,43.88,44.15,44.23,44.62,45.05,44.97,44.97,45.47,45.57,45.77,45.99,45.57,45.44,45.59,45.92,46.29,46.27,46.39,46.37,45.92,44.92,44.97,45.07,45.44,45.54,45.52,44.85,44.85,44.97,45.07,44.60,43.83,43.33,42.64,42.77,43.88,44.92,45.12,45.64,45.97,46.27,46.32,46.09,45.84,45.59,45.32,45.10,45.42,45.92,45.74,45.32,45.74,46.17,46.07,45.89,45.39,44.90,44.92,45.02,45.02,44.72,44.40,44.42,45.97,46.44,46.86,47.46,48.10,48.39,48.02,44.87,44.62,44.45,44.25,43.88,46.09,46.27,46.04,46.51,46.69,46.74,46.27,46.29,46.44,46.24,46.32,46.61,46.81,46.91,46.39,46.17,46.44,47.11,47.61,47.56,45.82,44.13,44.25,44.25,44.50,47.75,49.68,50.41,50.68,50.78,50.48,49.66,47.36,43.50,41.55,41.52,41.65,41.67,44.13,48.00,49.66,50.41,50.63,50.51,49.83,46.49,44.30,44.45,45.44,46.32,46.84,46.79,46.59,46.51,46.02,45.79,45.72,45.59,45.39,45.25,44.25,45.00,46.02,46.27,46.29,46.49,46.89,47.46,47.31,46.96,46.59,46.41,46.51,46.44,46.41,46.49,46.64,46.74,46.94,47.01,47.06,46.99,46.96,46.79,46.71,46.32,46.27,45.89,45.54,45.30,45.32,45.49,45.30,44.62,44.50,44.33,43.65,43.17,42.89,42.97,43.85,45.42,46.74,47.11,47.68,47.88,47.97,47.41,46.76,46.32,45.59,45.27,45.15,45.32,45.15,44.77,44.60,44.85,45.92,46.74,47.14,47.26,47.51,47.90,48.31,48.78,49.02,49.05,49.00,47.78,45.89,45.87,45.79,45.94,45.99,46.12,46.02,45.15,43.63,44.25,43.68,43.60,45.92,47.29,47.34,47.24,47.16,46.56,45.30,43.80,44.18,46.02,47.19,47.24,46.69,46.34,46.49,46.46,46.66,46.79,46.29,45.20,44.57,44.82,45.77,46.29,46.24,46.49,47.31,48.29,49.44,50.09,49.95,49.22,49.56,50.70,52.44,53.85,54.67,55.12,55.55,56.00,57.50,58.84,58.95,59.21,59.23,59.30,59.30,59.49,59.49,59.44,59.40,59.52,59.52,59.63,59.54,59.52,59.52,59.54,59.59,59.59,59.56,59.59,59.59,59.54,59.49,59.52,59.61,59.56,59.49,59.54,59.77,59.77,-327.68,-327.68,-327.68,-327.68,
-327.68,-327.68,-327.68,-327.68,60.33,60.10,60.33,60.49,60.86,60.86,60.86,60.86,60.65,60.49,60.45,60.33,60.05,59.77,60.05,60.45,60.61,60.58,59.96,59.49,58.86,58.25,58.13,58.04,57.78,57.52,57.38,57.57,57.95,58.46,59.87,62.77,64.47,64.69,65.10,64.78,64.49,64.12,63.78,63.20,62.28,60.72,59.52,58.67,58.27,57.90,57.52,57.29,57.08,56.21,54.74,53.66,53.21,52.78,52.01,51.46,50.95,50.61,50.24,49.95,49.58,49.14,48.58,48.12,47.73,47.43,47.09,46.79,46.84,46.89,46.69,46.51,46.32,46.29,46.29,45.94,45.57,45.12,45.30,45.35,45.05,45.25,45.57,44.67,43.85,44.03,44.45,45.27,45.47,45.22,45.05,45.44,46.02,46.29,46.41,46.39,46.32,46.27,46.34,46.37,46.49,46.51,46.41,46.32,45.79,44.35,44.03,44.03,44.52,45.05,45.25,45.07,45.15,45.20,45.25,44.60,43.85,43.68,43.25,43.00,43.88,44.95,45.07,45.52,45.72,45.79,45.94,45.77,45.20,44.95,45.32,45.42,45.89,46.39,46.54,45.99,45.72,45.94,46.02,45.87,45.39,44.75,45.25,45.17,45.32,45.30,45.47,45.64,46.02,46.27,46.54,47.16,48.10,48.51,48.12,45.15,44.28,44.38,44.00,44.18,45.99,46.17,46.02,46.74,47.14,47.34,47.38,46.86,46.07,46.29,46.64,46.71,46.96,47.16,47.16,46.71,46.64,47.24,47.83,47.66,46.27,44.87,44.97,45.22,45.27,48.29,50.00,50.58,50.83,50.83,50.58,49.63,46.99,43.35,41.67,41.73,41.93,41.78,43.68,48.07,49.53,50.19,50.51,50.41,50.17,47.97,46.49,46.69,46.29,46.39,47.21,47.58,47.21,46.66,46.09,45.57,45.82,45.79,45.64,45.30,44.40,44.70,45.87,46.07,46.22,46.37,47.29,47.75,47.63,47.19,46.66,46.44,46.51,46.41,46.49,46.27,46.49,46.69,46.86,46.99,47.11,47.16,47.09,46.96,46.81,46.29,46.32,46.09,46.02,45.72,45.10,44.75,44.70,44.75,44.70,44.52,44.18,43.95,43.83,44.18,45.52,47.16,47.14,46.96,47.36,47.66,47.63,46.99,46.54,46.07,45.54,45.59,45.57,45.64,45.44,44.97,44.25,44.20,44.95,46.32,47.19,47.41,47.46,47.63,48.00,48.68,49.22,49.19,47.26,46.32,45.74,45.74,45.74,45.92,46.17,46.09,46.27,45.82,45.20,45.57,45.57,45.72,46.02,46.49,46.69,46.49,46.41,46.02,45.52,45.05,45.44,46.66,47.34,47.53,47.51,47.16,46.86,46.61,46.54,46.69,46.61,46.34,46.09,46.22,46.44,46.54,46.64,46.99,47.90,48.95,49.85,50.46,50.78,50.95,51.31,52.04,53.06,53.92,54.55,54.90,55.38,55.86,57.38,58.79,58.95,59.21,59.09,59.28,59.28,59.37,59.37,59.37,59.40,59.52,59.52,59.59,59.49,59.61,59.59,59.54,59.52,59.49,59.49,59.52,59.44,59.44,59.56,59.54,59.52,59.44,59.47,59.63,59.89,59.89,-327.68,-327.68,-327.68,-327.68,
-327.68,-327.68,-327.68,-327.68,60.31,59.47,60.31,60.45,60.61,60.77,60.70,60.86,60.70,60.49,60.42,60.45,60.33,59.96,59.89,60.10,60.54,60.68,60.31,59.73,59.16,58.39,58.11,57.95,57.66,57.64,57.66,58.09,58.67,59.73,62.22,64.51,65.21,65.17,65.53,65.44,65.26,64.90,64.51,63.94,62.84,61.11,59.96,58.91,58.25,57.78,57.50,57.29,57.03,56.16,54.76,53.73,53.23,52.78,52.16,51.65,51.07,50.80,50.53,50.00,49.63,49.22,48.70,48.24,47.97,47.73,47.38,47.09,47.01,46.91,46.69,46.41,46.64,46.32,45.84,45.52,45.77,45.82,45.92,45.57,45.02,44.67,44.77,44.20,44.03,44.52,45.42,45.89,45.79,45.57,45.44,45.72,46.14,46.44,46.71,46.94,46.89,46.76,46.69,46.71,46.61,46.59,46.46,46.27,45.62,44.18,43.53,43.38,43.65,44.57,44.90,45.25,45.47,45.57,45.47,44.75,43.95,43.85,43.75,43.75,44.13,45.15,45.49,45.64,45.79,45.92,45.87,45.39,44.15,44.45,45.44,45.74,46.12,46.56,46.71,46.04,45.62,45.84,46.07,46.07,45.57,44.67,45.32,45.67,45.62,45.74,46.04,46.14,46.27,46.86,47.36,47.73,48.24,48.73,48.34,45.17,44.80,45.00,44.52,44.52,46.24,46.49,47.14,47.63,47.61,47.61,47.48,46.96,46.32,46.64,46.99,47.06,47.09,47.48,47.95,48.46,47.34,47.66,48.10,48.24,47.97,47.73,48.10,48.51,48.88,49.92,50.41,50.61,50.83,50.73,50.31,49.39,46.99,43.40,41.73,41.60,41.67,41.62,43.60,48.14,49.46,50.00,50.24,50.36,50.36,50.02,49.83,49.70,49.41,49.12,48.92,48.41,47.92,47.11,46.37,45.92,46.02,45.89,45.69,45.35,44.75,45.05,45.35,45.30,45.32,45.99,47.34,47.63,47.53,47.29,46.74,46.61,46.54,46.39,46.24,45.17,45.79,46.51,46.74,46.91,47.01,47.14,47.09,47.16,47.01,46.51,46.41,46.41,46.34,46.14,45.57,44.77,44.75,45.05,45.17,45.20,45.00,45.05,45.15,45.97,47.38,47.53,47.29,47.06,46.96,47.09,47.09,46.54,46.24,45.42,45.59,45.87,45.94,45.97,45.84,45.39,44.47,44.23,45.44,46.64,46.99,47.11,47.21,47.38,47.61,48.07,48.73,48.36,46.56,46.37,46.07,46.17,46.22,46.24,46.44,46.49,46.49,46.49,46.17,46.17,46.61,46.61,46.64,46.71,46.71,46.61,46.14,45.92,45.57,45.30,45.79,46.79,47.24,47.61,47.68,47.43,47.14,46.74,46.66,46.91,46.79,46.69,46.61,46.61,46.69,46.76,46.91,47.21,48.12,49.17,50.05,50.78,51.26,51.29,51.61,52.44,53.23,53.92,54.57,54.90,55.31,55.76,57.41,58.72,58.93,59.12,59.09,59.23,59.28,59.28,59.37,59.37,59.42,59.37,59.47,59.52,59.42,59.56,59.59,59.52,59.47,59.49,59.59,59.56,59.52,59.52,59.47,59.52,59.56,59.56,59.66,59.63,60.01,60.01,-327.68,-327.68,-327.68,-327.68,
-327.68,-327.68,-327.68,-327.68,59.98,58.77,59.98,60.24,60.61,60.77,60.84,60.88,60.79,60.61,60.47,60.47,60.38,60.15,59.82,59.91,60.35,60.61,60.54,59.96,59.37,58.79,58.09,57.99,57.90,58.09,58.37,58.93,60.03,61.99,64.12,65.10,65.37,65.26,65.48,65.39,65.26,64.99,64.58,63.96,62.95,61.27,59.70,58.74,58.20,57.78,57.50,57.15,56.94,56.09,54.69,53.78,53.23,52.80,52.23,51.70,51.19,50.80,50.56,50.02,49.61,49.17,48.68,48.24,48.02,47.97,47.63,47.16,46.96,46.89,46.64,46.32,46.39,46.41,45.99,46.22,46.22,46.22,46.24,45.97,45.57,44.33,44.10,44.03,44.25,45.47,46.02,46.07,45.97,45.82,45.59,45.57,46.02,46.54,46.91,47.38,47.34,47.09,46.94,47.16,46.91,46.71,46.49,45.99,44.80,43.83,43.55,43.68,43.83,44.33,44.87,45.39,45.74,45.67,45.54,45.44,44.77,44.52,44.67,44.80,45.15,45.82,45.94,46.04,46.07,46.22,45.99,45.62,44.82,45.67,46.27,46.02,45.87,45.82,45.35,45.20,45.62,46.12,46.46,46.56,46.14,45.57,45.77,45.92,45.94,46.02,46.34,46.41,46.84,47.43,47.95,48.29,48.56,48.68,48.63,47.83,47.48,47.29,46.64,46.34,47.16,47.56,48.05,47.92,47.88,47.71,47.61,47.31,46.51,46.46,47.14,47.46,47.63,48.00,48.63,49.22,47.78,47.90,48.22,48.56,48.95,49.31,49.56,49.68,50.00,50.31,50.58,50.75,50.95,50.70,50.22,49.31,46.99,43.45,41.73,41.70,41.70,41.70,43.58,47.97,49.41,50.00,50.39,50.53,50.56,50.41,50.27,50.22,50.07,49.80,49.31,48.78,48.22,47.43,46.91,46.22,46.12,46.04,45.69,45.30,45.79,45.94,45.67,45.27,45.20,45.97,47.21,47.56,47.61,47.34,46.89,46.74,46.61,46.44,45.79,44.10,44.65,46.02,46.56,46.69,46.89,46.99,47.16,47.34,47.31,46.91,46.56,46.61,46.49,46.54,45.84,45.05,45.00,45.52,45.57,45.69,45.64,45.64,46.02,47.43,47.92,47.71,47.31,47.14,46.91,46.69,46.46,46.14,45.64,44.75,45.74,46.17,46.27,46.34,46.32,45.79,44.95,44.97,46.14,46.84,46.99,47.01,47.19,47.34,47.43,47.73,48.22,47.88,46.49,46.49,46.39,46.51,46.64,46.69,46.64,46.61,46.56,46.49,46.34,46.49,46.69,46.99,46.84,46.74,46.66,46.46,46.07,45.77,45.52,45.17,45.59,46.71,47.19,47.43,47.53,47.46,47.26,46.84,46.81,46.94,46.99,47.06,46.89,46.76,46.76,46.84,47.01,47.43,48.36,49.39,50.34,50.92,51.24,51.53,51.94,52.61,53.26,53.92,54.52,54.98,55.33,55.79,57.50,58.65,58.84,59.07,58.98,59.21,59.19,59.21,59.37,59.37,59.37,59.33,59.42,59.47,59.37,59.44,59.52,59.42,59.49,59.52,59.52,59.52,59.52,59.52,59.56,59.52,59.61,59.59,59.59,59.70,60.40,60.40,-327.68,-327.68,-327.68,-327.68,
-327.68,-327.68,-327.68,-327.68,59.35,58.41,59.35,60.15,60.31,60.81,60.91,60.84,60.81,60.72,60.52,60.42,60.35,60.24,59.91,59.84,60.12,60.45,60.54,60.29,59.63,59.28,58.37,58.25,58.55,59.12,59.96,61.07,62.47,63.82,64.74,65.21,65.21,65.12,65.21,65.26,64.99,64.65,64.35,63.78,62.65,60.93,59.54,58.65,58.06,57.76,57.36,57.15,56.94,56.12,54.79,53.78,53.18,52.80,52.23,51.65,51.24,50.95,50.56,50.00,49.41,48.92,48.51,48.24,47.95,47.71,47.53,47.24,47.06,47.06,46.79,46.61,46.71,46.54,46.32,46.91,46.71,46.54,46.41,46.27,46.02,44.82,44.15,44.03,44.90,46.22,46.27,46.27,46.49,46.51,46.04,45.07,45.44,46.41,47.16,47.66,47.73,47.51,47.41,47.83,47.58,47.16,46.81,45.84,43.93,43.33,43.30,43.53,43.95,44.15,44.80,45.57,45.82,45.74,45.69,45.54,45.25,45.12,45.10,45.30,45.79,46.09,46.22,46.39,46.39,46.49,46.39,46.59,46.49,46.79,46.81,46.76,46.22,45.79,45.57,45.44,45.82,46.41,46.89,47.19,47.36,47.48,47.16,46.74,46.49,46.34,46.84,47.14,47.68,47.90,48.24,48.46,48.51,48.68,48.80,48.80,48.51,48.05,47.58,47.06,47.56,48.61,48.56,48.17,48.07,47.83,47.53,46.89,46.24,46.14,46.69,47.48,48.27,48.78,49.19,49.85,48.24,47.80,48.34,48.75,49.19,49.75,50.05,49.97,50.17,50.56,50.63,50.66,50.80,50.78,50.19,49.39,47.09,43.48,41.73,41.75,41.75,41.73,43.65,48.10,49.58,50.19,50.41,50.58,50.58,50.46,50.27,50.27,50.24,50.00,49.56,49.05,48.49,47.97,47.43,46.69,46.34,46.04,45.99,46.24,47.06,47.06,46.24,45.64,45.44,46.37,47.14,47.26,47.36,47.38,47.06,46.89,46.41,46.02,44.67,43.83,44.05,44.60,45.54,46.24,46.56,46.71,46.96,47.16,47.01,46.84,47.09,46.96,46.79,46.71,46.09,45.44,45.30,45.77,45.82,45.94,45.94,46.14,46.69,47.83,48.07,47.80,47.46,46.99,46.86,46.49,46.04,45.57,45.00,44.60,45.99,46.49,46.56,46.61,46.76,46.12,45.30,45.52,46.54,46.91,47.11,47.16,47.21,47.24,47.26,47.58,47.78,47.41,46.51,46.49,46.49,46.69,46.69,46.69,46.69,46.59,46.49,46.44,46.24,46.24,46.29,46.61,46.69,46.44,46.49,46.46,46.27,45.84,45.42,45.02,45.57,46.51,46.94,47.31,47.41,47.36,46.96,46.46,46.84,47.21,47.24,47.29,47.06,46.76,46.79,46.94,47.26,47.83,48.78,49.63,50.39,50.92,51.41,51.68,52.01,52.56,53.23,53.92,54.55,54.90,55.38,56.02,57.50,58.67,58.67,58.98,58.95,59.09,59.12,59.09,59.23,59.33,59.33,59.35,59.37,59.40,59.33,59.47,59.47,59.40,59.52,59.54,59.56,59.52,59.47,59.42,59.54,59.52,59.49,59.52,59.66,60.01,60.63,60.63,-327.68,-327.68,-327.68,-327.68,
-327.68,-327.68,-327.68,-327.68,58.58,58.27,58.58,59.77,60.19,60.47,60.79,60.77,60.77,60.81,60.61,60.47,60.49,60.42,60.17,59.89,59.98,60.35,60.61,60.52,60.10,59.52,59.05,59.54,60.42,61.39,62.38,63.39,64.14,64.60,64.78,65.01,64.99,64.83,64.87,64.85,64.63,64.24,63.87,63.23,62.19,60.47,59.28,58.46,57.80,57.52,57.34,57.13,56.87,56.09,54.71,53.73,53.18,52.61,52.06,51.65,51.22,50.85,50.39,49.85,49.29,48.78,48.24,47.95,47.63,47.41,47.16,46.86,46.61,46.79,46.86,46.79,46.89,46.74,46.71,47.34,47.16,46.89,46.71,46.59,46.37,45.12,44.25,44.18,45.92,46.49,46.46,46.39,46.99,46.84,46.41,45.32,44.92,45.87,47.11,47.80,48.10,47.95,47.88,47.90,47.63,47.16,46.81,46.27,44.72,43.43,43.20,43.35,43.78,44.18,44.77,45.52,46.04,46.02,46.09,45.97,45.69,45.77,45.77,45.82,46.27,46.41,46.56,46.51,46.54,46.76,47.11,47.26,47.46,47.43,47.16,46.96,46.51,45.99,45.99,45.82,46.02,46.61,46.99,47.34,47.68,47.83,47.66,47.51,47.14,46.89,47.34,48.14,48.92,48.61,48.49,48.56,48.80,48.78,48.83,48.95,48.78,48.24,47.73,47.46,48.31,49.27,48.75,48.41,48.14,47.83,47.51,46.74,46.07,46.24,46.32,46.37,47.34,48.24,49.41,50.00,49.14,48.19,48.56,49.05,49.56,49.97,50.22,50.44,50.63,50.61,50.68,50.85,50.78,50.95,50.27,49.44,47.14,43.45,41.83,41.80,41.85,41.73,43.75,48.19,49.68,50.31,50.61,50.78,50.73,50.61,50.41,50.36,50.36,50.19,49.88,49.36,48.83,48.31,47.73,47.26,46.61,46.61,46.64,46.76,47.19,46.96,46.46,46.02,45.79,46.34,47.14,47.34,47.38,47.38,47.19,47.09,45.94,44.62,44.10,43.83,43.98,44.42,44.80,44.97,45.27,45.39,45.30,45.22,45.02,45.57,47.41,47.29,47.31,46.91,46.02,45.74,45.67,45.94,45.89,45.87,45.97,46.12,46.17,46.51,47.09,46.94,46.81,46.44,46.34,45.72,45.30,45.62,45.99,45.74,46.44,46.91,46.91,46.94,46.96,46.07,45.27,45.54,46.64,46.89,47.09,47.24,47.24,47.16,47.16,47.36,47.14,46.86,46.49,46.29,46.24,46.66,46.79,46.66,46.54,46.39,46.07,45.97,46.02,45.94,45.97,46.24,46.27,46.22,46.46,46.54,46.27,45.67,45.15,44.97,45.54,46.54,46.81,46.96,47.21,47.09,46.54,46.22,47.09,47.68,47.58,47.36,47.24,47.14,47.06,47.11,47.36,47.95,48.73,49.56,50.36,50.85,51.29,51.44,51.65,52.40,53.30,53.90,54.59,54.98,55.45,56.12,57.52,58.74,58.67,58.91,58.93,58.95,59.07,59.09,59.19,59.14,59.23,59.26,59.28,59.23,59.30,59.49,59.47,59.37,59.42,59.49,59.44,59.44,59.52,59.49,59.54,59.52,59.52,59.61,59.82,60.29,60.95,60.95,-327.68,-327.68,-327.68,-327.68,
-327.68,-327.68,-327.68,-327.68,58.25,58.18,58.25,59.05,60.19,60.42,60.63,60.79,60.77,60.79,60.70,60.49,60.47,60.47,60.33,59.98,59.91,60.17,60.42,60.68,60.47,59.75,59.63,61.00,62.31,63.04,63.78,64.14,64.60,64.60,64.51,64.56,64.56,64.37,64.26,64.35,63.94,63.46,63.04,62.33,61.60,60.19,59.16,58.41,57.88,57.57,57.31,57.01,56.73,56.09,54.76,53.76,53.30,52.54,51.77,51.29,50.75,50.36,49.80,49.22,48.88,48.39,47.83,47.53,47.14,46.71,46.29,46.24,46.14,46.41,46.37,46.79,46.91,46.91,46.76,47.48,47.46,47.29,47.09,46.99,46.51,44.97,44.35,44.52,46.54,46.64,46.46,46.41,46.81,46.46,46.39,45.67,44.87,45.30,46.66,47.80,48.31,48.07,47.68,47.48,47.19,46.84,46.61,46.41,45.67,44.25,43.25,43.38,43.88,44.30,44.87,45.72,46.14,46.14,46.29,46.32,46.27,46.24,46.14,46.32,46.51,46.64,46.69,46.71,46.81,47.26,47.51,47.41,47.58,47.56,47.41,47.01,46.69,46.04,45.94,46.04,46.34,46.81,47.29,47.53,47.78,47.95,47.95,48.10,47.92,47.71,47.92,48.34,48.56,48.53,48.63,48.75,49.05,49.00,49.00,49.02,48.80,48.44,48.41,48.12,48.39,49.51,49.19,48.78,48.31,47.97,47.43,46.84,46.34,46.69,47.01,46.14,45.94,46.81,47.48,48.24,48.58,48.51,48.88,49.29,49.78,50.14,50.41,50.56,50.78,50.70,50.68,50.92,50.83,50.83,50.41,49.68,47.26,43.55,41.93,41.93,41.93,41.83,43.63,48.19,49.92,50.41,50.78,50.87,50.80,50.66,50.46,50.36,50.34,50.14,49.83,49.41,49.02,48.46,47.88,47.38,46.81,46.89,46.96,47.09,47.16,46.99,46.56,46.14,45.79,45.99,46.89,47.26,47.26,47.41,47.29,47.16,46.12,43.93,43.65,43.85,44.13,44.60,45.00,45.07,45.02,44.80,44.60,44.40,44.13,44.35,46.61,47.63,47.61,46.84,45.64,45.69,45.97,46.12,46.07,45.87,45.82,45.99,45.79,45.74,45.69,45.49,45.39,45.12,45.17,44.82,44.80,46.12,46.66,46.37,46.46,47.29,47.38,47.36,47.21,45.72,44.67,45.39,46.34,46.69,46.91,47.16,47.19,47.19,47.16,46.94,46.41,46.44,46.14,45.99,46.14,46.51,46.69,46.49,46.22,45.69,45.54,45.59,46.14,45.99,45.59,45.69,45.62,45.77,46.17,46.39,46.09,45.57,44.92,44.65,45.30,46.41,46.76,47.09,47.16,46.91,46.27,46.17,47.01,47.56,47.63,47.61,47.63,47.58,47.48,47.43,47.63,47.92,48.53,49.46,50.19,50.73,51.00,51.26,51.56,52.18,53.02,53.76,54.45,55.02,55.43,56.07,57.57,58.60,58.62,58.84,58.81,58.93,58.95,59.00,59.12,58.98,59.07,59.19,59.16,59.26,59.23,59.37,59.37,59.37,59.40,59.42,59.40,59.42,59.54,59.52,59.47,59.42,59.52,59.63,60.03,60.68,61.27,61.27,-327.68,-327.68,-327.68,-327.68,
-327.68,-327.68,-327.68,-327.68,58.39,58.20,58.44,58.67,59.73,60.29,60.35,60.68,60.75,60.65,60.72,60.58,60.47,60.47,60.40,60.17,59.89,59.94,60.19,60.58,60.75,60.15,59.77,60.91,62.74,63.41,64.01,64.19,64.51,64.33,64.14,64.14,64.03,63.89,63.55,63.29,62.84,62.40,61.82,61.30,60.84,59.91,58.84,58.11,57.80,57.41,57.15,57.01,56.70,55.95,54.81,53.85,53.16,52.35,51.63,50.85,50.19,50.00,49.85,49.24,48.53,47.95,47.41,47.14,46.71,46.34,46.12,46.02,45.89,45.79,45.74,46.44,46.84,47.11,47.19,47.73,47.66,47.51,47.53,47.34,45.77,44.77,44.52,44.92,46.84,46.74,46.34,45.99,46.17,46.04,46.12,45.89,45.17,45.62,46.74,47.73,48.19,47.97,47.41,47.09,46.91,46.66,46.66,46.41,46.04,45.42,43.58,43.53,44.05,44.45,45.15,45.72,46.07,46.32,46.37,46.44,46.44,46.37,46.46,46.54,46.51,46.66,46.71,46.79,46.86,47.43,47.46,47.63,47.58,47.68,47.46,47.14,46.81,46.34,46.09,46.39,46.71,47.16,47.46,47.68,47.75,48.07,48.34,48.31,48.34,48.19,48.39,48.44,48.61,48.68,48.85,49.00,49.09,49.19,49.19,49.07,48.92,48.63,48.36,48.39,48.29,48.85,49.27,49.02,48.27,47.53,46.94,46.86,46.69,46.89,47.19,46.81,46.07,46.71,47.06,47.58,48.12,48.78,49.14,49.56,49.88,50.14,50.56,50.58,50.63,50.73,50.92,51.00,51.00,50.80,50.46,49.68,47.38,43.68,41.93,41.95,41.95,41.85,43.95,48.36,49.88,50.41,50.70,50.92,50.63,50.46,50.27,50.19,50.00,49.80,49.58,49.36,48.97,48.56,47.88,47.53,47.09,46.91,46.81,47.06,46.91,46.66,46.17,45.84,45.79,45.97,46.44,47.14,47.29,47.34,47.29,47.16,45.99,43.80,43.65,44.38,45.05,45.69,45.97,45.94,45.42,44.85,44.42,44.13,43.83,43.83,44.65,47.14,47.01,45.92,45.59,45.77,45.89,46.07,45.99,45.79,45.52,45.30,45.12,44.97,44.97,44.77,44.52,44.40,44.60,44.52,44.45,45.87,46.54,46.09,46.14,46.91,47.63,47.68,46.74,45.17,44.40,45.25,45.99,46.39,46.69,46.91,47.14,47.29,46.66,45.77,45.22,45.44,45.30,45.69,45.97,46.27,46.27,45.82,45.57,44.90,44.50,45.52,46.17,46.09,45.30,44.80,44.90,45.22,45.87,46.04,45.82,45.07,44.40,43.90,44.92,46.37,46.69,46.89,46.91,46.69,46.49,46.49,46.96,47.24,47.09,47.01,47.88,48.34,47.95,47.48,47.48,47.95,48.41,49.14,49.78,49.88,49.00,48.56,49.07,50.14,52.16,53.57,54.21,55.02,55.60,56.21,57.64,58.53,58.58,58.72,58.77,58.84,58.81,58.81,58.98,58.93,58.95,59.09,59.12,59.23,59.14,59.26,59.33,59.30,59.33,59.33,59.35,59.44,59.47,59.40,59.37,59.40,59.42,59.75,60.26,60.88,61.53,61.48,-327.68,-327.68,-327.68,-327.68,
-327.68,-327.68,-327.68,-327.68,58.44,58.39,58.44,58.60,59.14,60.08,60.33,60.47,60.84,60.72,60.72,60.68,60.61,60.47,60.38,60.26,60.03,59.91,60.05,60.35,60.75,60.47,59.94,60.26,62.22,63.29,63.66,63.96,64.19,63.92,63.69,63.59,63.36,62.93,62.65,62.15,61.73,61.27,60.81,60.40,60.10,59.63,58.72,57.97,57.64,57.29,57.15,56.84,56.77,56.16,54.76,53.83,53.16,52.30,51.39,49.83,48.88,49.12,49.09,48.73,48.29,47.80,47.31,46.91,46.89,46.39,45.87,45.57,45.49,45.39,45.10,45.82,46.66,47.14,47.36,47.83,48.12,47.95,47.88,46.37,44.82,45.02,45.15,45.25,46.64,46.49,45.57,45.17,45.77,45.77,45.74,45.67,45.69,46.27,46.94,47.61,48.14,48.46,48.27,47.21,46.74,46.61,46.56,46.49,46.14,45.97,44.40,43.80,44.13,44.57,45.17,45.69,46.04,46.22,46.14,46.09,46.09,46.02,46.12,46.24,46.27,46.37,46.56,46.71,47.06,47.46,47.63,47.56,47.68,47.61,47.34,47.16,47.06,46.66,46.32,46.49,46.79,47.26,47.56,47.73,47.66,48.02,48.29,48.41,48.44,48.22,48.44,48.68,48.88,48.90,49.00,49.05,49.17,49.24,49.19,49.00,48.83,48.51,48.36,48.27,48.07,47.92,47.78,47.51,47.24,47.01,46.99,46.94,47.09,47.09,46.99,46.81,46.61,46.81,47.14,47.61,48.39,49.07,49.36,49.66,49.85,50.07,50.41,50.39,50.48,50.58,50.83,51.07,51.14,51.17,50.73,49.78,47.43,43.68,41.88,41.90,42.13,41.98,43.88,48.73,50.17,50.83,50.95,51.07,50.58,49.31,48.34,47.95,47.73,47.80,48.63,49.24,48.95,48.51,47.68,47.38,46.91,46.09,45.69,46.04,45.57,45.15,45.07,45.39,45.62,45.74,45.62,46.41,47.06,47.24,47.21,46.94,45.54,43.60,44.13,45.15,45.59,45.89,46.09,46.02,45.39,44.72,44.38,43.60,42.92,42.94,43.98,45.15,45.07,44.85,45.49,45.49,45.67,45.94,45.62,45.27,44.23,42.97,42.69,42.79,42.59,42.26,43.15,44.18,44.45,44.52,44.28,45.10,46.17,45.97,45.79,46.24,47.38,46.96,45.79,44.70,44.52,45.20,45.69,45.94,46.39,46.79,46.91,46.37,45.10,44.25,43.90,44.15,44.25,45.15,45.47,45.77,45.64,45.00,44.75,44.35,43.98,45.54,46.07,46.04,45.69,44.90,44.60,44.87,45.59,45.84,45.62,44.92,44.03,43.38,43.83,45.79,46.54,46.64,46.51,46.51,46.66,46.74,46.86,47.16,46.56,45.27,46.02,47.56,47.01,46.44,46.94,47.95,48.34,48.78,49.36,49.19,48.24,47.75,48.24,49.14,51.48,53.26,54.12,54.98,55.67,56.33,57.69,58.48,58.53,58.67,58.65,58.77,58.81,58.74,58.95,58.91,58.95,59.00,59.09,59.19,59.23,59.23,59.26,59.23,59.26,59.33,59.33,59.33,59.35,59.40,59.40,59.37,59.59,59.91,60.49,61.18,61.78,61.76,-327.68,-327.68,-327.68,-327.68,
-327.68,-327.68,-327.68,-327.68,58.44,58.51,58.44,58.55,58.65,59.52,60.26,60.45,60.63,60.75,60.70,60.75,60.63,60.47,60.38,60.35,60.19,59.91,59.91,60.22,60.54,60.65,60.19,59.91,61.04,62.77,63.27,63.52,63.71,63.32,63.04,62.77,62.28,61.96,61.48,61.04,60.65,60.15,60.01,59.61,59.52,59.56,58.81,58.06,57.57,57.34,57.06,56.82,56.59,56.12,54.88,53.78,53.09,52.25,51.26,49.19,48.02,48.31,48.51,48.22,47.92,47.58,46.99,47.19,47.97,47.19,45.64,44.97,44.95,44.67,44.20,45.10,46.02,46.29,46.89,47.16,48.34,47.78,46.44,45.35,45.89,46.39,46.39,45.99,46.27,46.02,44.95,44.45,45.22,45.44,45.39,45.39,45.82,46.49,46.94,47.36,47.90,48.49,48.68,47.26,46.51,46.56,46.54,46.27,46.02,45.94,45.00,43.68,43.90,44.25,44.87,45.47,45.77,45.84,45.74,45.54,45.52,45.67,45.82,45.89,46.02,46.09,46.34,46.69,47.16,47.73,47.68,47.61,47.75,47.43,47.36,47.24,46.91,46.39,46.14,46.34,46.54,46.96,47.29,47.41,47.56,47.97,48.22,48.00,48.07,48.00,48.31,48.56,48.78,48.80,48.97,48.95,48.97,48.88,48.88,48.44,48.12,47.75,47.48,47.56,47.78,47.90,47.58,47.06,46.79,46.86,46.81,46.79,46.91,46.99,46.91,46.66,46.54,46.54,47.21,47.75,48.51,49.02,49.51,49.58,49.34,49.17,49.05,48.80,48.56,49.78,50.63,51.19,51.26,51.26,50.95,50.14,47.92,43.68,41.88,41.95,41.95,41.90,44.15,48.88,50.39,51.00,51.29,51.14,50.53,47.36,45.22,45.05,45.62,46.27,47.95,49.07,49.12,48.56,47.58,47.01,46.27,44.57,44.67,45.64,44.25,43.50,43.80,44.92,45.49,45.49,45.44,45.39,46.12,46.84,46.84,46.59,44.72,43.85,45.05,45.54,45.79,46.02,46.24,45.77,45.07,44.57,44.10,42.94,42.21,42.49,44.38,45.05,44.97,44.87,45.22,45.44,45.62,45.87,45.57,44.97,43.65,42.16,41.62,41.57,41.70,41.73,42.97,44.23,44.28,44.47,44.75,45.30,46.02,45.79,45.57,45.62,45.69,45.62,45.12,44.95,44.95,45.17,45.57,45.74,46.17,46.51,46.34,44.80,43.63,43.20,43.20,43.60,44.00,44.97,45.25,45.44,45.22,44.85,44.97,44.90,44.72,45.62,45.87,46.02,46.12,45.79,44.97,45.10,45.59,45.77,45.49,45.39,45.54,44.72,44.40,45.30,46.17,46.02,45.82,46.12,46.44,46.54,46.84,47.16,46.54,44.85,43.93,44.33,44.97,45.62,46.74,47.88,48.34,49.00,49.63,49.41,48.12,47.43,48.05,49.00,51.36,52.78,54.09,55.00,55.69,56.52,57.76,58.37,58.58,58.60,58.60,58.74,58.79,58.79,58.81,58.88,58.95,59.00,59.07,59.12,59.21,59.26,59.26,59.21,59.23,59.30,59.30,59.23,59.33,59.40,59.52,59.37,59.68,60.15,60.86,61.48,61.89,61.89,-327.68,-327.68,-327.68,-327.68,
-327.68,-327.68,-327.68,-327.68,58.53,58.46,58.53,58.44,58.58,59.07,59.98,60.31,60.40,60.68,60.68,60.65,60.63,60.47,60.35,60.33,60.29,60.05,59.82,59.98,60.35,60.65,60.54,59.91,60.24,61.89,62.72,63.07,63.04,62.65,61.99,61.76,61.37,60.91,60.58,60.26,59.77,59.54,59.26,59.00,59.16,59.16,58.86,58.11,57.62,57.29,56.91,56.73,56.49,56.02,54.76,53.66,52.87,52.13,51.07,49.19,47.88,47.58,47.92,47.83,47.61,47.56,47.21,47.97,48.12,47.78,46.14,44.85,44.52,44.03,43.83,44.95,45.62,45.72,46.14,46.02,46.76,46.04,45.05,46.41,47.14,47.14,46.74,46.44,46.29,45.99,45.57,45.05,45.12,45.07,45.20,45.35,45.92,46.51,46.86,47.19,47.63,48.27,47.51,46.66,46.49,46.32,46.22,46.14,45.74,45.52,44.40,42.97,43.05,44.00,44.52,45.12,45.47,45.42,45.35,44.57,43.85,43.85,44.05,44.45,44.90,45.59,46.04,46.14,47.09,47.75,47.75,47.90,47.66,47.63,47.48,47.14,46.59,45.64,45.72,46.02,46.27,46.79,47.16,47.16,47.16,47.46,48.12,47.24,46.39,46.49,46.79,47.21,47.97,48.61,48.73,48.61,48.68,48.73,48.49,47.19,46.32,46.12,45.35,45.79,47.41,47.83,47.46,47.09,46.86,46.89,46.74,46.69,46.71,46.81,46.69,46.54,46.29,45.77,47.26,47.92,48.51,49.07,49.41,49.36,47.34,46.27,46.74,46.41,46.37,48.80,50.41,51.17,51.31,51.19,51.07,50.19,48.00,44.10,42.06,42.06,42.00,41.93,44.62,48.92,50.51,51.24,51.46,51.22,50.46,47.24,44.80,44.72,45.05,46.27,48.29,49.29,49.24,48.78,47.95,47.31,46.44,44.67,44.30,44.80,43.85,43.17,43.45,44.97,45.57,45.57,45.35,45.07,45.05,45.72,46.02,46.32,45.12,44.60,45.25,45.42,45.79,45.89,45.84,45.35,44.77,44.42,44.05,43.07,42.31,42.74,45.07,45.35,45.49,45.10,45.22,45.64,46.02,45.97,45.39,44.70,43.55,42.06,41.40,41.40,41.50,41.70,43.07,44.38,44.77,45.47,46.59,47.11,47.06,46.86,46.34,45.72,45.47,45.22,45.10,45.22,45.22,45.20,45.42,45.64,46.07,46.49,46.24,44.80,43.33,42.51,42.77,43.30,43.75,44.72,45.22,45.39,45.10,45.12,45.20,45.10,45.12,45.67,45.64,45.79,45.94,45.84,45.64,45.74,46.02,46.17,45.64,45.49,46.64,46.44,46.09,45.74,45.72,45.30,45.12,45.49,46.02,46.34,46.89,47.19,46.59,44.97,43.50,43.38,44.28,45.20,46.54,47.90,48.46,49.39,50.12,49.83,48.02,46.96,47.46,49.00,51.31,52.99,54.21,55.22,55.79,56.45,57.78,58.39,58.39,58.46,58.60,58.67,58.70,58.72,58.77,58.81,58.86,58.95,59.00,59.09,59.09,59.16,59.16,59.12,59.19,59.23,59.23,59.28,59.37,59.30,59.54,59.52,59.94,60.47,61.23,61.69,61.80,61.82,-327.68,-327.68,-327.68,-327.68,
-327.68,-327.68,-327.68,-327.68,58.41,58.39,58.39,58.44,58.51,58.67,59.42,60.05,60.33,60.49,60.75,60.65,60.70,60.63,60.45,60.33,60.33,60.19,59.89,59.77,60.12,60.52,60.58,60.26,59.91,60.68,61.87,62.08,61.89,61.55,61.18,60.97,60.35,60.05,59.91,59.70,59.40,59.09,58.95,58.77,58.77,58.81,59.09,58.20,57.73,57.22,56.87,56.63,56.38,55.93,54.62,53.54,52.68,52.04,50.92,49.27,47.80,47.41,47.46,47.58,47.48,47.46,47.61,47.68,47.48,47.34,46.69,44.95,44.35,44.03,44.77,46.17,45.64,45.57,45.57,45.30,45.25,45.05,45.69,47.43,47.26,46.89,46.69,46.27,46.27,46.27,46.27,45.74,45.42,45.20,45.32,45.49,45.57,46.07,46.49,46.91,47.34,47.14,45.67,45.54,46.22,46.27,45.87,45.79,45.02,44.28,44.33,44.42,43.90,44.18,44.18,44.65,45.00,44.95,44.92,44.08,43.07,43.07,43.43,44.13,44.62,45.35,45.59,45.64,46.69,47.61,47.68,47.97,47.90,47.58,47.34,46.89,45.77,44.52,45.07,45.74,46.07,46.34,46.71,46.96,46.71,46.04,46.74,46.27,44.77,44.67,45.07,44.92,46.69,48.12,48.44,48.49,48.31,48.41,48.22,45.97,44.92,44.57,43.60,44.10,46.91,47.92,47.58,47.11,46.76,46.49,46.54,46.51,46.54,46.56,46.46,46.24,45.97,45.17,47.41,47.92,48.39,48.95,49.34,49.19,47.26,45.30,45.52,45.49,45.62,48.73,50.41,51.17,51.31,51.14,51.02,50.31,48.19,44.25,42.23,42.18,42.13,42.00,44.65,48.83,50.44,51.14,51.46,51.31,50.48,47.09,44.85,44.60,44.35,45.39,48.31,49.44,49.41,49.00,48.36,47.75,47.01,44.95,43.88,43.55,43.55,43.20,43.40,44.87,46.02,46.22,45.89,45.52,45.17,45.39,45.69,45.89,45.57,45.52,45.39,45.57,45.67,45.67,45.79,45.59,45.44,45.17,44.80,43.73,42.82,43.15,45.39,45.74,45.64,45.47,45.39,45.74,46.09,46.02,45.42,44.65,43.45,42.23,42.08,42.31,42.31,42.18,43.40,44.95,46.27,47.21,47.68,47.38,47.26,47.14,47.24,46.74,45.97,45.30,45.05,45.42,45.10,45.15,45.44,45.79,46.07,46.41,46.27,45.07,43.83,42.49,42.08,42.59,43.17,44.35,44.87,45.22,45.20,44.85,44.50,44.25,44.47,45.22,45.39,45.57,45.69,45.97,46.14,46.32,46.46,46.61,46.37,45.52,45.72,46.27,46.09,45.69,45.44,45.17,45.02,45.27,45.64,46.14,46.91,47.46,46.86,45.05,44.10,44.25,44.82,45.52,46.64,47.83,48.80,49.83,50.41,49.95,48.34,47.41,47.78,49.02,52.18,53.40,54.43,55.33,55.84,56.56,57.88,58.20,58.37,58.58,58.53,58.62,58.67,58.74,58.81,58.81,58.84,58.93,59.05,59.07,59.09,59.12,59.12,59.09,59.14,59.16,59.19,59.23,59.33,59.28,59.47,59.77,60.19,60.91,61.50,61.71,61.48,61.53,-327.68,-327.68,-327.68,-327.68,
-327.68,-327.68,-327.68,-327.68,58.32,58.32,58.32,58.41,58.44,58.53,58.84,59.70,60.19,60.33,60.58,60.68,60.70,60.65,60.54,60.40,60.35,60.33,60.08,59.68,59.77,60.35,60.58,60.40,59.87,59.89,60.68,60.79,60.91,60.72,60.49,60.17,59.82,59.61,59.30,59.21,58.95,58.81,58.79,58.58,58.55,58.53,59.00,58.13,57.66,57.17,56.87,56.56,56.40,55.86,54.55,53.28,52.49,51.77,50.53,48.75,48.31,47.83,46.84,47.41,47.48,47.38,47.41,47.24,46.94,46.84,46.66,45.64,44.25,44.35,45.77,46.84,45.69,45.62,45.57,45.12,45.10,45.05,46.49,47.41,46.69,46.17,46.41,45.97,45.84,46.02,46.07,45.62,45.27,45.35,45.47,44.85,44.25,45.00,45.64,45.94,45.74,44.80,44.35,44.52,45.00,45.47,45.87,45.54,44.67,44.00,44.92,45.47,45.67,45.30,44.45,44.28,44.28,44.40,44.50,43.75,42.84,43.45,44.62,45.05,44.90,45.05,45.27,45.47,46.17,47.71,47.73,47.83,47.83,47.83,47.43,46.79,44.97,43.48,44.62,45.52,45.72,45.89,46.39,46.69,46.49,45.72,45.57,44.90,44.05,42.92,43.10,44.20,46.46,48.00,48.17,48.12,48.02,48.70,48.49,45.64,44.15,43.55,43.10,43.17,46.44,47.90,47.56,47.09,46.64,46.32,46.24,46.14,46.17,46.07,46.04,45.67,45.05,45.17,47.38,47.83,48.14,48.68,49.19,49.09,47.24,45.22,45.10,45.54,45.87,48.92,50.39,51.14,51.39,51.17,51.00,50.58,48.36,43.98,42.18,42.11,42.16,42.11,44.70,48.80,50.41,51.17,51.31,51.26,50.44,47.36,44.90,44.67,44.50,45.30,47.75,49.63,49.53,49.14,48.51,47.92,47.21,44.70,43.55,43.55,43.73,43.48,43.78,45.07,46.56,46.64,46.37,45.92,45.30,45.12,45.10,45.57,45.54,45.57,45.57,45.72,45.74,45.77,46.17,46.32,45.89,45.59,45.30,44.80,44.28,44.95,45.57,45.57,45.49,45.22,45.35,45.92,46.29,46.29,45.72,44.90,43.50,42.31,42.41,42.64,42.82,42.79,43.83,45.67,47.53,47.95,47.68,47.48,47.46,47.48,47.58,47.38,46.76,45.49,44.40,45.59,45.20,45.07,45.39,45.74,46.17,46.46,46.17,45.20,44.13,43.07,42.72,42.94,43.38,44.13,44.70,45.12,45.22,44.65,44.40,44.60,44.95,45.20,45.22,45.44,45.57,46.02,46.27,46.44,46.64,46.84,47.11,46.41,45.02,45.64,45.77,45.32,45.15,45.10,45.32,45.62,45.99,46.29,46.99,47.63,47.21,45.25,44.47,44.95,45.32,45.67,46.56,47.75,48.78,49.75,50.56,50.48,48.46,47.38,47.61,48.97,52.20,53.45,54.67,55.24,56.02,56.61,57.71,58.30,58.44,58.41,58.53,58.67,58.58,58.58,58.74,58.81,58.81,58.95,59.00,59.05,59.07,59.07,59.16,59.14,59.09,59.12,59.19,59.21,59.23,59.26,59.54,60.05,60.58,61.18,61.71,61.57,61.09,61.09,-327.68,-327.68,-327.68,-327.68,
-327.68,-327.68,-327.68,-327.68,58.32,58.37,58.32,58.27,58.39,58.51,58.67,59.30,60.05,60.19,60.38,60.61,60.68,60.65,60.61,60.47,60.35,60.35,60.24,59.84,59.61,60.10,60.52,60.35,60.01,59.63,59.91,60.17,60.08,59.94,59.94,59.75,59.42,59.26,59.05,58.98,58.95,58.74,58.53,58.32,58.25,58.32,58.65,58.37,57.52,57.13,56.80,56.54,56.31,55.69,54.21,53.23,52.49,51.80,50.58,48.88,48.46,47.90,46.46,47.09,47.56,47.48,47.26,46.79,46.49,46.39,46.44,46.32,44.52,44.92,45.30,45.57,45.47,45.84,45.57,45.07,45.17,46.04,46.96,46.46,44.57,43.88,44.03,43.98,44.57,45.20,45.32,45.05,45.30,45.57,45.49,45.07,43.83,43.07,44.00,44.45,43.98,43.93,44.15,44.40,44.33,44.52,45.79,45.42,44.67,44.52,45.39,45.69,46.02,46.02,45.57,44.15,43.95,44.33,44.80,44.52,43.98,44.33,44.90,44.97,44.38,44.80,45.05,45.35,45.84,47.78,48.07,47.95,48.00,47.92,47.36,45.59,43.00,42.74,44.42,45.12,45.39,45.57,46.14,46.27,46.22,45.79,45.27,44.95,44.10,43.12,42.92,44.20,46.56,47.92,48.12,48.12,48.17,49.70,48.78,45.72,44.10,43.73,43.43,43.25,46.04,47.80,47.61,46.96,46.64,46.44,46.24,45.99,45.82,45.77,45.74,45.02,44.18,45.52,47.16,47.48,47.83,48.34,49.07,49.07,47.34,45.57,45.54,45.72,46.27,48.56,50.41,51.22,51.34,51.24,51.14,50.70,48.41,44.00,42.21,42.18,42.18,41.95,44.45,48.80,50.31,51.02,51.14,51.17,50.46,47.38,45.27,44.92,44.82,45.57,47.90,49.63,49.46,49.05,48.22,47.56,46.94,44.40,43.53,43.63,44.05,43.45,43.68,45.32,46.69,46.74,46.49,46.14,45.44,45.15,44.82,45.39,45.57,45.62,45.52,45.74,46.64,46.86,47.01,46.96,46.86,46.61,46.24,45.42,45.20,45.30,45.12,44.72,44.50,44.65,45.17,45.69,46.12,46.41,46.04,45.22,43.80,42.54,42.36,42.41,42.64,43.35,44.72,47.16,48.58,48.31,47.80,47.63,47.61,47.66,47.61,47.61,46.79,45.52,44.95,45.25,45.15,45.02,45.27,45.67,45.99,45.97,45.79,44.82,43.88,43.65,43.73,43.68,43.80,44.38,44.60,44.90,44.90,44.80,44.97,45.44,45.59,45.22,44.92,45.44,45.62,45.79,46.27,46.46,46.81,47.29,47.58,47.14,45.05,44.52,45.17,44.90,44.85,45.17,45.64,46.09,46.66,46.64,47.14,47.48,47.01,45.57,44.95,45.25,45.62,45.87,46.79,48.05,48.88,49.90,50.85,50.73,48.78,47.75,48.10,49.24,52.13,53.71,54.45,55.26,55.74,56.54,57.73,58.25,58.37,58.39,58.46,58.51,58.62,58.67,58.70,58.74,58.74,58.86,58.91,58.93,58.98,59.09,59.09,59.07,58.98,59.09,59.09,59.12,59.14,59.33,59.70,60.33,61.00,61.57,61.78,61.39,61.02,61.02,-327.68,-327.68,-327.68,-327.68,
-327.68,-327.68,-327.68,-327.68,58.32,58.34,58.27,58.25,58.27,58.41,58.58,58.81,59.56,60.15,60.29,60.49,60.68,60.58,60.63,60.42,60.24,60.24,60.22,59.94,59.61,59.77,60.26,60.38,60.29,59.87,59.63,59.73,59.63,59.59,59.40,59.23,59.09,58.91,58.84,58.74,58.58,58.41,58.39,58.13,58.27,58.11,58.25,58.51,57.64,57.10,56.82,56.49,56.21,55.67,54.12,53.26,52.61,51.97,50.92,49.12,48.14,47.88,46.81,46.99,48.05,47.78,47.38,46.61,46.27,46.24,46.12,46.39,44.82,45.22,44.90,44.70,45.35,46.04,45.84,45.15,45.94,46.79,46.99,46.84,45.10,44.23,43.20,43.40,44.47,44.92,45.22,45.49,45.79,45.84,45.79,45.59,45.15,44.25,43.83,43.95,43.85,43.90,44.38,44.95,45.07,44.90,45.20,44.95,44.80,45.05,45.72,45.92,46.14,45.99,45.74,44.75,43.60,44.25,45.02,44.87,44.70,43.93,43.20,43.35,43.35,44.57,45.10,45.30,45.54,47.56,48.17,48.14,48.12,47.53,45.89,43.33,42.28,42.92,44.18,44.80,45.17,45.49,46.02,46.14,46.32,45.64,45.00,44.80,45.10,45.72,44.42,45.00,46.69,47.73,47.97,47.92,48.07,49.19,48.41,45.84,44.18,43.98,43.83,43.68,45.97,47.68,47.53,46.96,46.66,46.39,46.09,45.79,45.74,45.82,45.84,45.39,44.47,45.79,47.01,47.46,47.71,48.34,49.00,49.12,47.21,45.67,45.79,45.67,46.41,48.61,50.44,51.29,51.39,51.34,51.26,50.58,48.34,44.13,42.33,42.28,42.16,41.95,44.50,48.75,50.24,50.78,50.97,51.14,50.58,47.31,45.79,45.57,45.12,45.59,47.92,49.68,49.41,48.85,47.95,47.19,46.64,44.87,44.25,43.78,43.85,43.43,43.98,45.42,46.64,46.66,46.46,46.12,45.30,45.02,45.49,45.67,45.79,45.77,45.67,45.39,46.44,47.24,47.36,47.34,47.29,47.21,47.14,46.49,45.32,44.95,44.57,44.05,43.83,44.35,45.20,45.74,46.14,46.27,46.12,45.59,44.35,43.15,43.12,43.00,43.10,43.68,45.67,48.31,48.95,48.41,48.02,47.68,47.88,47.63,47.71,47.61,46.27,45.62,45.57,45.59,45.62,45.47,45.59,45.79,46.09,46.02,45.72,44.80,43.90,43.93,44.50,44.85,44.65,44.72,44.97,45.12,45.07,45.30,45.67,45.87,45.94,45.30,44.47,45.30,45.79,45.87,46.54,46.61,46.81,47.06,47.26,46.79,45.57,44.35,44.62,44.77,45.20,45.72,46.07,46.39,46.74,46.84,47.01,47.21,47.11,46.61,46.61,46.91,47.24,47.48,48.00,48.53,49.46,50.48,51.19,51.39,51.31,50.95,51.56,52.04,52.99,53.66,54.28,54.95,55.57,56.42,57.78,58.09,58.37,58.60,58.41,58.46,58.53,58.46,58.67,58.67,58.70,58.74,58.70,58.67,58.79,58.91,59.00,58.98,58.93,59.00,58.98,59.05,59.16,59.44,59.98,60.68,61.20,61.73,61.60,61.18,60.93,60.93,-327.68,-327.68,-327.68,-327.68,
-327.68,-327.68,-327.68,-327.68,58.25,58.30,58.20,58.20,58.25,58.34,58.44,58.55,58.91,59.98,60.12,60.38,60.58,60.58,60.65,60.47,60.38,60.35,60.24,60.01,59.63,59.56,60.01,60.33,60.33,59.91,59.44,59.37,59.30,59.12,59.09,58.95,58.81,58.77,58.58,58.60,58.48,58.34,58.25,57.97,57.95,58.02,58.02,58.55,57.57,57.15,56.84,56.45,56.14,55.53,54.09,53.28,52.80,52.11,51.34,49.97,49.07,48.73,48.10,47.90,48.34,47.97,47.41,46.59,46.02,46.17,46.02,45.92,44.82,45.20,45.30,44.77,45.20,45.97,45.79,45.30,46.81,47.24,46.91,46.74,46.37,43.75,43.15,43.50,44.85,45.17,45.52,45.84,46.24,46.24,46.14,46.02,45.77,44.75,43.75,43.65,43.88,44.20,45.25,45.67,45.49,45.27,45.17,45.10,44.65,45.27,45.99,46.17,46.14,45.87,45.30,44.38,43.73,44.25,45.00,45.00,45.05,44.52,43.22,42.82,43.40,44.70,45.30,45.39,45.44,46.46,48.00,47.97,46.94,45.52,43.35,42.26,42.56,43.25,44.18,44.65,45.17,45.84,46.17,46.44,46.54,45.99,45.74,46.07,45.84,46.89,45.62,45.84,46.84,47.46,47.61,47.66,47.97,48.39,48.05,45.69,44.00,44.28,43.95,44.08,45.89,47.61,47.43,47.19,46.94,46.66,46.27,45.77,45.79,46.24,46.12,45.64,44.72,45.57,47.19,47.75,48.05,48.75,49.24,49.44,47.46,46.12,46.59,46.51,47.34,49.17,50.63,51.31,51.34,51.29,51.05,50.24,48.27,44.38,42.36,42.26,42.26,42.08,44.42,48.63,50.09,50.63,50.95,51.12,50.80,48.88,48.05,47.90,47.48,47.26,48.78,49.83,49.44,48.80,48.00,47.38,46.76,46.02,45.57,44.97,44.77,44.52,44.62,45.57,46.39,46.54,46.46,46.02,45.22,45.00,45.77,45.97,45.92,45.82,45.84,45.52,46.04,47.14,47.31,47.41,47.43,47.43,47.51,47.43,46.29,44.97,44.92,45.00,44.95,45.02,45.64,46.09,46.41,46.51,46.51,45.87,44.80,44.03,44.08,43.93,43.80,43.98,45.84,48.49,49.17,48.75,48.19,47.90,47.80,47.63,47.61,47.16,45.99,45.87,45.82,45.79,45.74,45.72,45.82,46.09,46.27,46.37,46.22,45.92,45.82,45.74,45.84,46.09,45.87,45.72,45.64,45.54,45.44,45.69,45.94,45.84,45.94,45.92,45.42,45.54,46.07,46.69,46.94,46.91,46.37,46.24,46.34,46.32,46.29,45.92,45.74,45.99,46.22,46.44,46.51,46.61,46.76,46.94,46.89,47.11,47.48,48.31,48.85,49.17,49.22,49.19,49.17,49.19,49.95,50.83,51.51,51.73,52.32,52.66,53.02,53.30,53.42,53.81,54.35,54.95,55.67,56.38,57.69,58.18,58.25,58.60,58.37,58.44,58.39,58.51,58.67,58.62,58.70,58.79,58.88,58.86,58.77,58.79,58.86,58.86,58.81,58.88,58.91,58.93,59.23,59.61,60.35,60.97,61.50,61.76,61.37,61.04,61.00,60.95,-327.68,-327.68,-327.68,-327.68,
-327.68,-327.68,-327.68,-327.68,58.18,58.25,58.11,58.20,58.13,58.32,58.34,58.48,58.53,59.52,59.94,60.31,60.49,60.63,60.63,60.61,60.47,60.29,60.22,60.17,59.89,59.61,59.75,60.12,60.26,60.17,59.59,59.30,59.23,59.12,58.93,58.81,58.65,58.48,58.44,58.41,58.30,57.99,57.85,57.78,57.69,57.80,57.92,58.37,57.69,57.10,56.70,56.38,56.09,55.50,54.00,53.23,52.83,52.08,51.58,50.95,50.31,49.88,49.36,48.73,48.29,47.73,47.31,46.51,46.02,45.94,45.97,45.79,45.30,45.59,45.84,46.07,46.44,46.37,45.89,45.42,46.64,46.89,46.84,46.49,46.22,44.97,43.80,44.13,45.02,45.42,45.64,46.17,46.69,46.59,46.56,46.56,46.27,44.65,43.98,43.88,43.88,44.67,45.72,46.02,45.82,45.79,45.62,45.42,44.85,45.49,46.09,46.24,46.04,45.30,44.70,44.18,43.98,44.05,44.28,44.65,45.17,44.87,43.48,42.92,43.73,45.00,45.32,45.44,45.47,45.32,46.61,46.56,44.80,43.30,42.69,43.05,43.33,43.65,44.30,44.87,45.57,46.12,46.51,46.79,46.86,46.56,46.14,46.17,45.39,46.32,46.59,45.99,46.54,47.09,47.29,47.71,48.02,48.14,47.88,45.92,44.62,45.00,45.02,44.87,46.27,47.58,47.41,47.38,47.41,47.34,46.86,46.27,46.39,46.69,46.59,46.07,45.72,46.46,47.46,48.00,48.51,49.12,49.61,49.92,49.83,49.17,49.34,49.22,49.58,50.34,51.02,51.26,51.29,51.14,50.92,50.14,48.12,44.35,42.39,42.33,42.28,42.06,43.98,48.58,50.00,50.56,50.83,51.07,51.14,50.73,50.58,50.48,50.31,50.68,50.34,50.00,49.63,49.02,48.34,47.90,47.34,47.09,46.71,46.49,46.24,45.79,45.47,45.72,46.12,46.34,46.29,45.89,45.12,45.12,45.99,46.12,46.09,46.02,45.92,45.77,46.02,46.89,47.26,47.38,47.41,47.53,47.73,47.90,47.41,45.44,45.22,45.42,45.64,45.92,46.27,46.69,47.14,47.16,47.06,46.49,45.57,45.00,44.77,44.75,44.92,45.05,45.49,47.41,49.09,48.92,48.49,48.12,48.17,48.10,47.51,46.34,45.97,46.02,45.94,45.89,45.94,46.04,46.04,46.12,46.34,46.32,46.27,46.66,47.09,47.14,47.06,46.94,46.74,46.37,46.02,45.72,45.72,45.97,46.17,46.27,46.02,46.22,45.87,45.84,46.66,46.94,47.06,47.11,46.46,45.99,46.14,46.07,46.39,46.79,46.91,47.06,47.14,46.91,46.81,46.96,47.09,47.14,47.01,47.36,48.10,49.00,49.58,49.83,49.70,49.66,49.66,49.83,50.44,50.97,51.75,52.11,52.49,52.80,52.99,53.40,53.59,53.95,54.33,55.12,55.69,56.45,57.66,58.13,58.18,58.39,58.32,58.34,58.44,58.46,58.51,58.62,58.62,58.72,58.74,58.72,58.67,58.74,58.81,58.81,58.81,58.81,58.88,58.88,59.30,59.94,60.75,61.30,61.71,61.60,61.18,60.93,61.11,61.14,-327.68,-327.68,-327.68,-327.68,
-327.68,-327.68,-327.68,-327.68,58.06,58.09,58.09,58.20,58.18,58.25,58.27,58.46,58.41,58.84,59.73,60.19,60.31,60.49,60.52,60.58,60.58,60.38,60.19,60.19,60.03,59.73,59.63,59.96,60.33,60.31,59.77,59.30,59.14,58.79,58.74,58.67,58.51,58.27,58.30,58.09,58.09,57.97,57.69,57.64,57.50,57.57,57.78,57.95,57.76,57.03,56.61,56.21,55.98,55.50,53.92,53.16,52.78,52.20,51.82,51.17,50.61,50.31,49.75,48.95,48.29,47.46,47.11,46.29,45.89,45.82,45.74,45.89,46.37,46.66,46.81,47.09,47.24,47.26,47.24,46.49,46.76,46.89,46.86,46.49,46.17,45.67,44.80,44.75,45.12,45.57,45.72,46.27,47.01,47.21,47.24,47.31,46.74,45.22,44.25,44.05,44.13,45.30,46.32,46.27,46.09,46.02,45.77,45.52,44.57,45.77,46.41,46.29,46.32,45.94,45.35,44.65,44.18,43.98,43.98,44.33,44.92,44.87,43.95,43.65,44.25,45.07,45.42,45.47,45.49,45.20,45.27,45.17,44.38,43.85,43.95,44.05,44.13,44.28,44.72,45.25,45.79,46.39,46.71,47.06,47.14,47.11,46.86,46.66,46.51,46.99,47.63,47.11,46.89,46.89,47.14,47.68,48.10,48.12,47.90,47.11,46.64,46.46,46.51,46.69,47.31,47.53,47.36,47.38,47.66,47.68,47.53,47.14,46.91,46.94,46.94,46.84,47.09,47.46,47.71,48.14,48.61,49.27,49.85,50.19,50.44,50.53,50.63,50.75,50.66,51.00,51.22,51.22,51.24,51.12,50.87,50.05,47.80,44.03,42.26,42.31,42.31,42.21,43.98,48.53,50.02,50.53,50.78,50.97,51.24,51.31,51.39,51.31,51.22,50.95,50.66,50.19,49.83,49.27,48.63,48.12,47.75,47.53,47.06,46.99,46.74,46.17,46.12,46.39,46.32,46.29,46.22,45.79,45.30,45.35,46.24,46.37,46.22,46.04,45.79,45.64,45.94,46.27,47.09,47.36,47.48,47.68,48.05,48.24,48.05,46.02,45.54,45.64,45.82,46.17,46.49,47.31,47.80,47.75,47.51,47.06,46.04,45.42,45.30,45.25,45.20,45.32,45.52,45.99,47.36,48.07,48.07,48.12,48.12,47.73,46.74,45.67,46.17,46.49,46.17,46.27,46.27,46.32,46.46,46.44,46.32,46.32,46.39,46.81,47.14,47.21,47.29,47.19,46.91,46.56,46.17,45.89,45.94,46.22,46.27,46.27,46.04,45.87,45.44,46.07,46.64,46.86,47.16,46.99,46.51,45.94,46.32,46.07,46.54,47.19,47.16,47.19,47.43,47.34,47.09,47.26,47.29,47.31,47.43,47.90,48.68,49.44,49.85,49.90,49.75,49.75,49.92,50.31,50.85,51.34,52.01,52.23,52.61,52.68,52.87,53.38,53.47,54.07,54.52,55.12,55.57,56.52,57.55,57.92,58.04,58.25,58.25,58.30,58.39,58.39,58.41,58.48,58.53,58.65,58.67,58.67,58.72,58.77,58.74,58.67,58.67,58.72,58.81,59.05,59.54,60.38,61.04,61.60,61.66,61.32,61.07,61.00,61.27,61.39,-327.68,-327.68,-327.68,-327.68,
-327.68,-327.68,-327.68,-327.68,58.09,58.11,58.09,58.09,58.13,58.16,58.13,58.27,58.27,58.39,59.12,59.98,60.12,60.40,60.52,60.61,60.65,60.47,60.22,60.12,60.10,59.91,59.59,59.70,60.19,60.33,60.12,59.56,59.16,58.79,58.58,58.39,58.37,58.06,58.09,57.80,57.85,57.66,57.57,57.43,57.36,57.31,57.50,57.64,57.50,56.96,56.54,56.07,55.84,55.38,53.90,53.09,52.68,52.23,51.85,51.31,50.66,50.39,49.66,48.78,47.83,47.06,46.59,46.17,45.82,45.57,45.57,45.62,46.24,46.99,47.16,47.48,47.34,47.43,47.58,47.48,46.99,46.61,46.64,46.39,46.17,45.79,45.25,45.00,45.32,45.69,45.89,46.39,47.36,48.00,48.00,48.05,46.71,45.05,44.52,44.38,44.42,45.74,46.41,46.34,46.27,46.17,45.87,45.30,45.07,46.12,46.51,46.61,46.69,46.46,46.27,45.54,44.23,43.93,43.95,44.33,44.80,44.75,44.60,44.52,45.05,45.27,45.54,45.49,45.47,45.30,45.12,45.00,44.85,44.82,45.54,45.52,44.90,44.97,45.15,45.39,45.87,46.46,46.71,46.96,47.24,47.38,47.56,47.63,47.78,47.90,48.10,47.90,47.58,47.11,47.26,47.73,48.12,48.12,48.07,47.71,47.61,47.09,47.11,47.53,47.73,47.63,47.58,47.63,47.90,47.95,47.73,47.34,47.19,47.21,47.26,47.19,47.38,47.73,47.90,48.34,48.83,49.39,49.88,50.19,50.51,50.73,50.83,51.00,51.07,51.19,51.29,51.46,51.44,51.41,50.95,50.19,47.95,44.05,42.16,42.23,42.36,42.23,43.85,48.61,50.00,50.46,50.75,51.05,51.02,51.31,51.31,51.31,51.22,50.95,50.68,50.19,49.68,49.39,48.90,48.27,48.05,47.56,46.96,46.89,46.71,46.59,46.89,47.06,46.96,46.96,46.64,45.92,45.32,45.32,46.41,46.51,46.27,46.07,45.64,45.72,45.92,45.84,46.27,46.86,47.46,47.80,48.14,47.97,47.09,45.69,45.79,45.82,45.94,46.54,47.11,47.97,48.29,48.31,48.02,47.51,46.84,45.97,45.72,45.62,45.47,45.44,45.54,45.67,45.99,46.41,46.51,46.61,46.84,46.51,46.17,45.79,46.46,46.91,46.54,46.61,46.51,46.74,46.89,46.59,46.44,46.44,46.61,47.01,47.24,47.06,46.91,47.01,46.86,46.59,46.41,46.02,46.12,46.37,46.34,46.27,46.12,45.02,44.47,46.02,46.54,46.69,46.96,46.91,46.49,45.94,46.12,46.27,46.74,47.16,47.16,47.21,47.41,47.56,47.36,47.46,47.43,47.43,47.88,48.39,49.00,49.63,49.85,49.85,49.68,49.63,49.90,50.41,50.85,51.46,52.04,52.25,52.63,52.59,52.85,53.16,53.57,54.09,54.64,55.17,55.84,56.40,57.52,57.92,58.04,58.09,58.18,58.18,58.25,58.34,58.39,58.44,58.46,58.48,58.55,58.55,58.60,58.72,58.70,58.62,58.60,58.67,58.79,59.21,59.96,60.75,61.37,61.71,61.55,61.07,60.95,61.18,61.48,61.55,-327.68,-327.68,-327.68,-327.68,
-327.68,-327.68,-327.68,-327.68,58.06,58.06,58.02,58.04,58.04,58.13,58.09,58.16,58.13,58.27,58.51,59.66,60.05,60.24,60.42,60.52,60.49,60.49,60.35,60.19,60.15,60.03,59.77,59.54,59.73,60.15,60.29,59.77,59.19,58.86,58.41,58.37,58.09,58.04,57.95,57.83,57.69,57.41,57.34,57.22,57.20,57.06,57.17,57.29,57.27,57.03,56.40,55.98,55.72,55.24,53.92,53.06,52.80,52.25,51.73,51.24,50.56,50.22,49.51,48.29,47.36,46.91,46.49,46.17,45.79,45.62,45.72,45.89,45.57,46.89,47.19,47.38,47.41,47.63,47.83,48.00,47.90,46.49,46.46,46.27,45.97,45.77,45.25,44.87,45.22,45.54,45.82,46.24,47.19,48.34,48.78,48.56,46.51,45.17,45.12,44.92,44.85,46.17,46.46,46.37,46.49,46.07,45.59,44.80,46.27,46.56,46.74,46.84,46.91,46.81,46.71,45.94,44.45,43.95,43.98,44.40,44.85,44.87,44.90,45.02,45.25,45.30,45.42,45.39,45.39,45.22,45.12,45.12,45.05,45.74,46.41,46.29,45.54,45.20,45.25,45.52,45.92,46.44,46.69,46.96,47.19,47.38,47.36,47.63,47.92,48.05,48.12,48.10,47.71,47.36,47.41,47.71,47.90,47.95,48.12,48.10,48.10,47.66,47.56,48.05,48.12,48.10,48.10,48.19,48.39,48.31,47.97,47.29,47.16,47.31,47.24,47.26,47.46,48.14,48.19,48.58,49.09,49.61,50.00,50.24,50.58,50.85,50.97,51.29,51.34,51.31,51.39,51.53,51.58,51.41,51.07,50.19,47.95,44.10,42.11,42.16,42.33,42.26,43.93,48.78,50.09,50.70,50.78,50.90,51.00,51.12,51.17,51.19,51.05,50.92,50.58,50.22,49.68,49.17,48.75,48.24,47.75,47.19,46.64,46.61,46.59,47.06,47.11,47.21,47.16,46.96,46.86,46.17,45.64,45.52,46.04,46.51,46.12,45.84,45.67,45.79,46.04,45.84,45.79,45.92,46.46,46.46,46.69,46.39,45.94,45.69,45.62,45.79,46.27,47.14,47.90,48.46,48.78,48.75,48.41,47.88,47.19,46.27,45.82,45.69,45.57,45.57,45.62,45.69,45.84,46.02,45.84,45.49,46.02,46.27,46.22,45.94,46.27,47.24,47.16,47.11,47.14,47.36,47.14,46.59,46.49,46.44,46.49,46.76,46.91,46.74,46.64,46.59,46.64,46.41,46.24,45.94,46.22,46.54,46.49,46.09,45.39,44.08,44.33,46.02,46.44,46.76,46.76,46.84,46.39,45.69,45.87,46.07,46.46,46.71,46.84,46.91,47.26,47.41,47.48,47.41,47.58,47.58,48.19,48.75,49.19,49.41,49.61,49.56,49.34,49.51,49.68,50.24,50.68,51.31,51.89,52.16,52.23,52.18,52.37,52.99,53.64,54.14,54.71,55.22,55.91,56.49,57.31,57.76,57.80,57.92,57.97,58.06,58.18,58.25,58.27,58.32,58.39,58.48,58.58,58.60,58.58,58.58,58.60,58.53,58.55,58.72,58.95,59.61,60.33,61.02,61.50,61.62,61.23,60.77,60.93,61.25,61.60,61.69,-327.68,-327.68,-327.68,-327.68,
-327.68,-327.68,-327.68,-327.68,58.02,58.02,57.97,57.95,57.92,58.06,58.09,58.11,58.09,58.27,58.20,58.95,59.87,60.08,60.24,60.47,60.49,60.49,60.47,60.24,60.12,60.17,59.91,59.61,59.66,59.98,60.26,60.05,59.37,58.95,58.46,58.25,58.04,57.80,57.73,57.64,57.50,57.24,57.24,57.10,57.06,56.87,56.94,57.03,57.34,57.10,56.28,55.98,55.55,55.19,54.07,53.11,52.90,52.18,51.61,50.97,50.27,49.95,49.14,47.90,47.21,46.86,46.59,46.07,45.89,45.94,46.07,46.49,45.67,46.29,47.21,47.11,47.38,47.56,48.00,48.49,48.34,46.46,46.27,46.22,45.97,45.67,45.20,44.62,44.97,45.32,45.57,46.02,46.44,47.75,49.07,47.95,46.02,45.49,45.42,45.20,45.05,46.39,46.56,46.49,46.56,45.77,44.85,44.80,46.69,47.06,47.16,47.14,47.29,47.29,47.24,46.32,44.52,43.90,43.98,44.30,44.75,44.85,45.00,45.30,45.27,45.30,45.35,45.47,45.72,45.72,45.77,46.02,46.09,46.66,46.89,46.74,45.92,45.25,45.25,45.72,46.56,47.14,47.41,47.95,47.90,47.14,46.86,47.41,47.78,48.05,48.22,48.24,48.00,47.53,47.53,47.80,47.92,47.88,48.07,48.29,48.41,48.56,48.31,48.56,48.68,48.58,48.53,48.61,48.56,48.36,47.90,47.34,47.24,47.16,47.16,47.31,47.66,48.41,48.61,49.02,49.41,49.70,50.05,50.34,50.58,50.83,50.97,51.29,51.19,51.44,51.31,51.44,51.51,51.51,51.12,50.31,48.07,44.25,42.26,42.26,42.39,42.28,44.03,47.97,50.24,50.58,50.80,50.85,50.83,50.85,50.73,50.75,50.56,50.53,50.27,49.83,49.36,48.97,48.27,47.97,47.26,46.61,46.02,46.09,46.49,47.01,47.09,47.01,47.06,46.91,46.69,46.34,46.02,45.67,45.67,46.24,45.67,45.35,45.52,45.57,45.82,45.69,45.57,45.74,46.07,46.04,45.84,45.89,45.79,45.92,45.82,46.02,46.74,47.53,48.34,48.85,49.05,49.00,48.56,47.90,47.19,46.46,46.24,46.14,45.62,45.42,45.57,45.77,45.94,45.99,45.79,45.30,45.72,46.32,46.41,46.27,46.07,46.81,47.78,47.90,47.80,47.63,46.84,46.27,46.44,46.39,46.51,46.79,46.69,46.27,46.04,46.14,46.27,46.14,46.02,45.99,46.24,46.51,46.49,45.82,44.50,43.50,44.30,45.99,46.34,46.56,46.79,46.49,46.04,45.72,45.89,45.82,45.92,46.22,46.07,46.29,46.66,47.19,47.46,47.56,47.51,47.78,48.39,48.70,48.63,48.31,48.12,48.10,48.02,48.31,49.34,50.00,50.61,51.24,51.73,51.48,50.36,50.19,50.58,51.39,53.18,54.02,54.74,55.41,55.86,56.73,57.34,57.64,57.73,57.78,57.80,57.92,58.06,58.18,58.27,58.30,58.25,58.34,58.51,58.51,58.51,58.53,58.55,58.55,58.51,58.62,59.21,59.98,60.77,61.25,61.64,61.43,60.84,60.68,61.07,61.41,61.64,61.73,-327.68,-327.68,-327.68,-327.68,
-327.68,-327.68,-327.68,-327.68,57.92,57.92,57.88,57.85,57.80,57.88,58.04,57.97,57.95,58.09,58.04,58.37,59.52,60.01,60.12,60.42,60.47,60.47,60.47,60.29,60.15,60.19,60.08,59.68,59.52,59.84,60.17,60.15,59.66,58.98,58.70,58.27,57.92,57.78,57.57,57.50,57.34,57.22,57.10,57.03,56.89,56.75,56.70,56.82,57.27,57.22,56.26,55.79,55.53,55.07,54.24,53.35,52.97,52.18,51.34,50.51,49.75,49.51,48.61,47.83,47.41,46.96,46.69,46.17,45.64,46.29,46.59,46.71,45.87,46.02,46.76,46.99,47.41,47.61,48.14,48.53,48.75,46.51,46.09,46.02,45.77,45.49,44.97,44.40,44.72,45.02,45.30,45.67,45.87,46.37,46.69,46.27,45.62,45.39,45.39,45.12,44.77,46.04,46.59,46.56,46.07,44.92,44.35,44.85,46.64,47.46,47.53,47.56,47.78,47.78,47.63,46.76,44.35,43.75,43.83,43.98,44.25,44.57,44.80,45.05,45.10,45.52,45.84,46.02,46.27,46.37,46.51,46.79,47.06,47.41,47.46,46.96,45.97,45.30,45.79,46.49,47.11,47.51,47.80,48.49,49.00,47.53,46.59,46.91,47.29,47.78,48.00,48.10,48.07,47.78,47.71,47.71,47.90,48.05,48.12,48.36,48.39,48.41,48.75,48.70,48.90,48.80,48.56,48.49,48.56,48.46,48.10,47.48,47.31,47.19,47.19,47.36,47.68,48.19,48.34,48.97,49.34,49.75,50.17,50.34,50.46,50.58,50.61,50.73,50.97,51.14,51.22,51.31,51.61,51.68,51.26,50.46,48.22,44.30,42.28,42.26,42.44,42.39,43.98,48.12,50.44,50.85,50.85,50.97,50.61,50.44,50.17,49.92,49.83,49.88,49.78,49.41,49.00,48.56,48.19,47.51,47.09,46.46,45.82,45.77,46.46,46.86,46.91,46.86,46.86,46.66,46.44,46.04,45.79,45.57,45.44,45.27,44.87,44.62,44.33,44.90,45.32,45.67,45.62,45.69,45.69,45.69,45.59,45.57,45.44,45.77,46.02,46.46,47.06,47.63,48.36,48.88,49.02,48.88,48.44,47.75,46.84,46.27,46.14,46.44,45.59,45.05,45.25,45.57,45.84,45.97,45.87,45.30,45.44,46.14,46.44,46.49,46.04,45.72,46.84,48.14,47.90,46.91,45.97,46.09,46.41,46.39,46.37,46.44,46.37,45.94,45.57,45.57,45.72,45.74,45.79,45.79,45.72,45.74,45.84,46.02,45.62,44.95,44.67,45.84,46.12,46.39,46.22,46.14,45.57,45.79,45.82,45.67,45.22,44.80,44.90,45.05,44.77,46.14,47.46,47.63,47.73,48.10,48.49,48.63,47.41,45.64,45.27,45.54,45.79,46.49,48.83,49.90,50.61,51.26,51.51,50.63,48.07,47.58,48.17,49.63,52.66,54.04,54.83,55.53,56.09,56.70,57.22,57.38,57.50,57.69,57.76,57.92,57.97,58.09,58.09,58.09,58.13,58.25,58.27,58.32,58.39,58.53,58.62,58.60,58.53,58.74,59.59,60.40,61.09,61.46,61.66,61.09,60.72,60.86,61.32,61.55,61.71,61.71,-327.68,-327.68,-327.68,-327.68,
-327.68,-327.68,-327.68,-327.68,57.85,57.83,57.83,57.83,57.78,57.83,57.88,57.95,57.83,57.95,57.90,58.02,58.79,59.87,60.10,60.29,60.47,60.38,60.38,60.33,60.15,60.05,60.17,59.94,59.49,59.61,60.05,60.22,60.03,59.35,58.72,58.37,57.90,57.71,57.50,57.24,57.20,57.01,56.87,56.87,56.66,56.56,56.47,56.61,56.87,57.29,56.28,55.69,55.45,54.95,54.43,53.59,53.06,52.23,50.95,49.63,48.29,48.63,48.36,47.71,47.31,47.09,46.64,46.02,45.49,46.02,46.91,46.04,45.25,45.47,45.94,46.39,47.09,47.53,48.07,48.56,47.80,46.09,45.84,45.79,45.79,45.64,45.17,44.38,44.25,44.47,44.82,45.17,45.42,45.57,45.57,45.44,45.30,45.17,45.12,44.90,44.52,45.30,46.34,46.17,45.22,44.50,44.33,45.15,46.32,47.26,47.83,47.97,48.31,48.34,48.12,47.21,45.22,44.25,43.83,43.58,43.85,44.13,44.38,44.60,45.27,45.84,46.24,46.39,46.49,46.71,46.86,47.19,47.41,47.56,47.66,47.31,46.32,45.84,46.46,46.86,47.24,47.48,47.83,48.29,48.83,47.51,46.44,46.27,46.74,47.29,47.92,48.00,47.97,47.83,47.78,47.78,47.95,48.14,48.24,48.24,48.39,48.44,48.61,48.61,48.63,48.51,48.49,48.46,48.56,48.56,48.34,47.90,47.58,47.46,47.56,47.38,47.58,47.83,48.05,48.78,49.22,49.66,49.92,50.02,49.97,49.85,49.83,49.70,49.78,50.39,50.85,51.22,51.68,51.75,51.63,50.80,48.44,44.35,42.28,42.31,42.51,42.44,44.10,48.36,50.68,51.02,51.19,50.95,50.51,48.36,47.46,47.21,47.36,47.71,48.56,49.00,48.68,48.22,47.80,47.41,46.96,46.79,46.07,45.69,46.09,46.69,46.76,46.69,46.51,46.32,46.04,45.72,45.52,45.25,45.12,44.95,44.77,44.20,44.10,44.97,46.14,46.34,46.44,46.49,46.41,46.02,45.39,44.80,44.52,45.10,45.12,45.22,46.32,47.24,48.44,48.83,48.88,48.83,48.24,47.46,45.79,45.30,45.64,45.79,45.10,44.52,44.80,45.30,45.74,45.92,45.82,45.22,45.02,45.42,46.09,46.41,46.07,44.85,44.50,46.02,46.22,45.44,45.52,46.02,46.32,46.29,46.17,46.12,46.04,45.54,44.82,44.80,44.82,45.30,45.77,45.82,45.67,45.20,45.20,45.87,45.94,45.82,45.74,45.72,45.79,45.77,45.69,45.39,45.67,45.99,46.39,45.92,44.70,44.25,44.60,45.77,45.05,45.05,46.76,47.88,47.97,47.97,48.24,48.31,46.76,44.33,43.73,44.23,44.60,45.79,48.56,49.83,50.58,51.07,51.17,50.22,47.46,46.96,47.43,49.31,52.49,53.85,54.76,55.53,56.14,56.70,57.10,57.20,57.41,57.59,57.66,57.78,57.90,57.95,58.04,58.16,58.20,58.20,58.20,58.27,58.39,58.48,58.55,58.53,58.53,59.00,59.91,60.70,61.30,61.57,61.41,60.88,60.77,61.11,61.48,61.60,61.73,61.76,-327.68,-327.68,-327.68,-327.68,
-327.68,-327.68,-327.68,-327.68,57.83,57.85,57.80,57.76,57.73,57.76,57.73,57.83,57.80,57.80,57.85,57.90,58.20,59.37,59.91,60.05,60.33,60.38,60.40,60.47,60.22,60.05,60.10,60.01,59.75,59.56,59.73,60.17,60.17,59.63,58.91,58.60,57.99,57.62,57.31,57.17,56.96,56.80,56.75,56.59,56.52,56.38,56.31,56.42,56.42,57.10,56.24,55.72,55.24,54.90,54.40,53.71,53.11,52.28,50.66,49.27,47.61,48.88,48.53,47.88,47.38,47.26,46.71,46.09,45.22,45.42,45.62,44.50,43.95,43.88,44.40,44.90,46.12,46.76,47.16,46.79,45.82,45.32,45.22,45.57,45.59,45.59,45.32,44.67,43.98,44.00,44.30,44.45,44.70,45.15,45.42,44.85,44.60,44.42,44.35,44.57,44.75,44.97,45.52,45.64,45.25,44.82,44.52,45.25,46.17,46.54,46.86,47.61,48.51,48.83,48.36,46.96,45.92,45.57,44.92,43.85,43.43,43.53,43.83,44.30,45.57,46.02,46.32,46.54,46.69,46.86,47.19,47.19,47.48,47.63,47.71,47.19,46.41,46.32,46.64,46.91,47.16,47.41,47.83,48.31,48.61,46.94,45.82,45.77,45.87,46.39,46.91,47.24,47.41,47.53,47.56,47.58,47.73,47.90,47.90,47.80,47.90,47.90,48.00,47.88,47.80,47.88,47.97,48.05,48.34,48.56,48.51,48.31,48.14,47.83,47.83,47.83,46.99,46.29,47.80,48.36,48.85,49.31,49.63,49.78,48.24,46.81,46.94,46.86,46.49,48.68,50.61,51.14,51.94,52.11,51.80,51.02,48.63,44.40,42.08,42.26,42.49,42.39,44.13,48.39,50.78,51.29,51.46,51.24,50.24,47.63,46.29,46.27,46.66,47.14,47.90,48.61,48.29,47.92,47.48,46.91,46.66,46.37,46.14,45.84,45.59,46.29,46.49,46.37,46.07,45.77,45.52,45.32,44.92,45.02,45.59,45.64,45.07,44.25,44.85,46.27,46.49,46.54,46.69,46.76,46.89,46.51,45.67,44.52,44.03,44.57,44.97,45.47,45.62,46.96,48.53,48.85,48.80,48.68,47.90,47.14,45.35,44.87,45.05,45.00,44.82,45.07,45.87,46.29,45.97,45.69,45.64,45.07,44.60,44.13,45.39,46.09,45.82,44.20,43.50,44.25,45.05,45.42,45.99,46.46,46.66,46.24,46.07,46.17,46.34,45.05,43.93,43.80,44.40,45.47,46.04,45.92,45.42,44.65,44.45,45.67,45.89,45.79,45.72,45.47,44.87,44.65,45.17,45.82,46.09,46.61,46.89,46.84,45.27,43.88,43.68,45.05,45.57,45.15,46.12,47.61,47.75,47.71,47.68,47.88,46.24,44.10,43.85,43.80,44.23,45.67,48.51,49.83,50.51,50.97,51.17,50.17,47.75,47.31,47.46,49.46,52.47,53.59,54.62,55.60,56.19,56.61,56.94,57.15,57.27,57.50,57.59,57.62,57.80,57.92,57.92,57.95,57.97,58.06,58.16,58.25,58.32,58.30,58.44,58.60,58.67,59.49,60.33,61.04,61.50,61.48,61.20,60.79,60.91,61.32,61.60,61.62,61.73,61.89,-327.68,-327.68,-327.68,-327.68,
-327.68,-327.68,-327.68,-327.68,57.78,57.76,57.66,57.64,57.66,57.62,57.64,57.76,57.69,57.80,57.76,57.88,57.95,58.44,59.61,59.91,60.15,60.42,60.40,60.35,60.29,60.19,60.15,60.08,59.84,59.47,59.52,59.98,60.17,59.94,59.40,58.81,58.11,57.48,57.20,57.06,56.75,56.63,56.61,56.45,56.33,56.19,56.00,56.16,56.09,56.66,56.26,55.62,54.98,54.81,54.35,53.76,53.21,52.44,50.68,49.41,47.68,49.24,48.73,47.95,47.51,47.24,46.64,46.04,45.52,45.20,45.17,44.20,43.48,43.30,43.25,44.10,46.14,46.71,46.51,45.97,45.35,45.02,44.15,44.45,45.15,45.32,45.20,44.67,43.83,44.05,44.25,44.13,44.23,44.72,45.20,44.62,43.58,43.38,43.35,43.78,44.72,44.87,44.95,45.47,45.35,45.07,44.82,44.80,45.52,45.99,45.79,46.02,47.09,47.43,47.16,46.17,45.94,45.69,45.32,44.40,43.10,43.38,44.77,45.30,45.89,46.17,46.39,46.66,46.91,46.94,47.16,47.48,47.63,47.75,47.61,46.69,46.14,46.34,46.69,46.86,47.01,47.41,47.88,48.34,48.14,45.07,44.60,44.40,44.60,44.30,44.13,44.40,45.44,46.74,47.09,47.41,47.73,47.78,47.97,46.76,46.39,46.22,45.67,46.09,46.29,47.19,47.11,47.46,48.12,48.49,48.53,48.36,48.56,48.49,48.44,47.83,45.84,45.52,47.46,48.02,48.63,49.00,49.34,49.36,48.07,46.84,46.59,46.46,46.27,48.34,50.24,51.14,52.08,52.20,52.08,51.22,48.70,44.47,42.21,42.31,42.51,42.41,44.03,49.34,50.90,51.39,51.44,51.22,50.14,47.63,46.59,46.61,46.39,46.41,47.34,48.27,47.92,47.48,47.09,46.64,46.49,46.39,46.17,46.12,45.17,45.74,45.87,45.54,45.25,45.15,45.22,45.05,44.75,44.67,45.44,45.72,45.20,44.23,45.57,46.17,46.27,46.59,46.61,46.64,46.69,46.22,45.57,44.62,43.98,43.68,44.67,46.66,45.87,46.84,48.58,48.88,48.68,48.19,47.14,46.46,44.28,43.95,44.60,44.75,44.97,45.57,46.51,47.63,46.79,45.72,45.49,44.90,44.20,43.50,44.80,45.74,45.47,44.28,44.18,44.95,45.57,45.92,46.34,46.81,47.16,46.49,46.04,45.72,45.22,43.78,42.36,42.39,43.48,45.35,46.61,46.29,45.30,44.33,43.88,44.72,45.49,45.62,45.54,45.32,44.47,44.97,45.54,45.82,46.07,46.54,46.79,46.71,45.87,44.60,43.63,43.78,44.10,44.67,46.12,47.26,47.71,47.61,47.36,47.41,45.97,43.73,43.63,43.68,44.15,45.39,48.53,49.83,50.48,51.02,51.24,50.39,48.31,47.90,47.95,49.95,52.75,53.64,54.71,55.55,56.14,56.61,56.77,57.01,57.17,57.34,57.41,57.59,57.78,57.76,57.73,57.83,57.90,57.95,58.04,58.18,58.25,58.25,58.39,58.39,58.91,59.91,60.81,61.23,61.60,61.39,60.95,60.77,61.16,61.53,61.66,61.69,61.73,61.87,-327.68,-327.68,-327.68,-327.68,
-327.68,-327.68,-327.68,-327.68,57.64,57.64,57.62,57.62,57.59,57.55,57.57,57.66,57.59,57.78,57.66,57.71,57.83,57.97,58.88,59.89,59.96,60.24,60.35,60.35,60.38,60.24,60.15,60.08,59.91,59.63,59.37,59.63,60.10,60.08,59.63,58.95,58.39,57.57,57.13,56.84,56.61,56.42,56.33,56.26,56.05,56.02,55.69,55.86,55.91,56.12,56.33,55.36,54.98,54.62,54.40,53.66,53.30,52.66,51.41,49.75,48.29,49.31,48.63,47.63,47.41,47.41,46.49,45.92,45.67,45.30,44.92,43.80,43.25,42.89,42.66,43.20,45.69,46.94,46.59,45.69,44.97,44.52,43.83,43.98,44.87,45.10,45.02,44.42,44.18,44.75,45.00,44.82,44.60,44.45,44.42,44.13,43.10,43.27,43.02,43.38,44.30,44.52,44.70,45.10,45.15,44.97,44.87,44.52,44.75,45.32,44.45,43.85,45.54,46.04,46.14,46.09,45.99,45.72,45.42,45.00,44.18,45.05,45.64,45.67,45.62,46.09,46.27,46.61,46.76,46.91,47.19,47.31,47.41,47.36,46.64,45.79,45.89,46.32,46.61,46.81,46.91,47.16,47.66,47.68,46.27,44.30,44.13,44.42,44.23,43.38,43.22,43.63,45.00,46.39,46.69,46.91,47.36,47.56,47.61,46.49,46.37,45.57,44.92,45.32,45.84,46.81,46.76,47.21,48.10,48.51,48.44,47.41,47.66,48.31,47.97,45.99,45.67,46.04,47.16,47.38,48.02,48.78,49.12,49.19,47.97,46.61,46.09,45.82,46.46,47.97,50.09,51.12,52.11,52.20,52.13,51.34,48.78,44.52,42.28,42.33,42.56,42.49,44.15,49.31,50.92,51.48,51.51,51.22,50.05,47.24,46.49,46.14,45.32,45.42,46.59,47.63,47.41,46.86,46.49,46.61,46.39,46.12,46.02,45.97,45.52,45.15,44.38,44.18,44.70,45.05,45.15,45.12,44.75,44.77,45.12,45.47,45.17,44.70,45.54,46.24,46.34,46.56,46.64,46.59,46.51,46.22,45.62,44.82,43.98,43.33,43.58,44.85,45.42,47.11,48.63,48.88,48.31,47.68,46.66,45.64,43.95,44.20,44.65,44.57,44.80,45.52,46.44,46.91,46.32,45.59,45.30,44.70,44.25,43.60,45.39,45.79,45.47,44.97,44.97,45.42,45.69,45.99,46.27,46.76,47.01,46.94,46.44,44.87,43.43,42.51,42.11,42.46,43.38,45.20,46.59,46.37,45.27,44.28,43.80,44.13,44.80,45.12,45.20,45.17,45.12,45.10,45.35,45.87,45.97,46.39,46.56,46.29,45.25,45.57,45.97,45.05,44.33,44.35,45.92,47.26,47.56,47.41,47.58,47.53,46.02,43.85,43.43,43.85,44.20,45.35,48.95,50.44,50.56,51.02,51.31,50.48,48.44,48.27,48.34,50.56,52.99,54.02,54.98,55.57,56.07,56.70,56.63,56.82,56.94,57.15,57.22,57.36,57.59,57.59,57.59,57.64,57.71,57.78,57.95,58.06,58.06,58.13,58.25,58.51,59.28,60.38,61.04,61.46,61.60,61.16,60.77,60.97,61.41,61.60,61.69,61.73,61.78,61.85,-327.68,-327.68,-327.68,-327.68,
-327.68,-327.68,-327.68,-327.68,57.59,57.55,57.55,57.50,57.50,57.50,57.52,57.64,57.59,57.66,57.64,57.64,57.66,57.80,58.11,59.37,59.91,60.08,60.33,60.33,60.47,60.40,60.19,60.15,60.10,59.82,59.44,59.49,59.94,60.08,59.84,59.30,58.70,57.95,57.08,56.59,56.54,56.21,56.05,55.91,55.79,55.69,55.48,55.48,55.67,55.53,56.24,55.22,54.81,54.43,54.43,53.76,53.35,53.06,52.01,50.22,48.10,47.63,47.11,46.46,47.14,47.19,46.37,45.74,45.47,45.30,45.02,44.15,43.43,43.20,43.68,45.02,46.02,46.59,46.27,45.59,45.02,44.75,44.42,44.52,44.87,44.95,44.77,44.60,44.82,45.30,45.57,45.57,45.30,44.80,44.00,43.25,42.77,42.51,42.16,43.12,43.83,44.18,44.30,44.50,44.87,44.70,44.52,44.52,44.50,45.07,43.85,42.51,43.38,45.00,45.64,45.84,45.82,45.64,45.44,45.00,44.97,45.27,45.35,45.00,45.02,45.74,46.12,46.27,46.46,46.74,46.91,46.99,46.94,46.22,45.54,45.42,45.79,46.27,46.49,46.74,46.84,46.91,46.04,45.72,45.15,44.42,44.35,44.15,44.15,43.43,43.58,43.98,45.12,46.39,46.49,46.61,47.16,47.51,47.46,46.54,45.15,44.70,43.88,43.93,45.39,46.86,46.99,47.58,48.29,48.61,48.44,46.71,44.82,45.87,46.76,45.99,45.74,46.12,47.09,46.81,47.53,48.41,49.02,49.07,47.63,46.29,45.87,45.77,46.39,48.41,50.31,51.12,52.13,52.23,52.13,51.24,49.17,44.90,42.28,42.39,42.61,42.51,44.13,49.39,50.92,51.44,51.41,51.05,50.09,47.06,46.51,45.99,45.05,44.80,46.02,47.06,47.09,46.84,46.27,46.07,45.97,45.87,45.74,45.72,45.57,45.22,44.10,43.98,44.50,44.95,45.42,45.42,45.27,45.59,45.57,45.30,45.10,45.27,45.62,45.89,46.27,46.66,46.84,46.69,46.61,46.44,46.02,44.87,43.63,43.20,43.35,44.72,45.32,47.11,48.63,48.56,48.12,47.43,46.86,46.17,45.44,44.92,44.65,44.77,44.77,44.52,44.77,45.10,45.22,45.42,45.22,44.85,44.52,44.42,45.30,45.62,45.42,45.42,45.25,45.35,45.64,45.79,46.14,46.54,46.84,47.14,46.37,44.67,42.74,42.51,42.84,43.27,43.78,44.92,45.82,45.77,45.00,44.28,43.63,43.27,43.58,44.40,44.80,45.15,45.22,44.97,45.27,45.67,46.04,46.39,46.37,45.52,44.57,45.25,46.37,45.35,44.35,44.80,45.92,47.11,47.34,47.56,47.71,47.46,45.84,44.08,43.85,44.18,44.47,46.04,50.05,51.73,51.63,51.14,51.44,50.41,48.34,48.34,48.39,50.39,53.11,54.35,55.14,55.65,56.07,56.40,56.40,56.56,56.70,56.87,57.01,57.03,57.17,57.34,57.38,57.38,57.52,57.64,57.71,57.76,57.92,58.02,58.09,58.70,59.75,60.63,61.27,61.60,61.32,60.91,60.88,61.14,61.50,61.60,61.66,61.73,61.82,61.92,-327.68,-327.68,-327.68,-327.68,
-327.68,-327.68,-327.68,-327.68,57.57,57.43,57.48,57.41,57.38,57.50,57.52,57.52,57.43,57.57,57.55,57.52,57.64,57.69,57.88,58.65,59.73,59.91,60.10,60.24,60.31,60.35,60.26,60.08,60.05,59.98,59.63,59.37,59.63,59.91,59.96,59.63,59.12,58.41,57.36,56.54,56.28,55.95,55.91,55.67,55.57,55.48,55.14,55.17,55.24,55.12,55.74,55.07,54.45,54.02,54.35,53.71,53.52,52.99,51.68,50.61,49.61,48.39,47.24,47.19,46.89,46.54,46.22,45.82,45.62,45.30,45.27,45.30,44.77,45.25,45.64,46.02,46.54,46.46,45.99,45.74,45.54,45.20,45.02,45.02,45.00,45.02,44.87,44.90,45.25,45.57,45.67,45.72,45.59,45.22,44.18,42.61,41.78,41.52,41.50,43.10,43.75,43.95,44.08,44.03,44.13,44.05,43.98,44.62,44.60,44.80,43.00,41.85,42.23,43.40,44.80,45.47,45.64,45.62,45.30,44.92,44.85,44.95,44.90,43.98,42.77,43.83,45.02,45.74,46.22,46.37,46.37,46.02,46.09,45.72,45.35,45.42,45.79,46.37,46.74,46.76,46.69,46.89,45.67,44.97,44.90,44.42,44.23,43.48,43.12,42.51,43.30,44.62,45.74,46.41,46.49,46.66,47.36,47.63,47.53,46.56,44.87,43.93,43.05,42.94,45.05,46.91,47.21,47.78,48.44,48.78,48.68,46.54,44.33,44.30,45.79,45.35,45.02,45.77,47.09,46.84,47.34,48.22,48.78,48.90,47.63,46.49,45.79,45.59,46.34,49.00,50.58,51.14,52.04,52.16,52.01,51.29,49.12,44.90,42.36,42.44,42.69,42.56,44.25,49.39,50.95,51.41,51.44,51.05,50.19,47.21,46.41,45.99,45.10,45.00,46.07,46.89,47.01,46.94,46.44,45.94,45.67,45.52,45.42,45.64,45.52,45.35,45.07,45.15,45.30,45.77,46.34,46.49,46.27,46.22,45.94,45.67,45.44,45.30,45.79,46.02,46.27,46.32,46.79,46.91,46.74,46.56,46.61,45.64,43.95,43.00,43.58,44.85,45.39,47.41,48.85,48.70,48.10,47.66,47.90,47.63,46.49,45.57,44.82,44.95,45.30,45.39,45.20,45.47,45.52,45.54,45.59,45.22,45.02,45.17,45.22,45.57,45.57,45.62,45.64,45.62,45.49,45.57,45.99,46.46,47.01,47.41,46.91,45.12,43.43,43.30,43.40,43.80,44.28,45.20,45.67,45.49,45.00,44.45,43.75,42.82,43.07,44.30,45.20,45.57,45.35,44.52,44.97,45.57,45.82,46.02,45.74,44.85,44.35,44.95,45.25,44.87,45.12,45.59,46.27,46.89,47.11,47.56,47.71,47.46,46.12,45.67,45.05,44.72,45.35,47.78,50.73,51.70,52.13,51.58,51.58,50.85,49.14,49.31,49.58,50.90,53.47,54.55,55.12,55.65,56.14,56.24,56.05,56.16,56.35,56.47,56.70,56.82,56.87,56.94,57.10,57.20,57.24,57.31,57.52,57.55,57.76,57.97,58.32,59.40,60.33,61.11,61.60,61.55,61.11,60.72,60.95,61.30,61.55,61.62,61.73,61.80,61.82,61.87,-327.68,-327.68,-327.68,-327.68,
-327.68,-327.68,-327.68,-327.68,57.50,57.34,57.36,57.34,57.34,57.34,57.38,57.48,57.38,57.38,57.31,57.27,57.59,57.50,57.59,57.78,59.30,59.82,59.98,60.22,60.33,60.33,60.33,60.22,60.05,60.01,59.77,59.47,59.49,59.77,60.01,59.87,59.40,58.67,58.09,56.59,56.05,55.79,55.67,55.38,55.24,55.12,54.83,54.83,54.86,54.76,55.07,54.90,54.09,53.57,54.04,53.76,53.40,53.11,51.97,51.14,50.19,48.49,47.71,47.16,46.99,46.61,46.29,46.02,45.84,45.39,45.30,45.47,45.57,45.84,45.97,46.34,46.59,46.61,46.46,45.97,45.79,45.52,45.44,45.30,45.27,45.17,44.82,44.92,45.30,45.57,45.64,45.67,45.57,45.49,45.02,42.92,41.65,41.67,42.11,43.22,43.80,43.95,44.13,44.13,43.80,43.93,44.13,45.02,44.70,44.47,43.38,42.11,42.26,42.61,43.35,44.30,45.02,45.15,45.05,44.75,44.70,44.80,44.10,43.27,42.79,42.49,43.00,43.68,44.45,44.82,44.92,45.22,45.67,45.62,45.44,45.59,45.97,46.41,46.91,46.89,46.64,46.89,45.79,44.90,44.82,44.47,44.08,43.20,42.51,43.27,44.15,45.05,45.57,46.22,46.44,46.91,47.51,47.56,47.56,46.54,44.35,43.12,43.02,44.03,45.64,47.16,47.36,47.80,48.39,48.78,48.80,46.89,44.13,44.08,45.15,45.20,44.80,45.74,47.29,47.19,47.29,48.12,48.80,48.83,47.95,46.61,45.79,45.84,46.61,48.24,50.56,51.12,51.99,52.13,51.87,51.51,49.19,45.02,42.28,42.44,42.79,42.66,44.52,49.31,50.83,51.19,51.31,51.14,50.41,48.05,47.01,46.22,45.89,46.09,46.91,47.46,47.41,47.14,46.61,46.12,45.79,45.52,45.54,45.69,45.52,45.47,45.49,45.79,46.44,46.81,46.81,46.74,46.76,46.61,46.07,45.42,45.30,45.69,45.87,46.12,46.49,46.81,47.31,47.73,47.53,47.29,47.43,47.11,45.47,44.52,45.62,45.94,45.92,47.83,48.63,48.75,48.44,48.14,49.07,48.49,47.31,45.97,44.95,45.49,45.87,46.27,46.17,46.27,46.49,46.37,45.92,45.52,45.10,45.00,45.79,45.92,45.84,45.82,46.02,46.44,46.14,45.89,46.24,46.69,47.29,47.71,47.61,46.44,45.07,44.52,44.28,44.33,44.75,45.54,45.87,45.52,45.07,44.60,44.08,43.63,44.42,45.67,46.24,46.17,45.47,44.20,44.38,44.92,45.39,45.69,45.67,45.30,44.80,44.97,45.17,45.30,45.92,46.51,46.54,46.71,46.99,47.43,47.71,47.38,47.01,46.69,46.61,47.11,48.41,49.95,50.41,50.58,51.46,51.75,51.73,51.68,51.44,51.77,52.11,52.85,53.97,54.74,55.07,55.60,56.07,56.09,55.69,55.81,55.95,56.12,56.24,56.45,56.61,56.77,56.84,57.01,57.13,57.17,57.27,57.38,57.50,57.69,58.70,60.05,60.84,61.32,61.66,61.16,60.84,60.79,61.16,61.48,61.60,61.64,61.73,61.78,61.73,61.80,-327.68,-327.68,-327.68,-327.68,
-327.68,-327.68,-327.68,-327.68,57.34,57.22,57.29,57.31,57.27,57.29,57.27,57.27,57.31,57.20,57.20,57.22,57.41,57.62,57.48,57.50,58.27,59.56,59.94,60.01,60.22,60.31,60.33,60.22,60.12,60.08,59.94,59.54,59.42,59.56,59.94,60.01,59.68,59.12,58.79,57.03,56.02,55.60,55.36,55.12,54.90,54.76,54.62,54.43,54.43,54.28,54.47,54.57,53.59,53.23,53.73,53.59,53.33,53.30,52.25,51.63,50.22,48.41,47.66,47.41,47.16,46.86,46.56,46.29,46.12,45.84,45.49,45.52,45.99,46.27,46.34,46.51,46.69,46.91,46.86,46.29,45.94,45.89,45.69,45.59,45.57,45.30,44.80,44.92,45.25,45.44,45.57,45.57,45.59,45.62,45.54,43.85,42.54,42.28,42.64,43.35,43.93,44.15,44.52,45.05,45.49,45.67,45.72,45.30,45.10,45.20,44.62,43.07,42.72,42.92,43.20,43.60,44.45,44.77,44.57,44.67,44.80,44.92,44.72,43.83,42.33,42.18,42.69,43.17,43.98,44.60,45.79,46.02,45.92,45.64,45.05,45.07,46.02,46.49,46.99,47.16,46.69,46.79,45.77,44.62,44.75,44.05,43.53,43.27,43.73,43.95,44.57,45.15,45.49,46.27,46.49,47.06,47.48,47.31,47.31,46.46,44.20,43.30,44.15,45.42,46.09,47.31,47.43,47.88,48.31,48.73,48.90,47.51,44.92,44.97,45.64,45.49,45.47,45.67,47.58,47.53,47.56,48.19,49.00,49.19,48.51,47.63,46.94,47.46,47.88,48.41,50.51,51.14,52.01,52.18,51.94,51.53,49.22,44.65,42.39,42.46,42.77,42.54,44.45,49.12,50.51,50.92,50.95,51.00,50.58,49.63,49.19,48.58,48.36,48.05,48.05,48.10,47.71,47.36,46.86,46.54,46.39,46.29,45.99,45.79,45.72,45.67,45.52,46.14,47.09,47.14,46.94,46.86,46.76,46.74,46.27,45.47,45.49,45.79,45.87,46.37,46.74,47.43,48.12,48.44,48.41,48.31,48.31,48.00,47.09,46.71,47.26,47.43,47.58,48.34,48.56,48.56,48.73,48.34,49.19,49.19,47.53,46.41,45.89,46.24,46.54,46.69,46.76,47.06,47.26,46.91,46.49,45.77,45.07,45.44,46.22,46.17,46.24,46.09,46.41,46.91,47.11,47.06,46.99,46.91,47.46,47.73,47.90,47.36,46.39,45.59,45.15,44.92,45.00,45.30,45.47,45.35,45.07,44.67,44.30,44.67,45.67,46.32,46.54,46.41,45.99,44.75,44.30,44.57,45.10,45.69,45.77,45.69,45.62,45.57,45.79,46.09,46.46,46.59,46.66,46.94,47.29,47.58,47.75,47.53,47.41,47.24,46.94,47.97,49.17,49.63,49.53,49.58,50.66,51.56,51.73,52.08,52.56,53.04,53.28,53.88,54.35,54.83,55.17,55.48,55.93,55.76,55.29,55.41,55.53,55.72,55.91,56.16,56.35,56.40,56.54,56.75,56.96,56.89,57.03,57.15,57.34,57.88,59.28,60.45,61.02,61.37,61.46,61.04,60.84,60.95,61.37,61.66,61.66,61.66,61.76,61.85,61.73,61.73,-327.68,-327.68,-327.68,-327.68,
-327.68,-327.68,-327.68,-327.68,57.27,57.15,57.20,57.17,57.27,57.27,57.20,57.17,57.13,57.15,57.08,57.08,57.17,57.34,57.36,57.24,57.50,58.95,59.87,59.87,60.17,60.19,60.31,60.35,60.10,59.96,60.01,59.84,59.52,59.49,59.77,60.01,59.84,59.26,58.46,57.55,55.95,55.29,55.12,54.88,54.67,54.28,54.16,53.97,53.88,53.81,53.81,54.02,53.09,52.83,53.64,53.45,53.40,53.35,52.47,51.75,50.70,48.95,48.19,47.73,47.63,47.24,46.96,46.74,46.74,46.34,46.04,45.97,46.61,46.86,46.69,46.91,47.01,47.16,47.16,46.76,46.17,46.14,45.99,45.92,45.89,45.69,45.15,45.00,45.12,45.32,45.42,45.42,45.47,45.67,45.54,44.52,43.73,43.22,43.33,43.90,44.25,45.30,46.04,46.14,46.29,46.39,46.24,45.57,45.47,45.64,45.69,45.54,44.97,44.92,45.32,45.62,45.72,45.64,45.35,45.10,45.20,45.22,45.17,45.05,44.10,42.41,42.74,43.02,44.08,46.04,46.41,46.32,46.27,46.02,45.27,45.17,46.27,46.74,46.94,46.86,46.59,46.59,45.69,44.57,44.75,44.28,44.20,44.13,45.17,45.07,45.17,45.52,45.99,46.69,47.16,47.53,47.63,47.41,47.31,46.91,45.52,45.00,45.49,46.02,46.49,47.48,47.61,47.90,48.31,48.78,49.05,48.10,47.01,47.19,47.16,47.06,47.06,46.91,47.97,48.05,48.14,48.75,49.31,49.63,49.56,49.41,49.68,49.63,49.58,49.88,50.70,51.31,52.13,52.30,52.06,51.56,49.29,44.75,42.54,42.54,42.77,42.59,44.47,49.12,50.39,50.78,50.70,50.78,50.63,50.53,50.44,50.19,49.63,49.17,48.78,48.29,47.90,47.31,46.96,46.91,46.84,46.71,46.37,45.99,46.09,45.82,45.54,46.69,47.58,47.29,46.91,46.79,46.84,46.79,46.64,46.12,46.12,46.27,46.49,46.76,47.38,47.90,48.44,48.95,49.07,49.00,48.70,48.36,48.12,48.27,48.49,48.53,48.80,48.92,48.63,48.75,48.75,48.68,48.51,48.05,47.34,46.51,46.09,46.29,46.81,47.29,47.66,47.80,47.80,47.46,46.96,46.29,45.67,46.02,46.22,46.14,46.02,45.94,46.37,47.26,47.68,47.71,47.68,47.36,47.51,47.78,47.95,47.66,46.94,46.32,45.84,45.47,45.42,45.39,45.32,45.27,45.05,44.67,44.50,45.32,46.27,46.54,46.69,46.56,46.27,45.15,44.50,44.70,45.20,45.62,45.79,45.87,45.94,45.84,46.12,46.44,46.79,46.71,46.56,46.99,47.38,47.63,47.83,47.83,47.34,47.19,47.68,48.46,48.78,48.90,49.00,49.19,50.02,51.26,51.70,52.13,52.68,52.92,53.40,54.00,54.47,54.76,55.12,55.45,55.69,55.48,54.76,54.59,54.83,55.07,55.36,55.60,55.81,56.12,56.24,56.33,56.38,56.56,56.82,56.89,57.17,58.41,59.87,60.93,61.32,61.57,61.23,60.91,60.91,61.18,61.55,61.60,61.69,61.76,61.76,61.78,61.71,61.64,-327.68,-327.68,-327.68,-327.68,
-327.68,-327.68,-327.68,-327.68,57.13,57.13,57.06,57.03,57.06,57.10,57.03,56.96,57.06,57.03,56.96,56.94,57.03,56.98,57.17,57.03,57.15,57.76,59.35,59.75,59.94,60.19,60.29,60.31,60.19,60.05,59.98,59.91,59.66,59.44,59.63,59.94,59.91,59.40,58.53,57.76,56.33,55.07,54.76,54.43,54.16,53.88,53.61,53.47,53.18,53.16,53.04,53.59,52.66,52.16,53.38,53.45,53.40,53.61,52.54,52.06,51.73,50.27,48.95,48.41,48.41,48.02,48.02,47.83,47.92,47.26,46.86,47.01,47.56,47.75,47.31,47.56,47.51,47.63,47.43,47.01,46.49,46.41,46.27,46.14,46.27,46.24,45.89,45.32,44.77,44.65,44.82,44.92,45.05,45.07,44.70,44.00,43.78,43.80,44.00,44.42,44.92,46.27,46.41,46.44,46.46,46.41,46.12,45.64,45.67,45.84,46.44,47.31,47.16,46.81,46.46,46.24,46.02,45.79,45.32,45.07,45.57,45.57,45.49,45.47,45.20,43.07,42.97,43.68,45.87,46.41,46.54,46.49,46.39,46.27,45.74,45.57,46.32,46.56,46.64,46.66,46.49,46.37,45.30,44.72,44.77,44.90,45.07,45.25,45.84,46.29,46.49,46.66,46.79,47.19,47.48,47.78,47.90,47.78,47.63,47.63,47.06,46.69,46.91,47.16,47.61,47.88,47.71,47.92,48.41,48.95,49.19,49.17,49.00,49.02,48.88,48.68,48.56,48.34,48.19,48.24,48.61,49.14,49.56,49.83,50.05,50.39,50.58,50.61,50.70,50.95,51.14,51.51,52.32,52.47,52.20,51.63,49.36,44.80,42.51,42.56,42.82,42.74,44.45,49.22,50.41,50.70,50.48,50.66,50.66,50.75,50.58,50.36,49.85,49.39,48.95,48.46,47.97,47.38,47.19,47.06,46.91,46.94,46.59,46.12,46.14,45.64,45.72,46.99,47.53,47.21,46.86,46.71,46.91,46.96,47.16,46.96,46.96,47.19,47.31,47.61,48.10,48.49,48.90,49.29,49.41,49.39,49.05,48.61,48.56,48.73,48.83,48.97,49.00,49.07,48.92,49.14,49.09,48.85,48.75,48.39,47.71,46.81,46.46,46.71,47.34,47.97,48.36,48.36,48.27,48.05,47.58,46.86,46.49,46.59,46.61,46.59,46.39,46.17,46.14,47.63,47.83,48.02,47.90,47.71,47.58,47.63,47.83,47.78,47.26,46.69,46.29,45.79,45.67,45.54,45.35,45.12,44.97,44.65,44.67,45.72,46.56,46.69,46.69,46.51,46.17,45.30,45.02,45.05,45.74,46.07,46.34,46.44,46.29,45.94,46.22,46.49,46.81,46.99,46.91,47.36,47.41,47.63,48.22,48.46,47.71,47.34,47.90,48.12,48.07,48.24,48.58,49.09,49.80,50.97,51.58,52.01,52.59,52.87,53.33,53.90,54.40,54.83,55.19,55.53,55.57,55.17,54.09,53.69,54.04,54.43,54.76,55.07,55.36,55.50,55.57,55.84,56.19,56.38,56.38,56.59,57.27,58.98,60.52,61.04,61.50,61.32,61.04,60.84,61.04,61.41,61.60,61.62,61.71,61.78,61.76,61.73,61.69,61.55,-327.68,-327.68,-327.68,-327.68,
-327.68,-327.68,-327.68,-327.68,56.98,57.01,56.94,56.91,56.96,57.01,56.87,56.87,56.84,56.80,56.77,56.70,56.84,56.75,56.73,56.77,56.80,57.01,58.51,59.52,59.73,60.24,60.22,60.29,60.31,60.19,60.03,60.01,59.89,59.59,59.52,59.73,59.89,59.63,59.05,58.46,57.22,55.07,54.47,53.97,53.66,53.26,53.04,52.63,52.47,52.32,52.59,52.68,51.85,51.87,53.11,53.54,53.54,53.61,52.75,52.20,51.89,51.44,50.61,50.09,49.73,49.41,49.22,48.83,48.39,47.95,47.73,48.05,48.24,48.34,48.12,48.19,48.12,48.07,47.51,46.94,46.64,46.49,46.34,46.37,46.51,46.51,46.41,45.92,44.97,44.50,44.57,44.67,44.60,44.50,44.25,44.05,43.98,43.90,44.40,44.82,46.09,46.69,46.69,46.74,46.69,46.41,46.22,45.49,45.64,46.12,46.89,47.66,47.58,47.41,47.11,46.66,46.17,45.69,44.62,44.87,45.62,45.79,45.87,45.74,45.47,43.45,43.25,45.07,46.37,46.49,46.54,46.54,46.54,46.51,46.37,46.22,46.39,46.59,46.59,46.64,46.34,45.99,44.67,44.67,44.85,45.30,45.84,46.24,46.69,47.11,47.41,47.41,47.41,47.41,47.53,47.73,47.92,47.90,47.75,47.88,47.46,47.26,47.63,47.90,48.27,47.97,47.71,47.95,48.46,49.00,49.31,49.61,49.53,49.44,49.31,48.95,48.75,48.53,48.24,48.24,48.78,49.24,49.63,49.83,50.07,50.53,50.78,50.95,51.26,51.44,51.46,51.65,52.40,52.66,52.42,51.48,49.29,45.22,42.51,42.56,42.94,42.79,44.18,49.34,50.51,50.78,50.61,50.73,50.78,50.83,50.56,50.34,50.07,49.83,49.31,48.68,47.92,47.46,47.16,47.06,46.96,46.94,46.69,46.09,45.94,45.84,46.07,46.71,47.01,46.91,46.91,47.01,47.36,47.48,47.63,47.71,47.90,48.02,48.14,48.41,48.73,48.90,49.27,49.53,49.58,49.56,49.39,49.19,48.97,48.95,48.95,48.85,49.00,49.09,49.09,49.14,49.02,49.02,48.75,48.61,48.29,47.78,47.56,47.61,47.92,48.34,48.70,48.63,48.53,48.36,47.97,47.31,46.89,47.01,47.01,46.86,46.76,46.37,46.24,47.41,47.80,47.78,48.07,48.10,47.97,47.46,47.51,47.38,47.01,46.41,45.94,45.74,45.64,45.54,45.32,45.10,44.97,44.72,44.90,45.99,46.74,46.76,46.64,46.29,45.82,45.30,45.52,46.07,46.99,47.63,48.07,48.29,47.53,45.69,45.77,46.22,46.59,46.84,46.91,46.81,47.09,47.41,48.12,48.58,47.92,47.26,47.51,47.90,47.73,47.71,48.12,48.56,49.19,50.19,50.95,51.48,52.42,52.87,53.28,53.92,54.43,54.81,55.14,55.43,55.45,54.71,53.28,52.75,53.23,53.71,54.04,54.38,54.69,54.93,55.19,55.29,55.48,56.02,56.07,56.40,57.78,59.73,60.79,61.20,61.46,61.18,60.84,60.84,61.14,61.41,61.57,61.64,61.73,61.78,61.73,61.64,61.64,61.32,-327.68,-327.68,-327.68,-327.68,
-327.68,-327.68,-327.68,-327.68,56.87,56.87,56.89,56.87,56.89,56.84,56.73,56.70,56.70,56.61,56.49,56.45,56.61,56.52,56.54,56.56,56.59,56.54,57.17,59.23,59.73,59.96,60.19,60.19,60.24,60.26,60.01,59.96,59.98,59.73,59.49,59.54,59.73,59.77,59.52,59.09,58.09,55.69,54.19,53.59,53.16,52.75,52.47,52.06,51.77,51.70,51.80,52.01,51.36,51.39,52.85,53.52,53.61,53.38,52.54,52.06,51.70,51.51,51.07,50.61,50.17,50.02,49.73,49.19,48.44,48.05,48.00,48.44,48.46,48.68,48.61,48.58,48.39,47.97,47.38,46.84,46.54,46.39,46.41,46.56,46.81,46.89,46.79,46.49,45.57,44.87,44.77,44.80,44.75,44.57,44.38,44.35,44.28,44.18,44.33,45.05,46.69,46.91,46.79,46.84,46.74,46.32,46.14,44.72,45.62,46.44,47.24,47.68,47.56,47.21,46.91,46.69,46.32,45.64,44.23,44.72,45.97,46.12,46.07,46.04,45.62,44.23,44.08,46.41,46.74,46.69,46.59,46.59,46.51,46.49,46.29,46.14,46.34,46.51,46.49,46.51,46.14,45.42,44.40,44.60,44.87,45.32,45.87,46.24,46.64,47.01,47.38,47.43,47.41,47.41,47.41,47.53,47.75,47.68,47.58,47.48,47.29,47.41,47.75,48.12,48.41,48.19,47.97,48.14,48.68,49.19,49.36,49.66,49.58,49.41,49.07,48.68,48.41,48.39,48.12,48.19,48.56,49.07,49.66,50.00,50.44,50.92,51.31,51.46,51.63,51.65,51.56,51.77,52.54,52.83,52.75,51.77,49.46,45.30,42.61,42.77,43.02,42.94,44.25,49.44,50.68,51.17,50.95,50.97,50.87,50.80,50.58,50.14,49.97,49.88,49.44,48.63,48.00,47.51,47.11,47.06,47.09,46.91,46.71,46.04,46.02,46.46,46.54,46.81,46.86,47.01,47.24,47.48,47.71,47.80,47.92,47.97,48.27,48.36,48.44,48.90,49.07,49.19,49.56,49.68,49.66,49.66,49.46,49.27,49.00,48.70,48.61,48.46,48.49,48.83,49.05,49.05,49.00,48.92,48.75,48.51,48.41,48.29,48.19,48.29,48.49,48.68,48.58,48.39,48.44,48.44,48.12,47.66,47.34,47.41,47.46,47.21,46.76,46.46,46.14,46.69,47.71,47.83,48.05,48.10,48.12,47.68,47.41,46.91,46.41,45.79,45.39,45.27,45.32,45.44,45.39,45.39,45.22,44.92,45.07,46.04,46.76,46.71,46.37,45.74,45.35,45.72,46.69,47.21,47.90,48.56,49.24,49.80,49.27,45.79,45.27,45.79,46.14,46.59,46.61,46.66,47.16,48.39,48.78,48.88,47.95,46.99,46.91,47.31,47.43,47.58,47.68,48.19,48.78,49.29,49.70,49.85,51.02,52.13,52.97,53.76,54.33,54.76,55.19,55.43,55.38,54.21,52.40,51.82,52.37,52.90,53.26,53.64,54.04,54.35,54.57,54.76,54.98,55.22,55.81,56.45,58.72,60.26,61.14,61.50,61.30,60.93,60.79,60.91,61.32,61.48,61.53,61.66,61.73,61.73,61.66,61.57,61.43,60.88,-327.68,-327.68,-327.68,-327.68,
-327.68,-327.68,-327.68,56.82,56.73,56.82,56.80,56.87,56.80,56.70,56.63,56.56,56.52,56.38,56.31,56.35,56.35,56.35,56.35,56.28,56.38,56.21,56.42,58.04,59.19,59.63,60.03,60.15,60.10,60.31,60.08,59.91,59.94,59.82,59.56,59.37,59.54,59.82,59.66,59.26,58.70,56.80,54.09,53.09,52.56,52.06,51.70,51.41,51.22,50.90,50.92,51.41,50.92,50.95,52.54,53.76,53.71,53.45,52.47,51.75,51.05,50.68,49.92,49.75,49.88,50.31,50.02,49.44,48.56,47.90,47.66,48.14,48.36,48.88,49.02,48.85,48.49,48.05,47.41,46.79,46.41,46.46,46.69,46.91,47.14,47.11,47.09,46.86,46.07,45.52,45.25,45.02,44.77,44.50,44.47,44.52,44.25,44.18,44.13,45.57,47.01,47.14,47.09,46.96,46.66,46.51,45.35,44.50,45.79,46.96,47.26,47.61,47.41,46.99,46.74,46.61,46.49,45.89,44.92,44.42,46.04,46.27,46.32,46.46,46.46,45.82,45.92,47.26,47.11,46.91,46.64,46.59,46.46,46.29,46.02,45.97,46.24,46.41,46.46,46.34,45.79,44.67,44.25,44.50,44.82,45.35,45.67,46.04,46.49,46.74,46.99,47.16,47.09,47.01,46.94,47.01,47.38,47.31,47.31,46.99,46.99,47.38,47.71,48.02,48.39,48.27,48.10,48.31,48.80,49.19,49.36,49.39,49.39,49.14,48.58,47.95,48.02,48.22,48.14,48.12,48.36,48.80,49.51,50.07,50.63,51.00,51.51,51.73,51.85,51.80,51.68,51.89,52.73,53.11,53.04,51.99,49.63,45.20,42.77,42.69,43.02,42.89,44.30,49.63,50.95,51.41,51.44,51.22,50.97,50.61,50.12,49.73,49.53,49.36,49.05,48.58,48.24,47.95,47.34,47.21,47.06,46.89,46.79,46.34,46.27,46.69,46.71,46.86,46.99,47.36,47.61,47.73,47.71,47.63,47.71,47.63,47.97,48.12,48.34,48.75,49.14,49.31,49.58,49.63,49.61,49.53,49.36,49.02,48.56,48.10,47.92,47.75,47.83,48.46,48.73,48.78,48.85,48.78,48.49,48.27,48.14,48.19,48.02,47.97,48.22,48.70,48.63,48.34,48.36,48.41,48.24,47.88,47.46,47.41,47.34,46.94,46.91,46.79,46.49,46.54,46.91,47.38,48.12,48.36,48.56,47.63,46.91,46.24,45.59,45.30,45.44,45.69,45.35,45.35,45.30,45.27,45.15,44.77,44.85,45.79,46.49,46.17,45.17,44.52,45.30,46.41,46.99,47.21,47.63,48.39,49.17,49.73,49.14,46.14,45.10,45.00,45.57,46.12,46.37,46.76,47.43,48.68,48.63,48.22,47.46,46.79,46.34,46.59,46.76,46.74,46.94,47.14,47.31,47.78,48.22,48.78,49.61,50.31,50.97,52.30,53.85,54.69,55.26,55.53,55.43,54.04,51.89,51.14,51.58,52.08,52.49,52.85,53.28,53.69,53.90,54.09,54.52,54.81,55.43,57.22,59.52,60.63,61.14,61.37,61.04,60.81,60.88,61.07,61.39,61.53,61.60,61.64,61.71,61.73,61.66,61.57,61.20,60.05,-327.68,-327.68,-327.68,-327.68,
-327.68,-327.68,-327.68,56.70,56.63,56.70,56.70,56.70,56.59,56.54,56.47,56.38,56.33,56.26,56.21,56.19,56.12,56.14,56.12,56.07,56.19,55.95,56.14,56.40,58.44,59.52,59.82,60.19,60.10,60.22,60.19,60.01,59.96,59.91,59.66,59.28,59.35,59.63,59.75,59.56,58.95,57.62,55.07,52.92,52.06,51.53,51.14,50.87,50.44,50.19,50.46,50.97,50.73,50.85,52.32,53.85,53.92,53.52,52.28,51.19,49.12,48.02,47.53,47.46,48.49,50.31,50.09,49.61,48.68,47.88,47.21,46.74,46.91,48.41,49.14,48.80,48.36,48.05,47.43,46.69,46.27,46.49,46.99,47.26,47.34,47.41,47.46,47.11,46.71,46.64,46.29,45.59,44.82,44.35,44.30,44.33,44.15,44.00,44.20,46.02,47.29,47.34,46.99,46.81,46.49,45.87,44.20,44.62,46.39,47.11,47.11,47.36,47.29,46.96,46.74,46.59,46.27,45.99,45.57,44.67,45.39,46.27,46.61,46.91,46.91,46.56,47.26,47.92,47.43,47.14,46.81,46.69,46.24,45.47,45.22,45.69,46.04,46.22,46.29,46.02,45.22,44.28,44.15,44.35,44.65,45.05,45.30,45.79,45.97,46.09,46.49,46.59,46.59,46.39,46.29,46.39,46.86,46.96,46.91,46.71,46.76,47.21,47.53,47.61,48.22,48.12,48.05,48.39,48.83,49.09,49.17,49.22,49.17,48.78,48.39,47.78,47.80,48.12,47.97,48.10,48.22,48.68,49.44,50.07,50.61,50.97,51.26,51.51,51.85,51.70,51.80,52.01,52.85,53.38,53.23,52.30,49.83,45.30,42.77,42.72,43.05,43.07,44.45,49.02,51.31,51.73,51.89,51.46,50.87,49.05,48.12,47.90,47.38,47.63,48.36,48.80,48.58,48.31,47.90,47.56,47.21,47.26,46.71,45.92,46.09,46.29,45.92,46.39,47.09,47.58,47.78,47.78,47.56,47.24,46.69,46.49,46.69,46.86,47.01,47.51,48.34,49.27,49.46,49.56,49.41,49.09,48.85,48.00,47.21,46.91,46.74,46.94,47.29,47.92,48.34,48.56,48.70,48.68,48.29,47.88,47.09,47.26,47.16,46.91,46.96,47.43,48.22,48.46,48.41,48.34,48.10,47.56,46.89,46.34,45.89,45.89,46.39,47.11,46.56,45.84,46.12,46.86,47.31,47.63,47.61,46.86,46.64,45.42,45.20,45.54,46.02,46.61,45.59,45.20,45.42,45.10,44.80,44.52,44.23,45.00,46.12,45.59,44.05,44.00,45.47,46.29,46.64,46.89,47.41,48.34,49.36,49.58,47.83,46.41,45.25,44.45,44.75,45.77,46.49,47.01,47.63,48.68,48.80,47.97,47.14,46.54,45.94,46.17,46.64,46.27,46.22,46.51,46.79,47.19,47.73,48.34,49.00,49.56,50.19,51.58,53.33,54.55,55.19,55.53,55.50,54.04,51.80,50.83,51.14,51.48,51.87,52.25,52.68,53.02,53.30,53.73,54.02,54.59,55.95,58.55,60.24,60.88,61.39,61.23,60.77,60.68,60.97,61.30,61.48,61.48,61.57,61.69,61.69,61.62,61.53,61.39,60.65,59.09,-327.68,-327.68,-327.68,-327.68,
-327.68,-327.68,-327.68,56.56,56.59,56.56,56.70,56.56,56.52,56.38,56.28,56.26,56.21,56.09,56.05,56.07,56.02,55.95,55.95,55.98,55.98,55.76,55.81,55.86,56.94,59.00,59.63,59.91,60.12,60.05,60.22,60.05,59.94,59.89,59.75,59.40,59.21,59.37,59.63,59.61,59.28,58.53,56.31,53.18,51.77,51.02,50.58,50.19,49.92,49.88,50.19,50.73,50.63,50.85,52.28,53.88,53.85,53.30,52.06,50.92,49.02,47.48,46.96,46.49,47.73,50.27,50.22,49.75,48.90,47.90,46.76,46.02,45.67,47.26,48.78,48.51,48.14,47.88,47.51,46.79,46.27,46.69,47.41,47.63,47.63,47.58,47.63,47.16,46.69,46.64,46.66,46.39,45.67,44.60,44.25,44.18,43.90,43.93,44.18,45.79,47.21,47.24,47.06,46.69,45.39,44.00,43.85,44.75,46.86,46.91,46.69,46.84,46.89,46.79,46.66,46.51,46.29,46.04,45.74,45.27,44.18,45.30,46.41,46.86,46.81,46.76,47.83,48.56,47.97,47.51,47.29,46.59,45.39,44.08,44.30,45.35,45.87,45.94,45.97,45.67,44.62,44.23,44.25,44.42,44.65,44.80,45.00,45.32,45.35,45.49,45.79,45.74,45.89,46.09,46.27,46.49,46.66,46.71,46.59,46.64,46.64,46.91,47.26,47.61,47.90,48.02,48.12,48.39,48.70,48.90,48.83,48.78,48.41,48.24,47.75,47.58,47.51,47.58,47.66,47.90,48.02,48.44,49.34,50.00,50.00,49.83,49.75,49.88,50.53,50.39,51.36,51.80,52.87,53.73,53.59,52.73,50.00,45.49,42.97,42.82,43.07,43.20,44.40,49.00,51.70,52.01,51.97,51.56,50.68,47.01,45.69,45.77,46.09,46.56,47.63,48.70,48.73,48.85,48.68,47.95,47.51,47.19,46.74,45.52,45.42,45.74,45.02,45.57,46.76,47.29,47.48,47.41,47.11,46.69,45.39,45.07,45.12,45.27,45.10,45.64,47.01,49.02,49.36,49.41,49.07,48.70,48.12,46.64,45.39,45.25,45.15,45.52,46.44,47.31,48.12,48.49,48.63,48.56,48.17,47.51,45.54,46.02,46.24,45.52,44.62,45.39,47.26,48.12,48.34,48.24,47.90,47.36,46.51,45.44,45.10,45.12,46.02,47.34,46.69,44.77,45.32,47.01,47.36,47.51,46.96,46.49,46.17,45.79,44.72,44.25,45.20,46.61,46.09,45.27,45.17,44.77,44.35,43.98,43.53,44.25,45.79,46.22,45.42,44.82,45.49,46.02,46.41,46.81,47.41,48.51,49.31,48.70,47.06,45.59,45.00,44.62,44.80,45.64,46.44,47.09,47.63,47.90,48.46,47.92,46.94,46.41,46.02,46.02,45.99,46.02,46.17,46.56,46.91,47.38,47.66,48.24,49.19,50.22,50.92,51.97,53.38,54.33,54.90,55.38,55.53,54.24,52.13,51.05,51.00,51.14,51.34,51.53,51.87,52.32,52.75,53.26,53.52,54.69,57.03,59.56,60.63,61.18,61.39,60.84,60.63,60.77,61.04,61.32,61.48,61.57,61.66,61.66,61.60,61.57,61.53,61.04,59.66,58.16,58.18,-327.68,-327.68,-327.68,
-327.68,-327.68,-327.68,56.38,56.45,56.35,56.47,56.45,56.35,56.28,56.19,56.05,55.98,56.00,56.00,55.95,55.86,55.65,55.67,55.62,55.62,55.55,55.60,55.45,55.69,57.85,59.35,59.70,59.98,60.03,60.15,60.19,59.87,59.77,59.84,59.59,59.26,59.23,59.49,59.75,59.49,58.95,57.52,54.19,51.39,50.63,50.17,49.90,49.83,49.83,50.19,50.75,50.85,51.26,52.20,53.90,54.12,53.45,51.94,51.07,49.14,47.56,47.16,46.69,47.68,50.41,50.48,50.02,49.19,48.22,47.14,45.89,45.25,46.24,47.92,48.12,47.90,47.63,47.41,46.71,46.09,46.51,47.58,47.90,47.80,47.90,47.63,47.09,46.71,46.64,46.56,46.34,46.02,45.17,44.50,43.55,42.94,42.97,43.00,43.40,45.94,46.66,46.37,45.77,44.70,43.63,43.38,43.78,45.17,45.89,45.82,46.29,46.49,46.46,46.44,46.49,46.39,46.14,45.89,45.57,43.93,43.38,44.90,46.32,46.51,46.56,47.48,49.00,48.56,48.27,47.83,46.37,44.60,43.25,43.48,44.50,45.27,45.59,45.69,45.62,45.30,45.27,45.42,45.59,45.47,45.39,45.07,44.52,44.40,44.50,44.70,45.35,45.94,46.27,46.41,46.49,46.59,46.56,46.54,46.46,45.59,45.79,45.89,46.07,46.74,47.58,48.00,48.31,48.51,48.70,48.51,47.48,46.39,46.24,45.64,45.35,45.05,45.02,46.91,47.29,47.61,48.19,49.02,49.58,48.39,46.76,46.41,46.04,46.64,47.78,50.83,51.53,52.87,53.76,53.76,52.92,50.24,45.47,42.79,42.77,43.15,43.17,44.50,49.02,51.70,52.13,52.16,51.65,50.56,46.71,45.17,45.69,46.02,46.61,47.92,48.78,48.53,48.58,48.73,48.17,47.51,47.09,46.39,45.27,44.13,45.02,45.10,45.17,46.02,46.54,46.71,46.56,46.39,46.02,44.95,44.57,44.40,43.95,43.58,43.88,46.39,48.73,49.05,49.05,48.53,48.22,47.66,46.12,44.80,44.50,44.33,44.70,45.64,46.86,47.90,48.46,48.73,48.53,48.07,47.26,45.00,45.22,45.97,45.35,43.98,44.72,46.74,48.00,48.12,48.07,47.56,46.79,45.97,44.87,44.75,45.02,45.79,46.51,45.74,44.70,45.32,46.91,47.34,47.51,47.38,46.79,46.46,45.44,43.73,43.02,43.48,44.67,45.49,45.35,44.85,44.42,44.15,43.75,43.33,43.50,45.05,45.84,45.44,45.22,45.49,45.87,46.32,46.71,47.53,48.68,48.70,47.41,46.37,45.15,44.65,44.75,44.92,45.57,46.17,46.66,47.21,47.31,47.48,47.26,46.74,46.34,46.22,46.07,46.02,45.89,46.12,46.51,46.96,47.58,48.34,49.05,50.17,51.31,51.82,52.35,53.52,54.43,54.88,55.38,55.53,54.76,53.02,51.94,51.61,51.34,51.26,51.31,51.36,51.63,52.01,52.59,53.16,55.07,58.51,60.33,60.97,61.39,60.97,60.61,60.42,60.79,61.23,61.41,61.50,61.62,61.66,61.62,61.55,61.50,61.27,60.42,58.62,57.36,57.38,-327.68,-327.68,-327.68,
-327.68,-327.68,-327.68,56.21,56.28,56.21,56.33,56.24,56.28,56.14,56.09,55.95,56.02,55.81,55.62,55.62,55.57,55.53,55.48,55.41,55.41,55.17,55.29,55.07,55.12,56.12,58.58,59.42,59.73,60.05,60.03,60.22,60.08,59.77,59.87,59.77,59.42,59.19,59.47,59.73,59.70,59.23,58.44,55.55,51.85,50.46,50.00,49.92,49.95,50.09,50.48,51.02,51.17,51.44,52.49,54.02,54.12,53.45,52.13,51.12,49.27,47.46,46.91,47.01,47.90,50.51,50.73,50.39,49.73,49.00,47.56,45.62,44.92,44.85,45.97,47.63,47.63,47.43,47.34,46.91,46.39,46.14,47.34,48.07,48.05,48.10,47.41,46.84,46.74,46.64,46.56,46.49,46.04,45.59,44.60,43.50,43.02,43.38,43.40,43.12,44.87,45.84,45.77,45.57,45.12,44.38,43.12,42.44,42.74,43.30,43.38,43.48,44.60,45.89,46.22,46.24,46.27,46.22,45.94,45.54,44.05,42.44,43.17,44.70,45.54,46.12,46.76,48.31,48.68,48.22,46.86,45.94,44.97,43.73,44.10,44.65,44.90,45.32,45.64,45.87,46.04,46.22,46.34,46.76,46.69,46.24,45.79,44.20,43.25,43.43,44.50,45.54,45.92,46.14,46.34,46.27,46.37,46.34,46.49,45.87,44.10,44.60,44.95,44.92,45.54,46.81,47.34,47.61,48.07,48.39,48.34,47.01,45.57,44.90,45.79,45.79,44.25,44.18,46.51,46.96,47.43,48.14,48.95,49.34,48.10,46.14,45.92,45.62,45.99,48.92,50.80,51.46,52.87,53.92,53.92,53.06,50.31,45.57,43.07,42.97,43.17,43.22,44.52,49.07,51.77,52.18,52.32,51.68,50.48,46.49,45.57,45.89,46.17,46.76,47.95,48.75,48.53,48.14,47.92,47.46,46.71,45.39,45.30,44.05,42.72,43.10,45.52,45.32,45.84,45.94,46.02,46.12,45.92,45.62,44.95,44.03,42.97,42.77,42.89,43.55,46.27,48.56,48.92,48.78,48.29,47.63,47.16,45.89,44.33,44.20,44.28,44.70,45.30,47.01,47.63,48.29,48.56,48.56,47.88,47.14,45.00,44.80,46.12,46.46,44.40,45.02,46.76,47.92,48.10,47.90,47.31,46.59,46.24,45.32,45.05,45.57,45.35,44.03,43.85,44.52,45.82,47.31,47.56,47.48,47.48,47.26,46.71,44.67,43.22,42.84,42.26,42.61,43.68,44.87,44.70,44.25,44.08,44.08,44.35,44.82,45.54,45.79,45.52,45.20,44.92,45.05,45.72,46.12,47.16,48.19,47.68,46.46,45.82,45.27,44.87,44.80,45.17,45.92,46.49,46.64,47.06,47.19,46.91,46.86,46.89,46.86,46.66,45.99,45.79,46.09,46.84,47.41,47.90,48.61,49.68,50.34,50.58,50.90,50.95,51.56,53.30,54.59,55.02,55.38,55.53,54.95,53.59,52.80,52.49,52.11,51.82,51.44,51.24,51.29,51.46,51.99,53.11,56.42,59.70,60.75,61.18,61.39,60.91,60.61,60.72,61.09,61.39,61.48,61.48,61.60,61.69,61.62,61.48,61.39,60.88,59.28,57.62,56.96,56.98,-327.68,-327.68,-327.68,
-327.68,-327.68,-327.68,56.07,56.14,56.05,56.21,56.02,56.07,55.98,55.95,55.79,55.72,55.62,55.55,55.53,55.48,55.33,55.22,55.22,54.98,54.86,54.88,54.81,54.69,55.02,57.03,58.95,59.44,59.87,59.91,60.05,60.19,59.89,59.84,59.82,59.52,59.23,59.30,59.52,59.66,59.44,58.86,57.13,53.52,50.73,50.24,50.17,50.19,50.46,50.80,51.22,51.51,51.77,52.78,54.12,54.40,53.66,52.40,51.41,49.90,48.17,47.21,47.34,48.07,50.61,50.92,50.58,50.12,49.53,47.90,45.77,45.49,45.17,44.47,46.39,47.46,47.48,47.29,47.01,46.66,46.34,47.16,48.02,47.97,47.61,47.16,46.96,46.86,46.69,46.61,46.49,46.04,45.39,44.87,43.85,44.23,45.27,45.69,45.57,45.57,45.99,45.67,45.44,45.30,45.02,43.33,42.33,42.16,41.98,41.65,41.34,42.79,45.05,45.89,45.97,45.92,46.02,45.72,45.39,44.18,42.51,42.89,43.40,43.55,45.42,46.14,46.81,47.21,46.69,46.09,45.87,45.69,45.17,45.17,44.92,44.92,45.27,45.62,45.94,46.17,46.39,46.59,46.91,46.94,46.91,46.49,45.49,44.90,44.47,45.05,45.59,45.94,46.14,46.17,46.09,46.12,46.24,46.24,45.62,44.20,44.00,43.98,44.30,45.30,46.27,46.51,46.89,47.61,48.24,48.22,46.89,45.39,44.52,45.10,44.85,43.07,43.93,46.69,47.43,47.83,48.46,49.00,49.41,48.31,46.46,45.87,45.74,46.24,48.29,50.80,51.53,52.59,54.00,54.00,53.18,50.48,45.57,42.97,42.94,43.30,43.38,44.67,49.12,51.75,52.32,52.30,51.65,50.27,46.74,46.64,46.12,46.56,47.16,47.95,48.85,48.56,48.14,47.58,47.16,46.37,44.42,44.30,43.60,42.92,43.30,45.22,45.84,45.82,45.94,46.09,46.24,45.97,45.35,43.95,42.77,42.72,43.22,43.93,44.33,46.24,48.39,48.78,48.78,48.27,47.61,46.91,45.69,43.98,43.80,44.18,44.65,45.30,46.89,47.63,47.97,48.51,48.49,47.83,47.11,46.22,45.89,46.09,46.32,45.00,45.72,46.71,47.58,47.68,47.78,47.53,46.99,46.86,46.74,46.12,46.84,46.79,44.33,44.18,44.82,46.09,47.51,47.90,47.53,47.21,47.01,46.79,44.77,43.30,42.66,42.49,42.94,43.65,45.00,45.64,45.47,44.92,45.67,46.66,46.89,46.69,46.41,46.12,45.89,45.57,45.07,44.90,45.22,45.84,46.66,46.54,45.67,45.47,45.39,45.27,45.10,45.17,45.97,46.79,46.91,47.06,47.11,47.14,47.41,47.53,47.38,47.24,46.49,46.17,46.49,47.61,48.63,49.17,50.02,51.17,51.12,50.19,50.14,50.56,51.51,53.38,54.74,55.19,55.38,55.48,55.07,54.07,53.40,53.23,52.85,52.61,52.13,51.68,51.61,51.36,51.85,54.07,58.09,60.45,61.04,61.27,61.02,60.88,60.72,60.88,61.25,61.46,61.48,61.50,61.53,61.48,61.48,61.41,61.18,59.91,58.02,56.87,56.70,56.73,-327.68,-327.68,-327.68,
-327.68,-327.68,-327.68,55.86,55.98,55.84,55.95,55.72,55.81,55.79,55.69,55.53,55.53,55.36,55.24,55.17,55.07,55.05,54.88,54.76,54.76,54.62,54.50,54.28,54.26,54.50,55.24,57.88,59.16,59.54,59.91,60.01,60.05,60.05,59.82,59.82,59.68,59.47,59.37,59.52,59.54,59.47,59.19,58.53,55.43,52.01,50.92,50.66,50.78,51.02,51.34,51.61,51.89,52.08,52.85,54.09,54.43,53.90,52.63,51.85,50.78,49.17,48.12,48.17,49.14,50.92,51.12,50.83,50.39,49.85,48.80,46.27,45.30,45.17,44.67,45.39,46.96,47.68,47.46,47.24,46.89,46.49,46.49,46.79,46.99,47.16,47.24,46.99,46.69,46.64,46.54,46.46,45.79,45.54,44.85,44.25,44.77,45.64,46.02,46.32,46.46,46.86,45.89,45.22,45.07,44.87,43.58,42.54,42.16,41.70,41.06,40.99,41.80,43.75,45.07,45.54,45.74,45.79,45.54,45.17,44.47,43.38,43.17,43.68,43.40,44.23,45.54,45.87,45.99,45.92,45.72,45.39,45.10,45.32,45.30,45.05,44.97,45.17,45.57,45.94,46.27,46.37,46.71,46.91,46.89,47.06,46.59,45.57,45.35,45.12,45.15,45.57,45.87,46.02,45.99,45.79,46.09,46.46,46.46,45.79,43.80,42.79,42.77,43.20,44.30,45.82,46.32,46.76,47.61,48.24,48.31,47.09,44.87,44.60,44.18,44.13,43.07,44.08,46.71,47.63,47.90,48.36,49.09,49.46,48.49,47.14,46.27,45.79,46.29,47.68,50.83,51.65,52.51,54.12,54.07,53.33,50.61,45.79,43.12,43.07,43.38,43.48,44.75,49.17,51.82,52.42,52.40,51.68,50.70,47.75,47.43,46.89,46.49,46.51,47.66,48.78,48.53,48.22,47.73,46.99,46.04,44.47,45.07,46.27,44.75,44.38,45.05,45.44,45.84,46.27,46.56,46.44,45.97,45.27,44.03,43.30,43.53,44.15,45.30,44.97,46.32,48.10,48.78,48.83,48.49,47.75,46.96,45.74,44.65,44.35,44.52,45.02,45.59,47.11,47.90,48.22,48.56,48.53,48.02,47.19,47.19,46.94,46.41,46.07,44.95,46.09,46.56,47.11,47.31,47.63,47.73,47.41,47.29,47.36,46.54,46.94,46.76,45.54,44.95,44.90,46.29,47.68,48.07,47.53,46.84,46.84,46.56,44.72,44.15,44.20,43.90,44.65,44.95,45.64,46.66,46.79,46.86,47.43,47.56,47.24,46.91,46.79,46.86,46.91,46.41,45.69,45.32,45.35,45.47,45.74,45.62,45.30,45.57,45.59,45.57,45.67,45.72,46.02,46.64,46.91,47.01,46.99,47.34,47.95,48.10,47.80,47.56,47.16,46.94,47.41,48.24,48.63,49.09,50.05,51.00,51.73,52.28,52.87,53.45,54.00,54.43,54.81,55.22,55.43,55.41,55.05,54.40,54.02,53.81,53.54,53.33,52.97,52.66,52.37,51.97,52.78,56.12,59.54,60.84,61.18,61.27,61.04,60.84,60.91,61.11,61.32,61.46,61.48,61.53,61.53,61.43,61.39,61.02,60.52,58.58,56.87,56.21,56.47,56.49,-327.68,-327.68,-327.68,
-327.68,-327.68,-327.68,55.69,55.79,55.69,55.76,55.53,55.53,55.57,55.38,55.43,55.33,55.12,55.05,55.05,54.95,54.76,54.59,54.57,54.45,54.33,54.14,53.92,53.85,53.92,54.14,55.79,58.53,59.26,59.70,59.94,60.05,60.17,59.94,59.77,59.77,59.66,59.52,59.49,59.52,59.59,59.40,58.84,57.34,54.12,51.80,51.44,51.34,51.51,51.75,52.06,52.23,52.37,53.06,54.09,54.47,54.07,52.95,52.28,51.65,50.75,50.46,50.39,50.66,51.29,51.24,50.95,50.53,50.05,49.53,48.02,46.69,46.14,45.74,45.62,46.69,47.71,47.58,47.26,47.01,46.69,46.29,46.29,46.49,46.39,46.91,47.16,46.86,46.61,46.34,46.24,45.72,45.82,45.35,44.52,45.12,45.89,46.27,46.64,46.74,47.16,46.29,44.80,44.82,44.62,44.20,43.88,43.43,42.97,41.95,41.42,41.88,43.15,44.25,45.05,45.79,45.82,45.57,45.17,44.72,44.18,43.93,44.20,44.38,44.42,45.07,44.87,44.97,44.97,44.80,44.57,44.77,45.05,45.22,45.07,45.17,45.22,45.59,45.92,45.99,46.37,46.49,46.86,47.09,46.99,45.84,45.10,45.10,44.90,44.80,45.05,45.47,45.62,45.39,45.57,46.09,46.39,46.14,45.69,43.98,42.89,42.36,42.54,43.88,45.69,46.46,47.09,47.80,48.27,48.34,47.41,45.30,44.45,44.28,44.28,43.98,44.38,46.69,47.31,47.56,48.17,49.07,49.58,48.29,46.44,46.02,46.02,46.61,47.41,50.83,51.73,52.51,54.12,54.14,53.40,50.66,45.79,43.17,43.07,43.43,43.60,44.87,49.22,51.82,52.28,52.28,51.73,50.83,48.53,47.92,47.58,46.84,46.49,47.88,49.05,48.58,48.19,47.63,46.86,45.87,44.52,46.54,47.63,47.16,45.42,45.05,45.32,46.09,46.51,46.59,46.41,45.97,45.54,44.70,44.40,44.67,44.70,45.59,45.42,46.49,47.92,48.31,48.75,48.56,47.95,47.31,46.39,45.69,45.57,45.67,46.07,46.74,47.75,48.44,49.31,49.12,48.95,48.44,47.66,46.96,46.69,46.51,46.54,45.67,46.14,46.69,46.96,47.31,47.68,47.90,47.53,47.11,46.69,46.09,46.37,45.99,45.57,45.59,45.77,46.91,47.83,48.07,47.71,47.19,46.96,46.69,45.79,45.89,47.06,47.41,45.99,45.79,46.29,46.74,47.31,47.95,48.02,47.71,47.46,47.31,47.21,47.41,47.61,46.91,45.94,45.47,45.67,45.77,45.77,45.64,45.79,46.14,45.99,45.92,46.17,46.51,46.69,46.74,46.66,46.71,46.76,47.48,48.39,48.34,48.05,47.90,47.88,48.14,49.02,49.31,48.95,49.17,50.05,51.02,51.94,52.63,53.26,53.92,54.26,54.50,54.86,55.14,55.33,55.38,55.14,54.67,54.47,54.28,54.07,53.88,53.64,53.54,53.16,53.11,54.83,58.37,60.45,61.14,61.25,61.07,60.91,60.86,61.04,61.23,61.37,61.41,61.46,61.50,61.50,61.50,61.27,60.88,59.33,57.10,56.12,55.86,56.12,56.14,-327.68,-327.68,-327.68,
-327.68,-327.68,-327.68,55.50,55.55,55.50,55.60,55.38,55.38,55.31,55.22,55.14,54.93,54.76,54.71,54.59,54.52,54.43,54.26,54.16,54.07,53.92,53.76,53.54,53.40,53.23,53.40,53.85,56.80,58.91,59.40,59.77,60.05,60.05,60.15,59.82,59.82,59.84,59.63,59.44,59.44,59.56,59.63,59.23,58.48,55.84,53.04,52.01,51.85,51.97,52.11,52.28,52.40,52.59,53.28,54.19,54.57,54.19,53.06,52.66,52.49,52.32,52.11,51.97,51.75,51.56,51.34,50.97,50.58,50.27,49.85,49.34,48.92,48.46,48.10,47.90,47.90,47.90,47.56,47.11,46.66,46.27,45.92,45.92,45.97,45.92,45.47,46.14,46.37,46.14,46.07,46.09,45.57,45.10,45.10,45.05,45.22,45.99,46.44,46.69,46.91,46.91,45.05,44.25,44.40,44.42,44.80,45.02,45.05,44.67,43.30,42.18,42.21,43.12,44.00,44.67,45.54,45.74,45.47,45.05,44.80,44.38,44.40,44.62,44.95,45.05,45.17,44.95,43.98,44.15,44.72,45.32,45.42,45.35,45.20,45.17,45.32,45.05,45.27,45.79,46.02,46.22,46.44,46.51,46.32,45.52,45.07,44.97,45.05,45.05,44.75,44.40,44.38,44.65,45.05,45.44,45.82,46.24,46.04,45.57,44.90,43.25,42.74,42.77,43.75,45.79,46.66,47.29,47.90,48.14,48.24,47.41,45.27,44.47,43.98,44.52,44.13,44.25,46.66,47.14,47.19,47.97,48.92,49.56,48.61,46.86,46.24,46.71,48.34,48.07,50.95,51.80,52.66,54.16,54.35,53.35,50.58,45.84,43.25,43.07,43.45,43.65,44.80,49.02,51.44,51.87,51.97,51.73,51.22,50.09,49.97,50.00,49.56,49.22,49.51,49.53,48.85,48.12,47.53,46.79,45.82,46.07,47.51,47.53,47.51,46.39,45.49,45.72,45.89,46.22,46.37,46.12,45.82,45.87,45.82,45.74,45.72,45.92,46.39,46.79,47.06,47.41,48.05,48.51,48.56,48.34,47.80,47.61,47.41,47.41,47.19,46.89,47.31,48.00,49.12,50.58,50.12,49.31,48.70,48.12,47.29,46.96,46.81,46.99,46.71,46.86,47.06,46.96,47.46,47.90,47.92,47.58,47.21,46.91,46.51,46.07,46.02,45.87,45.99,46.59,47.41,47.88,48.00,47.68,47.38,46.94,46.34,46.64,47.11,47.61,47.95,46.86,46.22,46.61,47.06,47.61,48.36,48.31,48.05,47.63,47.56,47.63,47.73,47.80,47.19,45.89,45.42,45.74,45.99,46.09,46.17,46.59,46.69,46.46,46.22,46.39,46.76,46.94,46.79,46.56,46.49,46.46,47.24,49.05,48.97,48.51,48.34,48.31,48.51,48.46,48.68,48.95,49.39,50.36,51.34,52.16,52.68,53.23,53.88,54.28,54.55,54.86,55.17,55.38,55.43,55.29,54.90,54.79,54.76,54.50,54.33,54.16,54.04,53.92,54.57,57.22,59.91,60.91,61.18,61.09,60.93,60.84,60.97,61.18,61.30,61.43,61.53,61.53,61.53,61.48,61.32,60.91,59.82,57.73,55.81,55.67,55.53,55.69,55.69,-327.68,-327.68,-327.68,
-327.68,-327.68,-327.68,55.33,55.36,55.29,55.41,55.31,55.14,55.02,54.98,54.76,54.71,54.55,54.28,54.28,54.21,54.07,53.88,53.73,53.59,53.42,53.21,52.92,52.85,52.75,52.68,52.83,54.24,57.97,59.07,59.61,60.03,59.96,60.12,59.96,59.77,59.89,59.77,59.56,59.52,59.54,59.63,59.44,58.93,57.69,54.79,52.73,52.30,52.16,52.30,52.44,52.44,52.54,53.26,54.24,54.62,54.24,53.11,52.73,52.68,52.61,52.49,52.37,52.11,51.73,51.41,51.05,50.66,50.34,49.92,49.46,48.95,48.56,48.24,48.07,48.05,47.90,47.46,46.86,46.22,45.67,45.42,45.47,45.42,45.54,45.02,45.02,45.20,45.47,45.30,45.52,45.30,45.10,45.25,45.25,45.27,46.07,46.41,46.64,46.69,46.22,45.00,44.50,44.35,44.35,44.70,45.15,45.27,45.02,44.25,43.45,43.00,43.38,44.05,44.25,44.52,45.02,45.25,45.00,44.75,44.40,44.50,44.87,45.22,45.30,45.54,45.12,44.52,44.80,45.64,45.82,45.79,45.62,45.59,45.52,45.49,44.80,44.72,45.72,46.07,46.32,46.14,46.27,45.87,44.75,44.75,45.30,45.44,45.32,45.20,45.52,45.92,45.59,45.44,45.54,45.89,46.07,45.89,45.62,44.52,43.83,43.53,43.65,44.28,46.12,46.71,47.16,47.66,48.02,48.17,47.63,46.02,46.51,45.72,45.35,45.32,45.94,46.91,47.61,47.78,48.14,49.00,49.58,49.53,49.41,49.17,49.41,50.53,50.73,51.51,52.01,52.87,54.16,54.40,53.30,50.56,45.99,43.45,43.35,43.58,43.75,44.87,48.95,51.31,51.65,51.94,51.63,51.44,50.95,51.05,51.17,51.05,50.95,50.39,49.58,48.78,48.10,47.38,46.64,46.02,46.84,47.26,47.16,47.06,46.76,45.84,45.67,45.67,45.99,46.12,46.02,45.79,45.82,46.24,46.37,46.22,46.04,46.27,46.81,47.36,47.53,47.83,48.41,48.46,48.34,48.12,48.00,47.92,47.88,47.66,47.41,47.68,48.31,48.70,49.83,50.24,49.41,48.56,48.24,48.00,47.58,47.26,47.16,46.99,47.06,47.16,47.24,47.63,48.10,48.07,47.78,47.56,47.36,46.91,46.32,45.97,45.74,45.97,46.64,47.34,47.75,47.83,47.58,47.16,46.61,46.02,46.22,46.54,46.41,46.49,46.09,46.37,46.49,46.94,48.24,48.85,48.56,48.31,47.95,47.90,48.10,47.80,47.36,46.44,45.20,45.27,45.79,46.07,46.17,46.51,47.29,47.34,46.59,46.32,46.37,46.61,46.84,46.69,46.41,46.24,46.09,46.91,49.02,49.83,49.09,48.97,48.97,48.90,48.17,48.00,48.70,49.56,50.56,51.51,52.37,53.09,53.52,53.90,54.35,54.62,54.86,55.22,55.43,55.50,55.41,55.07,55.17,55.22,54.90,54.83,54.59,54.57,54.79,56.35,59.21,60.65,61.18,61.18,60.93,60.81,60.88,61.11,61.27,61.41,61.50,61.53,61.50,61.53,61.43,61.07,60.63,58.04,55.95,55.14,55.19,55.24,55.33,55.33,-327.68,-327.68,-327.68,
-327.68,-327.68,-327.68,55.22,55.24,55.14,55.26,55.02,54.93,54.76,54.64,54.47,54.26,54.24,54.12,54.09,53.92,53.76,53.59,53.33,53.09,52.95,52.61,52.32,52.25,52.13,51.99,52.01,52.32,55.48,58.48,59.35,59.77,59.94,60.05,60.05,59.84,59.77,59.66,59.61,59.54,59.49,59.49,59.56,59.14,58.62,56.31,53.73,52.78,52.49,52.47,52.49,52.42,52.51,53.26,54.21,54.71,54.09,53.11,52.78,52.73,52.68,52.59,52.42,52.13,51.75,51.36,50.97,50.63,50.22,49.88,49.41,48.97,48.51,48.19,48.10,48.02,47.73,47.19,46.54,46.12,45.92,45.69,45.32,45.30,45.39,45.59,45.42,45.54,45.57,45.52,45.59,45.47,45.44,45.44,45.35,45.30,46.09,46.44,46.56,46.44,46.37,46.02,45.25,44.62,44.42,44.67,45.00,45.12,45.05,44.95,44.80,44.52,44.35,44.20,44.18,44.10,44.50,44.95,45.05,44.77,44.38,44.23,45.05,45.30,45.57,45.89,45.74,45.57,45.77,45.87,45.92,45.94,45.84,45.74,45.57,45.47,45.05,44.45,45.99,46.44,46.54,46.64,46.59,46.34,46.04,45.32,45.74,45.84,45.62,45.47,45.77,46.17,46.27,46.22,46.12,46.04,45.94,45.89,45.84,46.02,46.17,46.27,46.49,46.69,46.91,47.06,47.24,47.48,47.75,47.83,47.90,47.83,47.73,47.41,47.43,47.63,47.73,47.63,47.66,48.10,48.58,49.07,49.66,50.27,50.66,50.63,50.90,51.44,51.58,51.58,51.97,52.68,54.28,54.43,53.40,50.66,46.02,43.63,43.40,43.65,43.85,45.00,49.34,51.31,51.58,51.75,51.73,51.53,51.07,51.19,51.31,51.26,50.90,50.24,49.56,48.78,48.10,47.29,46.51,46.27,46.74,46.81,46.91,46.81,46.69,45.97,45.54,45.44,45.74,45.94,45.94,45.79,45.94,46.24,46.14,45.92,45.72,45.89,46.51,47.38,47.56,47.92,48.36,48.41,48.14,47.97,48.05,48.12,48.05,47.90,47.95,48.24,48.61,48.95,49.07,48.97,48.88,48.29,48.14,48.17,47.88,47.41,46.96,46.81,46.91,47.16,47.38,47.97,48.31,48.24,47.95,47.75,47.63,47.29,46.74,46.41,46.09,46.22,46.81,47.29,47.51,47.63,47.51,47.06,46.49,45.94,45.82,45.79,45.52,45.52,46.04,46.51,46.69,47.48,49.14,49.39,48.92,48.68,48.49,48.46,48.12,46.96,46.34,45.77,45.07,45.67,46.51,46.69,46.46,46.64,46.99,46.99,46.46,46.09,46.14,46.29,46.44,46.39,46.22,45.97,45.92,46.46,48.70,50.46,50.19,49.83,49.63,49.19,48.00,47.66,48.39,49.46,50.70,51.73,52.49,53.23,53.66,53.95,54.24,54.55,54.86,55.26,55.41,55.53,55.50,55.43,55.48,55.48,55.22,55.14,55.07,55.12,55.79,58.25,60.29,60.91,61.23,61.14,60.88,60.84,60.86,61.18,61.37,61.41,61.46,61.48,61.53,61.41,61.25,60.95,59.16,55.86,54.62,54.50,54.71,54.76,54.95,55.02,-327.68,-327.68,-327.68,
-327.68,-327.68,-327.68,54.93,54.90,54.90,54.98,54.76,54.55,54.57,54.57,54.09,53.88,53.76,53.64,53.66,53.52,53.23,53.06,52.87,52.63,52.35,51.94,51.77,51.61,51.31,51.24,51.14,51.24,52.49,57.01,58.95,59.47,59.87,60.10,60.03,60.03,59.89,59.84,59.70,59.52,59.49,59.59,59.66,59.52,58.93,57.92,55.22,53.18,52.59,52.49,52.44,52.37,52.47,53.23,54.47,54.76,53.97,53.06,52.68,52.54,52.54,52.44,52.20,51.89,51.58,51.26,50.87,50.48,50.00,49.53,49.17,48.73,48.12,47.75,47.66,47.92,47.80,47.19,46.64,46.34,46.04,46.02,46.07,45.82,45.77,46.27,46.34,46.07,46.09,46.09,46.07,45.79,45.79,45.69,45.69,45.67,46.39,46.79,46.76,46.66,46.69,46.81,46.41,45.17,44.87,44.80,44.80,45.05,45.22,45.25,45.39,45.49,45.22,44.60,44.60,44.75,45.07,45.25,45.20,45.02,44.65,43.78,44.97,45.57,45.79,46.04,46.24,46.29,46.29,46.27,46.02,45.87,45.79,45.72,45.54,45.84,45.72,44.95,45.92,46.54,46.69,46.59,46.69,46.79,46.44,46.02,46.07,46.17,45.74,45.42,45.92,46.41,46.56,46.56,47.06,46.89,46.39,45.92,46.02,46.29,46.59,46.91,46.91,46.99,47.06,46.99,47.06,47.19,47.26,47.53,47.80,48.07,47.92,47.78,47.80,47.75,47.83,47.58,47.36,47.90,48.78,49.61,50.66,51.65,51.44,51.24,51.36,51.77,51.77,51.89,52.20,52.75,54.33,54.50,53.59,51.00,46.44,43.68,43.38,43.68,43.90,45.15,49.41,51.39,51.77,52.01,51.97,51.63,51.29,50.95,51.17,51.12,50.85,50.22,49.44,48.68,47.83,47.09,46.39,46.24,46.54,46.54,46.81,46.64,46.54,46.51,46.84,46.66,46.37,46.07,45.74,45.72,45.87,45.79,45.77,45.59,45.92,46.09,46.61,47.38,47.78,48.12,48.27,48.02,47.68,47.48,47.58,47.88,47.97,48.05,48.24,48.46,48.70,48.88,48.92,49.00,48.61,47.90,48.02,48.05,47.90,47.41,46.91,46.84,46.91,47.21,47.41,48.07,48.36,48.27,47.92,47.68,47.56,47.34,47.06,46.91,46.66,46.39,46.46,46.99,47.14,47.24,47.11,46.71,46.29,45.74,45.42,45.05,44.95,45.62,46.24,46.49,46.59,47.58,50.05,49.83,49.36,49.02,48.80,48.56,47.36,46.37,46.12,45.72,45.59,46.41,47.29,47.31,46.69,46.39,46.27,46.09,46.02,45.82,45.64,45.89,46.02,45.99,45.97,45.89,45.74,45.87,47.80,50.87,51.80,51.12,50.48,49.05,47.61,47.29,47.78,48.88,50.36,51.68,52.42,52.95,53.28,53.52,53.76,54.28,54.76,55.31,55.53,55.65,55.67,55.69,55.76,55.69,55.55,55.45,55.50,55.79,57.22,59.70,60.75,61.14,61.16,60.97,60.81,60.88,61.09,61.30,61.41,61.43,61.46,61.48,61.48,61.25,60.86,59.91,56.70,53.64,53.71,53.83,54.09,54.26,54.57,54.64,-327.68,-327.68,-327.68,
-327.68,-327.68,-327.68,54.59,54.57,54.55,54.62,54.55,54.40,54.26,53.88,53.78,53.42,53.38,53.28,53.16,52.97,52.80,52.54,52.20,51.94,51.68,51.31,51.14,50.85,50.58,50.58,50.41,50.51,50.83,54.02,58.25,59.19,59.59,59.94,60.05,60.01,59.82,59.77,59.73,59.63,59.52,59.54,59.59,59.59,59.28,58.72,56.49,54.00,52.83,52.59,52.40,52.32,52.32,53.16,54.43,54.74,53.78,52.75,52.42,52.13,51.94,51.77,51.63,51.53,51.31,51.12,50.70,50.14,49.56,49.07,48.83,48.34,47.90,47.43,47.43,47.95,47.90,47.31,46.81,46.54,46.44,46.69,46.84,46.69,46.71,46.51,46.64,46.56,46.49,46.49,46.41,46.14,46.09,45.99,46.02,46.24,46.66,46.94,46.91,46.81,47.01,47.16,47.21,46.24,45.32,45.17,44.87,45.05,45.30,45.44,45.59,45.82,45.87,45.17,45.32,45.42,45.49,45.57,45.52,45.20,44.87,43.78,44.52,45.59,46.02,46.12,46.27,46.51,46.41,46.24,46.14,45.94,45.74,45.62,45.49,46.07,45.77,45.05,45.77,46.32,46.71,46.69,46.89,46.91,46.86,46.41,46.12,46.14,45.22,44.80,45.72,46.34,46.54,46.64,47.21,47.16,46.94,46.69,46.27,46.14,46.34,46.54,46.56,46.71,46.69,46.64,46.51,46.54,46.81,47.01,47.51,47.97,48.07,47.95,47.88,47.92,47.90,47.43,47.36,48.34,49.39,49.97,50.78,51.73,51.51,51.29,51.53,51.75,51.89,52.16,52.35,52.87,54.38,54.59,53.66,51.17,46.56,43.75,43.53,43.75,43.98,45.22,50.41,51.58,52.11,52.13,52.16,51.80,51.51,51.17,51.02,50.97,50.78,50.07,49.19,48.39,47.56,46.74,46.04,45.89,46.49,46.34,46.61,46.54,46.39,46.94,47.75,47.48,47.14,46.84,46.46,46.02,45.77,45.49,45.32,45.42,45.82,46.39,47.06,47.63,47.75,48.00,48.07,47.83,47.34,47.09,47.29,47.78,47.97,48.05,48.14,48.41,48.56,48.78,48.90,48.80,48.39,47.75,47.61,47.90,47.83,47.48,47.16,46.89,46.89,47.19,47.51,48.05,48.36,48.19,47.80,47.43,47.21,47.01,46.89,46.79,46.64,46.34,46.27,46.59,46.61,46.76,46.69,46.32,45.77,45.27,44.80,44.52,44.97,45.87,46.24,46.49,46.61,47.24,50.00,49.95,49.53,48.78,47.95,47.19,46.39,46.04,45.92,45.87,45.99,46.66,47.31,47.29,46.76,46.32,45.69,45.52,45.35,45.10,45.05,45.20,45.54,45.74,45.82,45.82,45.62,45.52,46.46,49.31,51.24,50.44,49.41,47.61,46.91,47.01,47.51,48.41,49.83,51.29,51.46,50.97,50.70,50.78,51.65,53.71,54.86,55.65,55.95,56.00,55.93,55.84,55.93,55.91,55.81,55.74,55.86,56.73,58.86,60.58,61.07,61.30,61.04,60.91,60.77,60.91,61.16,61.37,61.43,61.48,61.48,61.48,61.23,60.95,60.77,57.66,53.71,52.04,52.68,52.90,53.40,53.59,54.02,54.16,-327.68,-327.68,-327.68,
-327.68,-327.68,-327.68,54.33,54.28,54.19,54.21,54.16,54.09,53.76,53.54,53.45,53.14,52.87,52.78,52.68,52.37,52.13,51.89,51.70,51.51,51.05,50.58,50.41,50.07,50.00,49.88,49.90,50.05,50.27,51.70,56.21,58.77,59.30,59.82,59.98,59.98,60.05,59.82,59.77,59.82,59.66,59.61,59.68,59.63,59.42,58.95,57.99,55.14,53.06,52.49,52.30,52.18,52.23,53.14,54.47,54.79,53.47,52.30,52.08,51.17,50.31,50.14,49.83,49.73,50.66,50.87,50.61,49.92,49.07,48.51,48.19,48.12,47.73,47.24,47.29,47.90,48.02,47.63,47.24,47.01,46.91,47.16,47.24,47.26,47.09,47.01,46.61,46.69,46.69,46.66,46.89,46.69,46.61,46.34,46.37,46.71,46.96,47.06,47.06,47.14,47.29,47.38,47.61,46.91,45.57,45.20,44.87,44.97,45.25,45.47,45.67,45.99,46.04,45.89,46.27,46.49,46.27,45.89,45.59,45.44,45.02,44.03,44.28,45.42,45.92,46.56,46.99,46.89,46.59,46.44,46.24,45.94,45.79,45.52,45.47,45.69,45.54,45.25,45.35,46.02,46.64,46.81,47.06,47.21,47.16,46.84,46.27,45.27,44.52,44.52,45.35,46.24,46.56,46.74,46.94,46.89,46.79,46.74,46.69,46.44,46.07,46.09,46.12,46.29,46.17,46.29,46.41,46.59,46.81,46.96,47.29,48.07,48.61,48.29,47.80,47.88,47.66,47.43,47.88,48.78,49.19,49.63,50.19,51.39,51.14,51.05,51.39,51.63,51.73,51.97,52.35,52.87,54.26,54.67,54.09,51.44,46.74,43.68,43.50,43.95,44.10,45.27,50.56,51.87,52.37,52.40,52.30,51.85,51.46,50.92,50.73,50.66,50.39,49.73,49.05,48.02,47.29,46.79,46.27,45.89,46.37,46.32,46.49,46.29,46.24,46.27,47.63,47.43,47.29,47.19,46.91,46.64,46.14,45.49,45.05,45.22,45.54,46.27,46.81,47.16,47.38,47.63,47.63,47.53,47.24,46.96,47.21,47.56,47.75,47.80,47.83,48.00,48.14,48.31,48.70,48.75,48.41,47.90,47.53,47.56,47.63,47.46,47.06,46.91,46.94,47.16,47.63,48.07,48.29,48.10,47.80,47.31,46.74,46.41,46.02,46.02,45.99,45.92,45.89,46.17,46.29,46.56,46.39,45.92,45.47,44.85,44.08,43.98,44.85,46.02,46.24,46.51,46.54,46.66,46.89,46.99,46.56,45.82,44.77,44.97,45.79,45.74,45.54,45.59,45.79,46.17,46.94,47.26,46.69,45.89,45.17,44.67,44.52,44.33,44.35,44.77,45.25,45.84,46.07,45.97,45.72,45.64,45.69,46.41,47.16,46.76,46.37,46.29,46.69,46.99,47.41,48.24,49.66,50.63,50.00,48.41,48.00,48.41,50.36,53.40,54.79,55.72,56.12,56.09,56.12,56.05,56.09,56.19,56.05,55.98,56.33,57.97,60.03,60.95,61.30,61.16,61.00,60.88,60.88,61.04,61.20,61.32,61.46,61.48,61.50,61.41,61.14,60.75,59.52,55.22,51.58,50.95,51.39,51.97,52.32,52.68,53.23,53.52,-327.68,-327.68,-327.68,
-327.68,-327.68,-327.68,54.04,54.02,53.92,53.81,53.71,53.54,53.30,53.33,52.92,52.63,52.42,52.28,52.08,51.82,51.53,51.26,50.95,50.63,50.34,50.00,49.68,49.44,49.44,49.41,49.63,49.85,50.27,51.05,53.35,57.83,58.98,59.56,59.84,59.91,60.08,59.96,59.61,59.73,59.70,59.66,59.59,59.56,59.61,59.37,58.79,56.49,53.76,52.54,52.28,52.30,52.35,53.09,54.47,54.83,53.16,51.94,51.80,50.53,49.19,48.90,48.27,48.51,49.95,50.58,50.19,49.17,48.27,47.56,46.69,46.79,47.01,46.61,46.12,46.44,47.06,47.31,47.21,46.96,46.91,46.86,46.99,47.06,47.19,46.89,46.59,46.79,46.84,46.89,47.56,47.36,47.21,46.44,46.14,46.49,47.09,47.19,47.29,47.46,47.58,47.73,48.07,47.71,46.02,45.17,44.92,44.72,44.67,44.92,45.44,45.94,46.29,46.74,47.11,47.16,47.11,45.92,45.74,45.54,45.10,44.33,44.38,45.52,45.72,46.39,47.21,46.94,46.71,46.49,46.24,45.94,45.59,45.39,45.52,45.69,45.74,45.49,45.32,45.74,46.41,46.86,47.11,47.01,47.26,47.16,46.66,45.79,44.92,44.62,44.95,45.74,46.09,46.46,46.69,46.81,46.79,46.71,46.69,46.71,46.14,45.69,45.54,45.77,45.92,46.29,46.61,46.76,46.91,47.11,47.31,48.22,48.70,48.58,47.71,47.38,47.41,47.63,47.90,48.29,48.73,49.22,49.85,50.83,50.73,50.75,50.97,51.31,51.36,51.80,52.30,52.87,54.26,54.83,54.24,51.73,46.94,43.85,43.65,44.00,44.23,45.54,50.85,52.23,52.68,52.78,52.16,51.56,50.02,49.17,49.14,49.29,49.00,48.88,48.92,47.88,47.16,46.74,46.49,46.34,46.24,46.22,46.24,46.09,45.92,45.35,46.99,47.38,47.19,47.11,47.01,46.96,46.69,46.14,45.27,44.90,44.90,45.59,45.89,46.44,47.01,47.16,47.16,46.94,47.06,46.84,46.74,46.81,46.79,46.71,46.59,46.54,46.96,47.61,48.05,48.22,48.19,47.90,47.21,47.06,46.79,46.14,46.34,46.22,47.19,47.21,47.68,48.05,48.12,47.90,47.41,46.54,45.42,44.90,44.80,44.87,44.80,44.75,44.90,45.89,46.34,46.61,46.27,45.87,45.39,44.60,43.22,43.50,44.67,45.72,46.07,46.29,46.27,46.46,46.34,45.12,44.92,45.92,44.80,44.40,44.97,45.30,45.12,45.22,45.47,46.02,46.91,47.36,46.64,45.79,45.05,44.92,45.30,45.47,44.72,44.62,46.02,47.90,48.53,47.68,46.37,46.09,45.84,45.47,44.87,44.85,45.57,46.12,46.54,47.06,47.46,48.22,49.58,50.39,49.44,47.90,47.73,48.17,49.80,53.21,54.76,55.65,56.16,56.12,56.09,56.28,56.24,56.38,56.28,56.33,57.17,59.30,60.63,61.11,61.32,61.04,60.86,60.88,61.02,61.18,61.27,61.41,61.48,61.48,61.43,61.30,61.09,60.63,57.64,53.26,51.14,50.73,50.61,50.92,51.29,51.53,52.13,52.54,-327.68,-327.68,-327.68,
-327.68,-327.68,-327.68,53.76,53.71,53.57,53.45,53.23,53.04,53.04,52.75,52.49,52.30,51.87,51.73,51.46,51.22,50.90,50.58,50.44,50.07,49.83,49.58,49.24,49.17,49.29,49.44,49.58,50.02,50.53,51.22,52.11,55.55,58.58,59.28,59.59,59.91,59.98,59.94,59.77,59.73,59.63,59.63,59.61,59.66,59.68,59.56,59.12,58.25,55.07,52.90,52.44,52.47,52.73,53.38,54.59,54.93,53.30,52.13,51.82,50.58,49.41,48.39,47.48,47.90,49.83,50.53,50.02,48.83,47.80,47.16,46.61,46.89,47.41,47.83,47.38,46.27,46.46,46.84,47.01,46.79,46.59,46.24,44.87,45.22,45.47,45.30,45.39,46.69,47.01,47.16,47.88,48.07,47.48,46.04,45.39,45.44,46.27,46.86,47.46,47.78,48.02,48.31,48.56,48.41,46.79,45.42,44.87,44.47,44.35,44.40,44.80,45.89,46.69,47.09,47.31,47.14,46.89,46.07,45.94,45.57,44.82,44.25,44.38,45.22,45.94,46.66,47.24,47.09,46.89,46.56,46.17,45.79,45.44,45.25,45.42,45.72,45.62,45.62,45.57,45.57,46.12,46.61,46.91,47.16,47.36,47.29,47.06,46.49,45.77,45.07,44.75,44.80,45.12,45.62,46.09,46.61,46.66,46.69,46.64,46.59,46.41,45.64,45.17,45.42,45.72,46.29,46.69,46.89,47.01,47.06,47.24,47.92,48.00,48.19,47.51,46.66,47.26,47.41,47.63,47.90,48.31,48.85,49.58,49.92,49.39,49.46,49.39,49.78,50.34,51.56,52.13,52.68,54.16,55.00,54.47,52.11,46.69,43.98,43.78,44.05,44.33,45.67,51.12,52.49,52.90,52.87,52.13,51.31,48.17,47.24,47.24,47.48,47.09,47.90,49.02,48.29,47.19,46.66,46.41,46.32,46.12,45.97,45.84,45.57,45.30,45.44,46.09,47.09,47.16,47.09,47.01,46.86,46.66,46.41,45.54,44.25,44.45,44.72,44.60,45.67,46.89,47.11,46.66,46.41,46.54,46.49,46.14,46.22,46.34,46.34,45.79,45.12,45.97,46.79,47.16,47.56,47.66,47.46,46.84,45.99,46.27,47.09,46.96,45.99,46.29,46.66,47.31,47.56,47.56,47.38,46.99,45.99,44.80,44.50,44.33,44.40,44.35,43.85,43.95,45.32,46.49,46.59,46.27,45.79,45.44,44.82,43.33,43.35,44.40,45.49,45.54,45.67,45.62,45.82,45.59,44.80,44.33,45.02,45.82,45.52,45.44,45.17,45.10,45.10,45.32,46.04,46.94,47.09,46.46,45.92,45.30,46.14,48.73,49.58,48.10,46.39,46.66,48.58,49.75,48.90,47.11,46.49,46.04,45.67,45.20,45.22,45.79,45.99,46.34,47.11,47.63,48.44,49.63,50.12,49.02,47.21,46.94,47.36,49.36,53.14,54.50,55.91,56.21,56.26,56.21,56.45,56.42,56.52,56.47,56.87,58.39,60.29,60.95,61.23,61.23,61.07,60.91,60.93,61.11,61.27,61.32,61.37,61.48,61.41,61.27,61.23,61.02,59.49,55.95,53.21,52.13,51.24,50.95,50.56,50.58,50.63,51.07,51.48,-327.68,-327.68,-327.68,
-327.68,-327.68,-327.68,53.30,53.18,53.16,53.02,52.78,52.61,52.40,52.23,51.97,51.61,51.22,50.95,50.78,50.41,50.27,49.97,49.68,49.51,49.34,49.24,49.17,49.22,49.53,49.80,49.88,50.48,50.85,51.34,52.13,53.33,57.36,58.88,59.52,59.84,60.05,60.10,59.94,59.75,59.68,59.77,59.63,59.52,59.59,59.61,59.35,58.93,56.98,54.00,53.02,53.04,53.23,53.69,54.88,55.07,53.71,52.47,52.01,50.83,49.88,48.51,47.36,47.63,49.46,50.41,50.07,49.09,48.02,47.16,46.49,46.71,46.99,47.36,47.90,47.51,46.76,46.71,46.86,46.51,46.34,45.77,44.45,45.05,44.45,43.45,43.75,46.24,47.31,47.61,48.07,48.41,47.63,45.77,44.72,44.62,45.25,45.67,46.39,47.31,48.24,48.70,49.02,48.92,47.58,45.79,44.47,43.80,43.38,44.03,45.39,46.37,46.86,47.19,47.26,47.11,46.69,46.09,45.64,45.27,44.08,44.08,44.25,45.35,46.07,47.24,47.56,47.29,46.99,46.32,45.42,45.05,45.12,45.27,45.47,45.69,45.57,45.27,45.62,45.59,45.87,46.27,46.56,46.86,47.16,47.19,47.14,46.79,45.94,45.07,44.45,44.38,44.77,45.00,45.27,46.17,46.46,46.61,46.54,46.49,46.37,46.04,45.22,44.77,45.52,46.27,46.66,46.86,46.94,46.74,46.91,47.14,47.24,47.41,47.16,45.79,47.21,47.34,47.58,47.68,48.05,48.46,49.07,48.78,47.41,47.14,47.41,47.92,48.70,51.05,51.75,52.20,54.02,55.07,54.74,53.26,46.89,44.08,43.90,44.13,44.42,46.07,51.14,52.44,52.90,52.92,52.25,51.34,48.39,47.41,46.86,47.21,46.76,47.78,49.19,48.75,47.68,46.84,46.39,46.04,45.97,45.64,45.44,45.02,45.05,45.42,45.57,46.14,46.86,46.96,46.99,46.91,46.74,46.49,45.99,44.62,44.42,45.32,45.57,46.46,47.11,46.91,46.22,46.12,46.09,45.99,45.59,45.99,46.24,46.24,45.97,45.12,45.57,46.44,46.64,47.11,47.36,47.16,47.53,48.07,45.94,46.04,46.37,45.22,45.20,45.94,46.79,47.06,47.11,46.81,46.37,45.57,44.28,43.88,44.00,44.65,44.80,43.78,43.48,45.07,46.29,46.41,46.02,45.54,45.42,45.47,44.38,43.93,44.30,45.32,44.60,44.75,44.80,44.90,44.87,44.57,44.15,44.25,45.87,46.17,45.59,45.15,45.35,45.49,45.79,45.82,46.07,46.39,46.29,45.97,45.67,47.66,50.83,50.19,47.92,46.27,46.32,47.66,48.70,48.19,47.21,46.66,46.24,45.87,45.47,45.35,45.32,45.47,46.14,47.11,47.63,48.41,49.61,50.00,48.73,46.99,46.74,46.96,48.51,52.90,54.52,55.76,56.38,56.24,56.35,56.66,56.59,56.70,56.82,57.71,59.54,60.79,61.16,61.32,61.07,60.97,60.93,61.09,61.23,61.32,61.41,61.43,61.50,61.43,61.20,61.14,60.63,58.04,55.05,53.95,53.33,52.56,52.06,51.44,50.83,50.53,50.56,50.56,-327.68,-327.68,-327.68,
-327.68,-327.68,-327.68,52.87,52.78,52.66,52.44,52.25,52.08,51.94,51.58,51.34,50.95,50.56,50.31,50.09,49.80,49.56,49.41,49.31,49.27,49.29,49.27,49.41,49.66,49.92,50.19,50.56,50.95,51.12,51.51,52.04,52.56,54.95,57.50,59.19,59.54,59.77,59.91,60.01,59.73,59.73,59.66,59.59,59.47,59.54,59.63,59.63,59.19,58.41,55.69,53.95,53.81,53.85,54.09,55.36,55.07,53.26,52.68,52.16,50.87,50.05,48.24,46.89,47.24,49.41,50.41,50.02,49.07,47.66,46.71,46.34,46.49,46.56,46.81,47.26,47.56,46.99,46.96,46.94,46.91,46.49,45.69,44.28,44.05,44.00,43.10,43.50,45.92,47.38,47.73,48.14,48.36,47.63,45.89,44.52,44.50,44.92,44.40,44.45,45.97,46.89,47.43,47.68,47.48,46.27,45.22,44.50,44.62,44.00,44.47,45.67,46.37,46.74,46.94,47.11,46.74,46.22,45.99,45.54,44.23,43.25,42.97,43.07,44.92,45.97,46.71,47.26,47.09,46.69,45.97,45.20,44.95,44.33,44.20,44.25,44.62,44.95,44.52,45.59,45.57,45.64,45.72,45.97,46.32,46.69,46.74,46.69,46.32,45.27,44.67,44.00,43.65,44.18,44.40,44.72,45.42,46.12,46.22,46.34,46.24,46.22,46.07,45.57,44.52,45.62,46.37,46.51,46.61,46.64,46.39,46.54,46.56,46.69,46.79,46.76,45.72,47.19,47.41,47.63,47.66,47.92,48.34,48.78,48.22,46.44,46.27,46.51,47.24,48.02,50.58,51.26,51.75,53.76,55.07,54.76,52.49,47.11,44.20,43.95,44.25,44.60,45.94,51.02,52.32,52.75,52.87,52.23,51.34,48.80,46.96,46.17,46.14,46.51,47.95,49.39,49.12,48.27,47.26,46.49,46.04,45.79,45.27,45.15,44.95,44.97,45.10,45.30,45.44,46.12,46.61,46.76,46.76,46.74,46.49,46.09,44.82,44.33,45.74,46.12,46.44,46.74,46.37,45.62,45.92,45.87,45.47,44.20,43.85,45.10,45.74,45.74,45.44,45.72,46.17,46.44,47.11,47.14,46.94,47.46,48.14,45.44,44.45,45.02,45.10,44.75,45.84,46.27,46.49,46.51,46.02,45.62,44.87,43.73,43.53,43.88,44.42,44.82,44.20,43.78,45.12,46.09,46.29,45.79,45.27,45.57,45.82,45.44,44.97,44.57,44.97,44.40,44.57,44.60,44.85,45.02,44.80,44.35,44.15,45.59,46.27,45.52,45.25,45.54,45.67,46.17,46.22,46.04,46.32,46.27,46.12,45.54,46.84,50.09,49.17,46.69,46.17,46.81,47.71,48.00,47.16,46.69,46.56,46.37,46.17,45.87,45.54,45.27,45.42,46.24,46.89,47.41,48.53,49.80,50.58,50.02,48.05,47.90,48.12,49.51,53.33,54.71,55.91,56.49,56.33,56.28,56.70,56.77,56.82,57.29,58.79,60.45,61.02,61.27,61.20,61.07,60.97,61.00,61.18,61.32,61.32,61.37,61.43,61.48,61.41,61.30,60.88,59.37,56.45,54.90,54.38,53.92,53.71,53.23,52.63,51.97,51.36,50.83,50.61,-327.68,-327.68,-327.68,
-327.68,-327.68,-327.68,52.63,52.47,52.28,51.94,51.63,51.44,51.24,50.87,50.41,50.31,49.80,49.78,49.51,49.31,49.24,48.95,49.14,49.29,49.53,49.66,49.90,50.14,50.36,50.63,50.95,51.29,51.48,51.68,51.94,52.35,53.16,56.40,58.79,59.14,59.73,59.96,60.05,59.91,59.70,59.63,59.73,59.66,59.52,59.63,59.70,59.37,58.77,57.20,54.86,54.50,54.38,54.43,55.50,55.12,53.42,52.73,52.06,50.58,49.24,47.41,46.69,47.14,49.44,50.41,49.95,48.46,47.14,46.44,46.29,46.29,46.27,46.49,46.69,46.89,46.96,47.14,47.16,46.91,46.64,45.92,44.25,43.25,43.00,43.35,43.93,45.74,46.96,47.36,47.51,47.41,46.86,45.84,44.65,44.57,44.70,43.80,43.40,44.70,46.04,46.32,46.49,45.94,45.42,44.87,44.80,45.25,45.05,45.00,45.57,46.12,46.49,46.51,46.69,46.46,45.97,45.54,44.87,43.98,43.38,42.72,42.84,43.90,45.87,46.27,46.51,46.66,46.71,46.61,45.79,45.17,44.72,44.13,43.65,43.45,43.80,43.85,45.57,45.59,46.02,45.97,45.87,45.79,45.99,45.97,45.64,45.22,44.80,44.35,43.98,43.73,43.90,43.95,44.28,44.70,45.35,45.52,45.64,45.62,45.99,45.92,45.57,44.95,45.47,46.37,46.32,46.27,46.24,46.07,46.07,46.12,46.22,46.37,46.49,46.29,47.21,47.41,47.51,47.63,48.00,48.51,48.80,48.24,46.07,45.99,46.04,46.44,47.51,50.41,51.31,51.77,53.54,55.02,54.81,52.56,47.80,44.33,43.98,44.33,44.77,45.97,51.00,52.16,52.75,52.80,52.16,51.22,47.95,46.32,45.87,45.69,46.29,48.10,49.53,49.46,48.88,48.00,46.81,46.12,45.69,45.00,45.05,44.95,44.65,44.80,45.07,45.32,45.47,45.87,46.34,46.54,46.69,46.46,46.07,45.22,45.15,45.74,46.02,46.12,46.22,45.64,45.44,45.67,45.69,45.62,43.90,42.84,43.68,45.10,45.67,45.42,45.49,45.74,46.12,46.86,46.61,46.41,46.02,45.79,44.45,44.52,44.80,44.80,44.95,45.59,45.87,46.22,46.27,45.94,45.42,44.75,43.73,43.38,43.38,43.50,44.42,44.85,44.42,45.12,45.79,46.02,45.64,45.44,46.07,46.09,45.77,45.57,45.05,44.85,44.75,44.97,45.02,45.54,45.77,45.30,44.87,44.45,44.30,45.44,45.39,45.44,45.92,46.27,46.54,46.49,46.34,46.54,46.61,46.54,46.17,45.82,46.91,47.53,46.39,46.89,48.44,49.46,49.63,47.78,46.69,46.61,46.49,46.49,46.27,45.67,45.52,45.74,46.27,47.11,47.41,48.49,49.80,50.80,51.36,51.56,51.65,51.97,52.87,54.02,54.76,55.95,56.26,56.33,56.52,56.98,57.03,57.06,57.88,59.75,60.84,61.04,61.23,61.11,60.93,61.00,61.09,61.18,61.32,61.32,61.43,61.50,61.46,61.53,61.00,60.24,57.66,55.60,54.83,54.52,54.47,54.21,54.00,53.71,53.26,52.80,51.97,51.46,-327.68,-327.68,-327.68,
-327.68,-327.68,-327.68,52.28,51.94,51.61,51.31,50.97,50.70,50.41,50.22,49.70,49.36,49.17,49.00,49.19,49.19,49.12,49.19,49.63,49.70,49.83,50.05,50.41,50.58,50.80,51.05,51.22,51.39,51.61,51.82,52.11,52.35,52.61,54.16,57.73,58.95,59.40,60.03,60.01,60.03,59.73,59.68,59.73,59.63,59.56,59.54,59.63,59.63,59.12,58.32,56.28,55.02,54.79,54.64,55.50,55.26,53.64,52.66,52.04,50.61,48.56,47.36,46.91,47.34,49.58,50.61,50.22,48.49,47.14,46.32,46.02,45.94,45.79,46.07,45.92,45.42,46.99,47.41,47.16,47.26,46.91,46.09,43.68,42.82,42.79,43.48,44.20,45.44,46.41,46.81,46.74,46.49,46.17,45.72,44.62,44.15,43.38,42.84,43.05,44.42,45.99,46.14,46.12,45.77,45.30,44.97,44.80,44.92,44.87,44.87,45.10,45.20,45.74,46.09,46.02,45.94,45.30,44.75,44.77,44.20,43.53,42.77,43.33,43.60,45.05,46.29,46.84,46.91,47.09,47.19,46.37,45.42,44.38,43.07,42.49,41.80,42.06,43.30,45.57,45.77,46.29,46.14,46.02,45.79,45.77,45.44,45.15,45.20,45.12,44.80,44.65,44.50,44.45,43.85,43.98,44.42,44.70,44.92,44.97,44.77,45.44,45.57,45.20,43.88,44.42,45.77,45.89,45.92,45.99,45.89,45.57,45.54,45.74,45.87,46.02,46.44,47.11,47.29,47.38,47.68,48.12,48.51,48.90,48.39,46.44,45.89,45.94,46.51,47.19,50.56,51.56,51.94,53.14,55.02,54.93,52.61,47.90,44.50,44.08,44.50,44.85,46.02,51.19,52.32,52.92,52.87,52.20,51.24,47.75,46.64,46.59,46.49,46.51,48.22,49.75,49.75,49.29,48.51,47.31,46.27,45.44,45.10,45.30,45.10,44.87,44.75,45.02,45.39,45.12,45.20,45.67,45.99,46.27,46.14,46.02,45.52,45.42,45.57,45.77,45.82,45.59,45.47,45.67,45.79,45.69,45.62,44.28,44.18,45.57,45.79,45.47,45.30,45.35,45.67,46.14,46.27,46.37,46.27,45.99,45.20,44.28,44.45,44.30,44.35,44.13,45.32,45.74,46.17,46.17,45.92,45.44,44.80,44.10,43.90,43.90,44.05,44.47,44.65,44.92,45.20,45.52,45.64,45.44,45.77,46.44,46.27,46.04,45.94,45.42,44.97,44.85,45.17,45.52,46.46,47.56,46.54,45.42,45.05,44.92,45.27,45.44,45.94,46.41,46.56,46.79,46.99,46.99,46.96,46.91,46.96,47.06,46.96,47.73,48.24,47.51,48.36,50.31,51.17,51.51,49.78,47.41,47.11,46.91,46.76,46.66,46.24,46.02,46.27,46.66,47.43,47.61,48.46,49.63,50.73,51.94,52.85,53.14,53.52,53.92,54.47,54.98,55.86,56.31,56.35,56.54,56.94,57.06,57.55,58.79,60.10,61.00,61.18,61.18,61.04,60.93,61.00,61.18,61.27,61.37,61.43,61.48,61.46,61.32,61.27,60.86,59.16,56.61,55.36,55.17,54.90,54.74,54.52,54.38,54.24,54.04,53.61,53.16,52.68,-327.68,-327.68,-327.68,
-327.68,-327.68,-327.68,51.68,51.31,50.97,50.61,50.22,50.17,50.05,49.63,49.19,48.97,48.73,48.83,48.92,49.19,49.53,49.75,50.00,50.17,50.24,50.48,50.78,50.92,51.07,51.26,51.39,51.53,51.68,51.94,52.13,52.32,52.54,53.40,55.48,58.60,59.12,59.63,59.91,59.91,59.91,59.73,59.70,59.63,59.59,59.44,59.59,59.63,59.44,58.62,57.66,55.69,55.07,54.81,55.55,55.29,53.76,52.95,52.32,51.14,49.68,48.92,48.49,48.39,49.95,50.73,50.19,48.78,47.38,46.51,46.17,45.97,45.89,45.87,44.67,44.70,46.91,47.41,47.38,47.31,46.91,46.07,43.93,43.12,43.27,43.98,44.57,45.07,45.92,46.46,46.54,46.22,45.82,45.57,44.70,43.98,43.00,42.77,43.45,44.62,45.84,46.09,46.07,45.97,45.72,45.35,44.95,44.75,44.75,44.87,44.52,43.68,44.15,44.95,45.52,45.27,45.22,45.05,44.85,44.33,43.35,42.26,43.27,43.05,43.38,45.67,46.96,47.29,47.31,47.38,46.79,45.64,43.58,42.16,41.57,41.85,42.49,43.43,45.57,45.69,46.17,46.12,46.07,45.87,45.79,45.32,45.30,45.57,45.52,45.44,45.52,45.62,45.42,44.47,43.88,44.65,45.20,45.30,45.27,44.85,45.15,45.30,44.70,43.98,44.30,45.15,45.30,45.39,45.57,45.49,45.20,45.02,45.49,45.54,45.67,46.24,46.69,47.14,47.48,47.90,48.36,48.78,49.07,48.61,46.74,45.97,46.29,46.91,47.61,50.58,51.70,51.82,52.78,54.90,54.90,52.66,48.02,44.62,44.20,44.50,44.87,45.97,50.22,52.49,53.04,52.87,52.32,51.68,49.34,48.36,48.31,48.39,48.24,48.90,50.14,50.05,49.66,49.00,48.10,46.81,45.64,45.84,45.97,45.59,45.82,45.57,45.69,45.62,45.30,45.30,45.30,45.30,45.57,45.64,45.74,45.62,45.49,45.32,45.49,45.62,45.72,46.02,46.32,46.29,46.22,46.09,45.57,45.05,45.79,45.97,45.39,45.17,45.69,45.94,46.14,46.69,46.76,46.41,46.41,46.07,45.25,45.12,45.12,45.12,45.30,45.49,45.79,46.49,46.61,46.46,45.89,45.52,45.20,45.07,45.12,45.10,45.02,45.05,45.12,45.15,45.25,45.30,45.30,45.97,46.61,46.39,46.37,46.22,45.79,45.07,44.82,45.42,46.27,47.97,49.22,48.17,45.87,45.62,46.07,46.29,46.07,46.51,46.91,46.96,47.16,47.48,47.88,47.43,47.46,47.41,47.61,47.90,49.07,50.44,49.34,49.19,51.31,52.44,52.37,50.78,48.19,47.66,47.46,47.26,47.16,46.89,46.69,46.91,47.21,47.78,47.61,48.07,49.22,50.73,52.04,53.02,53.52,53.92,54.12,54.40,54.81,56.14,56.66,56.45,56.82,57.13,57.27,58.02,59.28,60.47,61.14,61.20,61.14,61.07,61.00,61.04,61.18,61.25,61.37,61.41,61.48,61.41,61.27,61.04,60.08,57.64,55.84,55.38,55.33,55.24,55.12,54.88,54.74,54.62,54.52,54.26,53.95,53.66,-327.68,-327.68,-327.68,
-327.68,-327.68,-327.68,50.97,50.73,50.34,49.83,49.44,49.29,49.19,49.12,48.85,48.70,48.78,48.92,49.27,49.53,49.83,50.19,50.41,50.61,50.70,50.80,50.97,51.14,51.26,51.39,51.53,51.58,51.65,51.89,52.08,52.13,52.28,52.73,54.19,57.43,58.88,59.26,59.89,59.89,60.03,59.77,59.77,59.73,59.61,59.44,59.40,59.56,59.63,59.05,58.34,56.91,55.50,55.00,55.65,55.41,53.81,53.11,52.54,52.18,51.56,51.29,51.29,51.53,51.19,50.73,49.66,48.00,47.19,46.79,46.56,46.29,46.09,46.39,45.42,45.05,46.91,47.38,47.43,47.16,46.74,46.02,44.75,43.93,44.03,44.67,44.77,44.97,45.74,46.27,46.46,46.22,46.02,45.77,44.92,44.15,43.68,43.65,44.28,45.52,46.27,46.41,46.49,46.22,45.97,45.67,45.05,44.60,45.02,45.42,45.47,44.80,44.50,45.12,45.64,45.67,45.72,45.12,44.85,44.40,43.02,42.33,42.77,42.79,43.15,45.00,46.71,47.24,47.41,47.51,46.86,45.79,43.50,41.95,41.98,43.05,43.53,44.20,45.72,45.77,46.02,46.04,46.12,45.92,45.69,44.90,44.82,45.47,45.67,45.77,45.84,46.02,45.97,45.44,44.42,45.54,45.77,45.74,45.74,45.30,45.30,45.47,45.30,45.20,45.32,45.47,45.30,45.25,45.25,45.20,45.00,45.12,45.49,45.42,45.77,45.74,46.37,46.79,47.38,47.97,48.68,49.56,49.73,49.17,47.16,46.12,46.44,47.01,48.07,50.70,51.85,51.77,52.40,54.95,54.76,52.68,48.10,44.65,44.25,44.62,44.97,45.92,50.14,52.42,52.99,52.97,52.49,52.16,51.31,50.85,50.68,50.58,50.44,50.36,50.46,50.27,49.90,49.29,48.56,47.58,46.69,46.76,46.64,46.14,46.41,46.29,46.29,46.12,45.79,45.77,45.49,45.17,45.17,45.49,45.84,45.79,45.39,45.27,45.20,45.59,45.99,46.34,46.49,46.54,46.56,46.41,46.49,46.24,46.12,46.12,45.99,45.94,46.24,46.29,46.54,46.96,47.51,47.11,46.71,46.41,45.94,45.57,45.30,45.32,45.82,45.72,46.09,47.41,47.68,47.24,46.74,46.27,45.64,45.02,44.77,44.77,44.87,44.97,45.17,45.20,45.05,45.27,45.77,46.44,46.79,46.61,46.49,46.49,46.14,45.49,44.92,46.02,47.34,48.73,49.12,48.63,46.39,46.27,46.66,46.61,46.32,46.91,47.31,47.41,47.51,47.88,48.22,47.97,47.75,47.90,48.12,48.12,48.70,49.95,49.19,48.85,49.63,51.31,51.68,50.78,48.90,48.46,48.07,47.78,47.61,47.11,47.16,47.36,47.41,47.61,47.36,47.68,48.68,50.78,52.08,53.04,53.45,53.88,54.19,54.33,54.81,56.05,56.63,56.54,56.96,57.34,57.66,58.70,59.84,60.72,61.16,61.09,60.93,60.97,61.09,61.16,61.18,61.20,61.41,61.39,61.39,61.32,61.14,60.49,58.74,56.70,55.86,55.62,55.53,55.38,55.17,54.98,54.95,54.88,54.76,54.62,54.43,54.26,-327.68,-327.68,-327.68,
-327.68,-327.68,-327.68,50.19,50.02,49.53,49.17,49.05,49.05,49.00,48.80,48.78,49.02,49.19,49.39,49.83,50.00,50.34,50.56,50.58,50.78,51.12,51.12,51.12,51.31,51.36,51.44,51.53,51.61,51.70,51.80,51.85,51.87,52.13,52.28,52.97,55.24,58.39,59.16,59.56,59.82,59.91,59.91,59.73,59.59,59.68,59.56,59.44,59.49,59.61,59.52,58.77,58.09,56.24,55.31,55.67,55.50,53.90,53.18,52.68,52.54,52.28,52.20,52.32,51.94,51.36,50.58,48.51,47.88,47.41,47.11,46.96,46.86,46.81,47.19,47.16,47.16,47.26,47.34,47.31,46.96,46.44,45.94,45.67,45.10,45.10,45.69,45.67,45.35,45.72,46.14,46.44,46.54,46.46,46.17,45.54,45.02,44.95,44.95,45.22,45.69,46.51,46.69,46.66,46.41,46.07,45.67,45.20,45.15,45.49,45.87,45.99,45.77,44.92,45.27,45.74,45.94,45.69,45.39,44.92,44.40,43.55,42.77,42.89,43.02,43.93,45.39,46.39,46.59,46.91,47.11,46.71,46.09,44.08,42.51,42.97,44.00,44.25,44.47,45.67,45.69,45.89,46.02,46.22,45.97,45.69,44.03,43.85,44.95,45.74,45.94,46.12,46.24,46.14,46.07,45.52,46.04,45.94,45.92,45.82,45.49,45.30,45.79,45.72,45.84,45.94,46.09,45.94,45.84,45.92,45.87,45.64,45.62,45.57,45.57,45.64,45.59,46.14,46.64,47.24,47.97,48.83,49.66,50.27,49.78,48.19,47.24,47.36,48.10,48.73,51.00,52.04,52.16,52.68,55.12,54.76,52.75,48.00,44.77,44.38,44.62,45.02,46.04,50.17,52.49,52.97,52.95,52.59,52.37,52.13,51.97,51.73,51.46,51.31,51.00,50.61,50.27,50.00,49.51,48.83,48.14,47.43,47.19,46.91,46.64,46.64,46.56,46.44,46.46,46.41,46.02,45.92,45.49,45.22,45.30,45.64,45.64,45.20,45.25,45.22,45.27,45.94,46.39,46.56,46.69,46.56,46.56,46.66,46.79,46.99,46.86,46.56,46.71,46.91,46.81,46.91,47.29,47.68,47.41,46.91,46.56,46.14,45.99,45.79,45.42,45.84,45.67,46.09,47.75,47.56,47.21,46.89,46.49,46.09,45.25,44.45,44.30,44.33,44.80,45.12,45.20,45.05,45.35,46.44,46.79,46.79,46.66,46.61,46.66,46.41,46.04,45.72,46.86,47.90,48.31,48.44,48.29,46.86,46.94,47.21,47.06,46.71,47.29,47.66,47.75,48.17,48.34,48.78,48.07,47.95,48.29,48.41,48.12,47.80,48.14,48.27,48.41,48.80,49.07,49.19,49.31,49.66,49.66,49.09,48.31,47.73,47.16,47.19,47.19,47.06,47.06,47.16,47.46,48.49,50.70,52.13,52.95,53.23,53.61,53.78,54.02,54.67,56.09,56.59,56.63,57.13,57.48,58.27,59.44,60.33,60.97,61.11,60.97,60.91,60.95,61.14,61.25,61.23,61.30,61.41,61.37,61.25,61.27,60.86,59.70,57.64,56.31,56.00,55.81,55.69,55.60,55.50,55.31,55.24,55.22,54.95,54.76,54.62,54.52,-327.68,-327.68,-327.68,
-327.68,-327.68,49.39,49.44,49.31,49.07,48.80,48.80,49.02,49.17,49.14,49.22,49.41,49.61,49.95,50.19,50.48,50.63,50.78,50.75,50.95,51.22,51.26,51.29,51.41,51.41,51.46,51.53,51.61,51.70,51.77,51.94,51.82,51.77,52.06,52.49,53.92,57.15,58.98,59.42,59.75,59.73,60.03,59.77,59.52,59.68,59.63,59.42,59.47,59.52,59.68,59.14,58.60,57.27,55.69,55.65,55.50,54.04,53.28,52.80,52.47,52.47,52.32,52.32,51.94,51.44,50.12,48.53,47.88,47.51,47.48,47.56,47.95,47.83,47.78,47.90,47.92,47.48,47.31,47.19,46.61,46.12,45.89,45.84,45.84,46.22,46.41,46.49,45.84,45.59,46.07,46.51,46.69,46.71,46.54,46.39,46.14,46.22,46.39,46.51,46.81,47.09,47.19,47.19,46.86,46.46,46.02,45.79,45.87,45.77,45.92,46.27,46.34,45.57,45.54,45.92,46.27,45.97,45.54,45.44,44.85,44.20,44.40,44.23,44.60,45.49,45.87,46.32,46.37,46.46,46.69,46.76,46.51,45.07,43.58,43.80,44.52,44.60,44.65,45.79,45.79,45.99,46.14,46.29,46.04,45.69,43.88,43.30,44.30,45.59,46.02,46.24,46.41,46.41,46.34,46.04,46.12,46.02,45.94,45.74,45.47,45.47,45.82,46.02,46.17,46.27,46.69,46.96,46.84,46.56,46.39,46.32,45.99,45.87,45.74,45.62,45.59,46.24,46.94,47.97,48.46,49.09,49.73,50.09,50.05,50.09,50.36,50.68,50.66,51.02,51.77,52.37,52.61,53.18,55.24,54.81,52.61,48.02,44.92,44.45,44.77,45.07,46.09,50.02,52.68,53.09,53.02,52.61,52.49,52.30,52.11,52.08,51.65,51.48,51.14,50.78,50.48,50.22,49.70,49.09,48.51,47.90,47.41,47.21,46.94,46.79,46.69,46.64,46.59,46.71,46.46,46.32,45.89,45.39,45.15,45.25,45.35,45.35,45.54,45.49,45.42,45.72,46.32,46.51,46.61,46.54,46.66,46.84,47.01,47.56,47.95,47.68,47.41,47.66,47.56,47.58,47.66,47.73,47.41,47.06,46.79,46.56,46.34,45.99,45.62,45.64,45.69,46.04,47.71,47.58,47.26,46.91,46.54,46.32,45.84,45.02,44.25,44.40,44.92,45.27,45.25,45.20,45.30,45.82,46.51,46.64,46.61,46.81,46.84,46.66,46.69,46.76,47.36,47.68,47.88,48.14,48.05,47.21,47.41,47.53,47.29,47.11,47.41,48.12,48.56,49.00,49.41,49.05,48.12,48.05,48.22,48.44,48.12,48.02,48.19,48.07,48.44,48.73,48.83,48.88,48.80,49.61,50.22,49.39,48.31,47.71,47.16,46.76,46.51,46.66,46.86,47.11,47.41,48.68,50.87,51.82,52.44,52.87,53.02,53.28,53.26,54.16,56.21,56.70,56.89,57.27,57.83,58.84,59.87,60.75,61.09,61.02,60.93,60.95,61.02,61.11,61.23,61.30,61.41,61.43,61.41,61.23,61.09,60.29,58.55,56.84,56.40,56.21,56.05,55.91,55.84,55.67,55.55,55.50,55.36,55.19,55.00,54.88,54.74,-327.68,-327.68,-327.68,
-327.68,-327.68,48.83,48.92,48.78,48.78,48.75,48.95,49.41,49.61,49.78,49.97,50.02,50.22,50.58,50.75,50.75,50.85,50.95,50.95,51.07,51.31,51.41,51.31,51.46,51.53,51.56,51.53,51.56,51.53,51.56,51.70,51.70,51.68,51.89,52.35,53.18,55.17,58.32,59.21,59.63,59.82,59.94,60.05,59.63,59.70,59.63,59.52,59.54,59.49,59.66,59.42,58.91,58.09,56.42,55.81,55.55,54.09,53.35,52.97,52.66,52.28,52.18,52.13,51.80,51.29,50.07,48.83,48.49,48.14,48.00,48.36,48.53,48.46,48.36,48.36,48.49,48.12,47.71,47.41,46.69,46.07,45.82,45.64,45.92,46.56,46.51,46.49,46.02,45.57,46.02,46.51,46.71,46.81,46.66,46.54,46.49,46.64,46.56,46.74,47.21,47.41,47.53,47.41,47.14,46.91,46.84,46.79,46.69,46.32,46.04,46.22,46.51,46.14,46.22,46.69,46.89,46.84,46.89,46.56,46.46,46.32,45.87,45.74,45.87,46.17,46.29,46.49,46.59,46.69,46.91,47.09,46.84,46.07,45.05,45.02,45.49,45.32,45.52,46.27,46.27,46.24,46.34,46.39,46.54,46.39,45.49,44.38,44.52,45.49,46.17,46.44,46.64,46.69,46.54,46.17,46.22,46.24,45.92,45.62,45.64,45.74,45.97,46.27,46.44,46.79,47.34,47.34,47.09,46.86,46.79,46.46,46.22,46.64,46.41,46.07,45.89,47.19,47.63,47.78,48.14,48.73,49.29,50.02,50.27,50.53,50.95,51.36,52.01,52.20,52.32,52.61,53.04,53.69,55.38,55.02,52.85,48.34,44.95,44.47,44.87,45.25,46.24,50.02,52.42,53.23,53.09,52.68,52.56,52.42,52.20,52.13,51.80,51.51,51.14,50.78,50.66,50.39,50.09,49.41,48.90,48.39,47.97,47.73,47.36,47.01,46.76,46.79,46.76,46.91,46.94,46.61,46.41,45.82,45.54,45.42,45.47,45.67,45.89,45.87,45.82,45.44,45.99,46.44,46.61,46.54,46.71,46.94,47.34,47.75,48.34,48.36,48.12,48.27,48.27,48.12,47.73,47.48,47.19,47.01,46.76,46.49,46.27,45.99,45.64,45.64,45.47,45.72,47.34,47.14,47.14,46.99,46.69,46.64,46.27,45.49,44.77,45.17,45.82,45.82,45.52,45.35,45.30,45.17,45.62,46.29,46.66,46.91,46.96,46.86,46.94,47.01,47.31,47.46,47.56,48.02,47.88,47.51,47.48,47.34,46.99,46.91,46.99,48.10,49.12,49.70,50.07,49.05,48.12,48.19,48.36,48.31,47.95,47.92,47.95,47.80,47.95,48.34,48.56,49.05,48.92,48.92,49.12,48.31,47.16,46.89,46.39,45.97,45.79,46.44,46.76,46.96,47.46,49.19,50.97,50.46,50.31,50.80,50.78,51.89,52.92,54.16,55.76,56.75,57.17,57.52,58.39,59.52,60.40,60.95,61.04,60.95,60.97,61.00,61.07,61.14,61.23,61.32,61.41,61.37,61.32,61.18,60.81,59.37,57.78,56.54,56.47,56.38,56.31,56.19,56.07,55.98,55.79,55.60,55.53,55.38,55.29,55.14,54.98,-327.68,-327.68,-327.68,
-327.68,-327.68,48.56,48.61,48.56,48.73,48.95,49.34,49.75,50.00,50.17,50.19,50.34,50.51,50.73,50.78,50.75,50.95,50.92,51.12,51.22,51.31,51.39,51.31,51.48,51.46,51.53,51.56,51.48,51.41,51.48,51.48,51.53,51.75,52.06,52.47,53.33,54.59,56.91,58.81,59.42,59.77,59.91,60.08,59.84,59.73,59.63,59.63,59.52,59.40,59.54,59.56,59.23,58.60,57.59,56.12,55.67,54.16,53.40,52.92,52.54,52.04,51.94,51.82,51.70,51.41,50.58,49.70,48.95,48.68,48.56,48.95,48.78,48.61,48.19,48.39,48.49,48.17,47.90,47.63,47.11,46.24,45.69,45.52,46.09,46.59,46.41,46.34,46.24,45.69,45.92,46.44,46.66,46.71,46.76,46.71,46.69,46.71,46.69,46.94,47.51,47.63,47.71,47.71,47.58,47.38,47.24,47.16,47.01,46.76,46.24,45.82,46.34,46.41,46.74,47.09,47.21,47.36,47.14,46.86,47.21,47.73,47.31,47.21,47.01,46.89,46.74,46.79,46.86,46.99,47.19,47.16,47.11,46.91,46.49,46.27,46.22,46.14,46.32,46.69,46.69,46.49,46.49,46.84,46.91,46.71,46.49,45.94,45.15,45.44,46.24,46.71,46.94,46.91,46.14,45.77,45.99,45.84,45.62,45.72,46.17,46.09,46.02,46.14,46.74,47.26,47.58,47.43,47.31,47.16,46.94,46.02,45.52,46.96,47.16,46.34,46.66,47.36,47.63,47.71,48.02,48.24,48.90,49.73,50.39,50.73,51.19,51.61,52.11,52.47,52.56,52.87,53.23,53.76,55.43,55.12,53.04,48.68,45.12,44.77,44.92,45.20,46.29,50.12,52.49,53.28,53.26,52.87,52.63,52.32,52.18,52.06,51.85,51.56,51.29,50.97,50.70,50.58,50.27,49.95,49.41,49.02,48.58,48.39,48.05,47.46,47.11,46.91,47.09,47.41,47.43,46.91,46.61,46.22,45.82,45.49,45.47,45.79,46.02,46.12,46.07,45.62,45.72,46.32,46.69,46.81,46.91,46.99,47.26,47.63,48.19,48.34,48.27,48.36,48.34,48.17,47.75,47.31,46.91,46.76,46.49,46.27,46.07,45.77,45.35,45.22,44.90,45.52,47.11,47.31,46.91,46.84,46.81,46.56,46.27,45.82,45.87,46.17,46.27,46.22,46.09,45.72,45.20,44.95,44.95,45.92,46.66,46.86,46.84,46.84,46.91,46.99,47.19,47.29,47.38,47.58,47.66,47.53,47.09,46.17,45.94,45.94,46.44,46.84,47.88,49.53,49.73,48.78,48.46,48.41,48.27,47.06,46.49,46.56,46.54,46.32,46.27,46.91,48.70,49.00,48.80,48.56,48.29,47.31,45.57,45.27,45.20,45.05,45.52,46.44,46.69,46.99,47.75,49.95,50.97,48.51,47.16,47.56,47.88,49.70,53.02,54.07,55.86,56.91,57.31,57.95,58.95,59.89,60.63,61.02,61.04,60.95,60.97,61.07,61.09,61.18,61.25,61.41,61.37,61.32,61.18,61.02,60.15,58.20,57.13,56.61,56.54,56.47,56.38,56.31,56.19,56.07,55.98,55.86,55.79,55.60,55.53,55.36,55.24,55.22,-327.68,-327.68,
-327.68,-327.68,48.70,48.56,48.73,49.02,49.36,50.00,50.34,50.41,50.48,50.70,50.78,50.78,50.92,51.00,51.00,51.02,50.95,51.31,51.29,51.34,51.39,51.31,51.39,51.29,51.51,51.44,51.29,51.26,51.39,51.73,51.87,52.08,52.56,53.11,53.69,54.38,55.76,58.25,59.23,59.59,59.91,59.94,59.91,59.84,59.54,59.70,59.66,59.37,59.37,59.42,59.47,58.86,58.25,56.63,55.84,54.14,53.54,52.80,52.13,51.44,51.14,51.31,51.26,51.51,51.00,50.56,50.02,49.66,49.36,49.24,48.68,48.24,47.97,47.83,48.24,47.97,47.63,47.31,47.09,46.59,45.67,45.49,46.29,46.44,46.34,46.32,46.29,45.79,45.94,46.44,46.59,46.74,46.81,46.94,46.86,46.69,46.74,47.19,47.63,47.88,48.10,48.12,47.97,47.63,47.41,47.43,47.26,47.09,46.66,46.37,46.76,47.21,47.21,47.51,47.58,47.48,47.16,46.99,47.06,47.34,47.16,47.01,46.84,46.66,46.59,46.66,46.81,47.14,47.31,47.21,47.26,47.19,47.16,46.64,46.56,46.46,46.69,46.91,46.74,46.51,46.69,47.14,47.14,46.91,46.81,46.71,46.22,45.64,46.02,46.59,47.01,46.66,45.67,45.57,45.69,45.77,45.62,45.99,46.34,46.37,46.24,46.12,46.69,47.68,47.80,47.63,47.48,47.41,47.06,45.69,45.92,46.14,45.99,46.27,46.86,47.16,47.48,47.71,47.71,47.95,48.34,49.02,49.97,50.73,51.31,51.73,52.28,52.59,52.87,53.11,53.26,53.71,55.62,55.19,53.09,48.70,45.15,44.75,45.05,45.35,46.37,50.31,52.56,53.73,53.14,52.66,52.32,52.11,51.85,51.61,51.46,51.31,51.17,51.12,50.95,50.63,50.31,50.00,49.66,49.41,49.00,48.75,48.41,48.07,47.58,47.56,47.73,47.97,47.95,47.29,46.69,46.12,45.59,45.05,44.82,45.54,46.09,46.34,46.51,46.24,46.27,46.91,47.43,47.73,47.71,47.29,46.81,46.94,47.31,47.90,47.90,48.10,48.12,47.97,47.56,46.96,46.69,46.56,46.14,45.49,45.12,44.75,44.65,44.52,44.82,45.30,46.86,47.01,46.99,46.91,46.71,46.59,46.24,45.89,46.14,46.27,45.89,45.72,46.12,46.04,45.15,44.52,44.85,45.99,46.64,46.81,46.69,46.61,46.76,46.94,47.06,46.99,47.29,47.29,47.31,47.14,46.46,44.97,44.80,45.10,45.84,45.77,45.77,47.68,48.31,48.63,48.78,48.58,48.14,45.87,45.20,46.49,46.32,45.59,45.44,46.51,48.53,48.78,48.61,48.36,47.92,46.86,44.95,44.92,45.30,44.95,45.59,46.49,46.74,47.38,48.68,50.58,51.17,48.02,46.84,47.80,47.88,49.73,52.49,54.12,55.91,57.01,57.66,58.67,59.63,60.40,60.91,60.95,60.91,60.93,61.02,61.18,61.18,61.32,61.37,61.39,61.32,61.32,61.02,60.58,58.98,57.59,57.17,56.80,56.70,56.56,56.47,56.40,56.31,56.26,56.19,56.07,56.05,55.76,55.69,55.57,55.53,55.50,-327.68,-327.68,
-327.68,-327.68,49.14,48.88,49.19,49.61,49.88,50.58,50.68,50.61,50.73,50.97,51.00,51.00,51.14,51.14,51.07,51.19,51.26,51.31,51.34,51.34,51.36,51.29,51.31,51.24,51.44,51.31,51.31,51.39,51.65,51.94,52.28,52.68,53.14,53.64,54.12,54.59,55.26,56.98,58.88,59.37,59.68,59.91,59.77,59.91,59.70,59.70,59.73,59.47,59.28,59.21,59.42,59.16,58.58,57.08,55.86,54.04,53.40,52.78,51.82,49.19,48.36,48.29,48.56,50.34,51.12,50.92,50.58,49.97,49.39,48.85,48.36,47.58,47.38,47.14,47.46,47.63,47.46,47.26,46.91,46.66,45.77,45.54,46.24,46.32,46.27,46.27,46.04,45.72,45.99,46.59,46.89,46.94,46.79,46.89,46.91,46.74,46.94,47.41,47.78,48.05,48.24,48.27,48.17,47.90,47.75,47.63,47.46,47.46,47.16,47.16,47.43,47.66,47.73,47.75,47.88,47.63,47.14,46.91,46.91,46.84,46.84,46.74,46.46,46.32,46.09,46.22,46.51,46.91,47.16,47.19,47.29,47.41,47.41,47.16,47.11,46.96,47.06,46.94,46.66,46.49,46.91,47.11,46.99,46.79,46.74,46.76,46.69,46.17,45.89,46.22,46.29,46.02,45.72,45.79,46.02,46.12,46.12,46.24,46.49,46.46,46.39,46.29,46.99,48.17,48.07,47.80,47.75,47.71,47.26,47.24,47.46,46.27,45.44,46.54,46.86,46.91,47.24,47.58,47.71,47.90,48.14,48.75,49.73,50.61,51.24,51.77,52.16,52.63,52.87,53.06,53.18,53.42,55.29,55.29,53.38,49.07,45.35,44.90,45.15,45.57,46.61,50.53,52.99,54.07,53.18,52.54,51.77,50.14,49.83,49.41,49.36,49.51,50.34,50.78,50.58,50.48,50.17,49.51,48.83,48.07,47.46,47.24,47.36,47.36,46.99,47.80,48.73,48.75,48.27,47.58,46.81,45.82,45.12,44.97,44.72,45.05,46.07,46.69,47.11,46.84,46.84,47.41,47.97,48.46,49.00,48.73,46.76,45.72,45.87,46.76,46.84,47.29,47.63,47.46,47.01,46.41,46.41,46.29,46.02,44.65,43.80,43.60,43.90,44.60,45.82,46.49,47.14,47.61,47.75,47.92,47.29,46.49,46.17,45.69,45.87,46.04,45.87,45.57,45.72,45.97,45.20,44.25,44.80,46.27,46.89,47.01,46.74,46.44,46.49,46.54,46.74,46.84,47.11,47.29,47.11,46.79,45.99,44.60,44.65,44.80,44.92,45.05,45.39,47.01,47.66,48.36,48.56,48.53,48.02,45.87,44.65,44.95,44.80,44.47,44.50,46.51,48.41,48.53,48.44,48.12,47.48,46.32,44.85,45.05,45.94,45.79,45.77,46.64,47.16,48.05,49.51,50.97,51.31,48.27,46.94,48.00,48.46,49.88,52.49,54.21,56.02,57.17,57.88,59.09,60.05,60.63,60.93,60.88,60.84,61.00,61.09,61.18,61.16,61.30,61.46,61.32,61.23,61.09,60.91,59.77,58.04,57.36,57.17,56.94,56.80,56.73,56.73,56.61,56.45,56.42,56.47,56.31,56.21,55.93,55.95,55.84,55.76,55.76,-327.68,-327.68,
-327.68,-327.68,49.66,49.44,49.70,50.07,50.24,50.85,50.83,50.80,50.92,51.31,51.24,51.12,51.14,51.14,51.14,51.14,51.29,51.31,51.24,51.34,51.29,51.24,51.17,51.19,51.31,51.36,51.44,51.73,52.08,52.56,52.99,53.30,53.69,54.04,54.45,54.83,55.19,56.24,57.97,59.16,59.47,59.82,59.91,59.94,59.77,59.63,59.61,59.61,59.30,58.98,59.30,59.30,58.84,57.27,55.81,54.00,53.26,52.68,51.89,48.58,47.90,47.41,46.91,49.63,50.78,50.63,50.22,49.88,49.07,48.07,47.51,47.06,46.79,46.64,46.56,47.16,47.36,47.11,46.79,46.46,45.84,45.17,45.79,45.97,46.02,45.97,45.67,45.39,45.79,46.34,46.74,46.79,46.59,46.61,46.86,46.91,47.06,47.48,47.80,48.07,48.24,48.34,48.22,47.97,48.00,47.80,47.61,47.41,47.36,47.78,47.90,47.83,47.95,48.02,47.90,47.56,46.89,46.69,46.69,46.61,46.49,46.69,46.32,45.94,45.44,45.64,46.14,46.59,46.86,46.99,46.94,47.24,47.46,47.46,47.46,47.41,47.24,47.09,46.69,46.71,47.38,47.11,46.91,46.76,46.76,46.79,46.81,46.54,46.14,46.22,46.29,46.14,45.97,46.32,46.54,46.59,46.61,46.44,46.89,46.81,46.74,46.71,47.61,48.88,48.53,48.24,48.17,47.80,47.11,47.11,47.53,46.54,45.39,46.27,46.61,47.29,47.41,47.61,47.83,48.02,48.34,48.95,49.80,50.56,51.05,51.53,52.11,52.49,52.92,52.99,53.21,53.61,55.19,55.45,53.45,49.22,45.59,45.05,45.20,45.79,46.76,50.90,53.33,54.24,53.26,52.56,51.39,47.63,47.21,47.14,46.56,46.89,49.00,50.31,50.27,50.34,50.00,49.19,48.19,46.54,45.02,44.15,44.72,45.02,44.75,47.16,49.39,49.34,48.83,48.19,47.16,46.41,46.17,46.17,45.77,44.52,45.62,46.91,47.63,47.36,46.89,47.26,47.75,48.34,49.31,49.80,47.43,44.80,44.60,45.94,46.49,46.61,47.09,46.89,46.49,45.87,45.92,46.02,45.84,45.05,43.98,43.93,45.12,46.07,46.69,46.84,47.19,47.26,47.53,48.02,47.11,46.27,45.87,45.49,45.49,45.64,45.47,45.20,45.42,45.52,45.15,44.62,45.32,46.84,47.24,46.91,46.66,46.07,45.79,45.77,46.22,46.59,46.81,47.16,47.36,47.31,46.59,45.12,44.85,44.25,43.78,44.25,45.32,46.69,47.21,47.92,48.19,48.29,47.66,46.02,44.77,44.33,43.85,43.75,43.98,46.51,48.78,48.56,48.14,47.75,46.96,45.82,44.62,44.62,45.79,45.89,45.67,46.74,47.53,48.46,49.97,51.34,51.26,48.19,47.09,47.58,48.36,50.75,52.78,54.16,55.91,57.08,58.09,59.42,60.33,60.79,60.81,60.63,60.72,61.00,61.14,61.16,61.18,61.39,61.39,61.32,61.20,60.95,60.45,58.81,57.59,57.31,57.20,57.10,57.08,56.96,56.73,56.70,56.70,56.56,56.56,56.54,56.40,56.12,56.09,56.05,55.95,55.95,-327.68,-327.68,
-327.68,-327.68,50.00,49.95,50.02,50.41,50.51,50.95,50.90,51.02,51.00,51.34,51.46,51.31,51.26,51.24,51.22,51.24,51.17,51.29,51.22,51.22,51.22,51.24,51.14,51.19,51.39,51.65,52.04,52.35,52.68,53.18,53.59,53.88,54.12,54.43,54.74,54.90,55.07,55.55,56.91,58.70,59.28,59.66,59.87,59.84,59.82,59.63,59.59,59.63,59.42,58.86,59.05,59.23,59.05,57.52,55.86,54.24,53.06,52.59,51.94,49.00,48.29,47.83,47.16,48.78,50.53,50.56,49.88,49.39,48.92,48.19,47.48,46.84,46.64,46.64,46.49,46.69,47.21,46.94,46.69,46.37,45.89,44.80,45.17,45.59,45.69,45.69,44.90,45.12,45.49,46.02,46.49,46.49,46.34,45.97,45.54,45.62,46.02,46.51,47.29,47.95,48.29,48.49,48.36,48.10,48.00,48.00,47.53,47.26,47.41,47.31,47.56,47.83,47.97,48.10,47.90,47.46,46.91,46.41,46.41,46.32,46.17,46.49,46.32,45.94,45.22,45.27,45.77,46.22,46.32,46.54,46.54,46.86,47.29,47.41,47.48,47.46,47.31,47.09,46.91,47.14,47.51,46.89,46.74,46.69,46.56,46.64,46.74,46.69,46.32,46.39,46.59,46.32,46.51,46.76,47.19,47.06,46.96,46.59,46.91,47.24,47.09,46.61,47.75,49.53,49.19,48.90,48.61,47.61,46.89,46.86,47.29,45.87,45.02,45.77,46.56,47.11,47.31,47.41,47.66,48.05,48.63,49.29,49.92,50.17,50.12,50.27,50.53,51.56,52.56,53.21,53.23,53.73,55.12,55.53,53.81,49.63,45.77,45.25,45.44,45.79,46.89,50.92,53.57,54.35,53.30,52.54,51.31,47.41,46.59,46.07,45.54,46.39,48.51,50.34,50.39,50.34,49.97,49.12,47.90,45.62,43.93,43.80,44.52,44.15,43.95,47.31,49.97,49.83,49.00,48.31,47.68,47.68,47.53,46.96,46.29,45.44,45.05,46.71,48.05,47.51,46.86,47.16,47.61,48.22,49.17,49.70,47.31,44.47,43.73,45.82,46.32,46.37,46.69,46.44,46.07,45.57,45.49,45.74,45.57,45.07,44.25,44.95,46.09,46.59,46.86,46.84,46.91,47.16,47.29,47.14,46.46,45.72,45.35,45.20,45.07,45.39,45.39,45.25,45.42,45.57,45.35,45.07,45.79,47.11,47.29,46.66,46.02,45.32,44.97,45.42,45.99,46.29,46.71,47.06,47.48,47.73,47.78,47.09,45.30,43.85,43.80,44.08,45.39,46.39,46.69,47.53,47.90,47.90,47.29,45.22,43.50,43.38,43.17,43.55,44.52,46.84,48.51,48.34,47.58,46.91,46.46,45.97,45.27,45.17,45.39,45.49,45.52,46.29,47.56,48.92,50.46,51.70,51.29,48.02,47.26,47.36,48.19,50.70,52.78,54.09,55.74,57.03,58.09,59.59,60.65,60.77,60.52,60.47,60.81,61.11,61.20,61.20,61.32,61.46,61.25,61.23,61.14,60.75,59.54,58.11,57.43,57.48,57.31,57.15,57.01,57.03,56.98,56.89,56.87,56.75,56.70,56.59,56.70,56.38,56.24,56.12,56.09,56.09,-327.68,-327.68,
-327.68,-327.68,50.31,50.27,50.36,50.56,50.73,51.05,50.95,51.05,51.17,51.17,51.31,51.41,51.31,51.24,51.24,51.22,51.14,51.19,51.07,51.29,51.24,51.39,51.34,51.51,51.73,52.18,52.66,53.02,53.42,53.81,54.14,54.33,54.45,54.62,54.86,55.07,55.26,55.43,56.26,57.92,59.09,59.47,59.63,59.70,59.77,59.77,59.63,59.54,59.52,59.05,58.88,59.14,59.14,57.71,55.84,54.12,53.02,52.25,51.53,49.44,48.34,47.51,47.16,48.34,50.44,50.44,49.95,49.19,48.73,48.02,47.75,47.06,46.69,46.69,46.56,46.37,46.81,46.86,46.56,46.27,46.02,45.22,45.10,45.27,45.44,45.62,45.39,45.62,45.72,45.94,46.32,46.51,46.29,45.39,44.52,44.52,44.50,44.80,45.79,47.26,48.14,48.49,48.39,48.14,48.10,47.75,47.41,45.89,45.25,45.49,45.89,46.34,47.68,47.90,47.88,47.38,46.66,45.99,45.79,46.02,45.94,46.07,46.02,45.79,45.12,45.00,45.54,46.04,46.22,46.09,46.04,46.27,46.59,46.84,46.84,46.79,46.81,46.74,46.56,46.99,47.01,46.71,46.69,46.56,46.54,46.64,46.59,46.64,45.94,45.67,45.69,46.17,46.49,46.86,47.26,47.41,47.11,46.61,46.07,46.84,46.54,45.74,47.68,50.19,50.09,49.56,48.63,47.11,46.56,46.84,46.94,46.02,45.39,45.25,46.37,46.94,47.06,47.41,47.68,48.34,48.92,49.41,49.66,48.97,48.56,48.31,48.22,50.27,51.99,52.90,53.28,53.47,54.90,55.79,54.19,49.92,45.99,45.39,45.49,45.89,47.01,51.07,53.73,54.62,54.02,52.85,51.53,47.80,45.89,45.57,45.30,46.22,48.49,50.34,50.58,50.44,50.22,49.63,48.05,44.85,43.63,44.05,44.72,44.45,44.42,47.41,50.19,50.02,49.14,48.27,47.51,47.51,47.63,46.94,46.37,45.79,45.44,46.17,47.14,47.26,46.91,47.16,47.51,48.22,49.09,49.02,47.01,44.08,42.89,44.47,45.52,46.17,46.69,46.34,45.92,45.30,45.07,45.27,45.30,44.92,44.18,45.57,46.14,46.56,46.79,46.74,46.84,46.79,46.49,45.62,45.42,45.42,45.32,45.10,45.07,45.20,45.20,44.97,45.05,45.32,45.42,45.25,45.89,47.09,47.24,46.61,45.87,45.39,45.27,45.44,45.89,46.34,46.64,47.01,47.48,47.80,48.29,48.70,46.44,44.28,44.62,44.23,45.47,46.46,46.49,47.31,47.38,47.46,46.86,45.15,43.80,43.90,43.80,44.18,45.69,46.79,47.95,47.66,46.86,46.64,46.34,46.24,45.94,45.74,45.15,45.35,45.57,46.07,47.16,49.36,51.00,51.97,51.41,48.07,47.58,47.58,48.12,50.22,52.63,53.90,55.57,56.94,58.13,59.73,60.63,60.61,60.35,60.42,60.77,61.11,61.14,61.27,61.37,61.30,61.20,61.14,60.91,60.12,58.60,57.80,57.59,57.50,57.38,57.29,57.10,57.08,57.13,57.03,56.94,56.98,56.89,56.70,56.87,56.54,56.42,56.35,56.26,56.24,-327.68,-327.68,
-327.68,-327.68,50.46,50.46,50.51,50.73,50.78,51.07,51.14,51.14,51.12,51.22,51.19,51.26,51.24,51.14,51.07,51.14,51.14,51.00,51.07,51.14,51.31,51.48,51.68,52.06,52.25,52.83,53.23,53.52,53.97,54.14,54.45,54.64,54.67,54.79,54.98,55.07,55.24,55.48,55.84,57.03,58.53,59.21,59.49,59.75,59.84,59.75,59.61,59.52,59.44,59.33,58.95,58.91,59.12,57.88,55.95,54.00,52.87,52.20,51.53,49.92,48.83,47.73,47.51,48.12,50.07,50.19,49.56,49.07,48.34,47.61,47.21,47.16,46.46,46.44,46.37,46.27,46.27,46.56,46.34,46.02,45.99,45.52,45.17,45.22,45.30,45.62,45.82,46.12,46.51,46.34,46.29,46.49,46.29,45.17,43.95,43.83,43.98,44.08,45.00,46.76,47.90,48.34,48.51,48.36,48.10,47.66,47.11,44.35,43.40,43.93,44.25,44.65,47.06,47.53,47.63,47.51,46.69,45.94,45.32,45.77,45.79,45.74,45.74,45.57,45.00,45.02,45.74,46.37,46.49,45.89,45.62,45.94,46.17,45.52,44.90,44.38,44.35,45.39,45.49,46.12,46.76,46.49,46.39,46.44,46.27,46.24,46.24,46.29,44.60,43.35,44.00,45.94,46.09,46.49,46.84,47.01,46.89,46.54,44.80,44.52,44.77,45.02,46.59,49.61,50.58,49.70,47.63,46.49,46.41,46.86,46.69,46.51,45.89,45.42,45.69,46.22,46.64,47.19,47.63,48.17,48.61,49.22,49.41,48.88,48.58,48.31,48.78,49.80,51.85,52.54,53.04,53.52,54.71,55.74,54.14,50.02,46.22,45.57,45.62,46.12,47.19,51.12,53.66,54.40,53.28,52.75,51.51,47.38,46.34,45.52,45.35,45.79,48.17,50.36,50.70,50.70,50.41,49.80,48.19,45.35,44.15,44.10,44.80,44.80,45.57,48.19,50.12,49.83,49.07,48.27,47.38,47.16,47.34,46.84,46.27,45.82,45.64,45.84,46.49,47.06,47.14,47.36,47.58,48.00,48.14,47.97,47.16,44.42,43.15,43.55,44.87,46.17,46.81,46.56,46.27,45.72,45.05,44.75,44.77,44.70,44.20,45.57,45.99,46.44,46.59,46.69,46.49,46.07,45.54,45.57,45.94,45.87,45.87,45.27,45.10,45.12,45.12,45.15,45.17,45.62,45.77,45.89,46.24,46.69,46.96,46.49,45.74,45.30,45.22,45.42,45.79,46.29,46.69,47.21,47.66,48.10,48.24,48.49,47.24,45.05,45.27,44.47,45.57,46.69,46.54,47.16,46.99,47.06,47.06,45.99,44.60,44.38,44.30,44.60,45.57,46.39,46.91,46.89,46.66,46.54,46.32,46.22,46.12,45.94,45.17,45.42,45.79,46.29,46.89,48.83,51.26,52.18,51.70,49.19,48.14,48.22,48.80,50.48,52.75,53.90,55.43,56.94,58.30,60.05,60.79,60.47,60.29,60.58,60.95,61.09,61.04,61.23,61.27,61.18,61.11,61.04,60.58,59.33,57.97,57.66,57.64,57.50,57.48,57.34,57.27,57.24,57.17,57.13,57.06,56.96,56.91,56.87,57.08,56.66,56.63,56.54,56.40,56.38,-327.68,-327.68,
-327.68,-327.68,50.58,50.58,50.61,50.83,50.90,51.07,51.14,51.12,51.14,51.29,51.26,51.39,51.36,51.17,50.92,50.90,51.00,50.97,50.97,51.14,51.56,51.94,52.20,52.68,52.97,53.40,53.81,53.85,54.40,54.40,54.76,54.86,54.98,55.07,55.24,55.33,55.41,55.53,55.67,56.26,57.64,58.91,59.33,59.54,59.77,59.77,59.70,59.59,59.40,59.52,59.16,58.77,58.91,57.99,55.91,54.07,53.02,52.56,52.04,51.02,49.19,48.46,48.24,48.14,49.97,49.83,49.46,48.63,47.97,47.11,46.41,46.54,46.27,45.87,45.67,45.74,46.14,46.22,46.07,45.77,45.72,45.35,45.17,45.25,45.30,45.47,45.79,46.14,46.46,46.37,46.29,46.44,46.17,44.95,43.48,43.17,43.15,43.38,44.50,46.37,47.56,48.00,48.10,48.29,48.22,47.63,45.49,43.90,43.02,43.68,44.47,45.02,46.91,47.34,47.56,47.63,46.96,46.07,45.27,45.47,45.57,45.57,45.52,45.35,44.97,45.30,46.04,46.34,46.61,45.97,45.67,46.17,46.56,45.99,44.77,43.38,42.82,44.30,44.95,45.59,46.34,46.09,46.07,46.24,46.04,45.92,45.87,45.82,44.10,43.35,44.92,45.47,45.54,46.09,46.56,46.91,46.91,46.49,44.70,43.93,44.72,44.60,44.85,46.99,48.31,47.11,46.27,46.04,46.14,46.51,46.27,45.69,45.32,45.05,45.02,45.82,46.44,46.99,47.26,47.75,48.49,49.17,49.24,48.39,47.95,49.53,50.63,49.51,50.95,52.44,52.90,53.59,54.52,55.74,54.28,50.36,46.54,45.84,45.82,46.32,47.38,51.24,53.78,54.35,53.06,52.59,51.53,47.90,46.81,45.97,45.64,46.22,48.10,50.17,50.68,50.68,50.24,49.63,48.24,45.64,44.65,45.15,46.22,46.32,46.79,48.78,50.19,49.88,49.09,48.49,47.73,47.14,46.64,46.32,45.89,45.47,45.35,45.87,46.69,47.31,47.83,47.97,47.78,47.46,47.09,46.89,46.91,45.67,44.67,44.62,45.72,46.89,47.16,46.86,46.69,46.37,45.62,44.87,44.60,44.62,44.62,45.30,45.64,45.97,46.22,46.37,45.87,45.57,45.79,46.56,46.27,46.22,46.07,45.87,45.27,44.92,45.20,45.49,45.82,45.99,46.17,46.09,46.12,46.27,46.34,46.39,46.02,45.62,45.44,45.59,46.02,46.59,47.14,47.63,48.02,48.00,47.19,47.01,46.54,45.99,45.84,45.20,45.89,46.79,46.56,47.01,46.86,47.48,49.36,48.83,46.37,44.97,44.52,44.50,45.12,46.12,46.46,46.66,46.69,46.54,46.46,46.14,46.32,46.07,45.69,46.02,46.81,47.16,47.41,48.36,51.14,52.47,52.32,50.90,50.09,50.14,50.00,51.36,53.04,54.02,55.45,56.96,58.27,59.94,60.58,60.33,60.33,60.79,61.04,61.14,61.14,61.27,61.23,61.18,61.04,60.88,59.87,58.53,57.76,57.64,57.52,57.50,57.55,57.50,57.36,57.27,57.27,57.27,57.17,57.13,57.17,57.03,57.43,56.80,56.87,56.59,56.54,56.54,-327.68,-327.68,
-327.68,-327.68,50.68,50.68,50.78,50.87,50.87,51.17,51.02,51.05,51.07,51.14,51.07,51.14,51.22,51.02,50.92,50.95,51.02,51.07,51.31,51.73,52.01,52.44,52.87,53.33,53.57,53.90,54.14,54.19,54.52,54.62,54.79,54.90,54.90,55.12,55.24,55.31,55.50,55.57,55.67,55.86,56.82,58.25,59.07,59.42,59.68,59.75,59.77,59.59,59.52,59.49,59.40,58.81,58.70,57.95,55.69,54.09,53.23,52.66,52.49,52.40,51.68,51.14,50.09,49.44,50.00,49.41,48.90,48.24,47.48,46.91,45.79,45.92,45.72,45.42,44.97,45.25,46.09,46.27,46.02,45.79,45.52,45.49,45.42,45.35,45.39,45.59,45.87,46.12,46.17,45.94,45.94,46.12,46.02,45.00,43.65,43.00,42.74,43.15,44.42,46.02,47.01,47.43,47.63,47.71,47.90,46.22,44.23,43.68,43.10,43.43,44.75,45.05,46.81,47.41,47.51,47.56,47.16,46.41,45.35,45.02,45.05,45.22,45.27,45.15,45.05,45.72,46.04,46.32,46.61,45.84,45.82,46.46,46.84,46.71,46.27,45.49,44.90,45.05,44.97,45.15,45.74,45.82,45.69,45.87,45.94,45.79,45.64,45.42,44.28,44.72,44.90,43.93,45.30,45.89,46.44,46.54,46.56,46.27,45.54,45.57,45.17,44.67,44.45,44.92,45.32,45.17,45.05,45.07,45.07,45.74,45.62,45.05,44.80,44.80,45.05,45.69,46.66,47.68,48.27,48.10,48.68,49.39,49.53,48.44,48.24,50.46,50.92,48.39,50.19,52.47,52.97,53.64,54.43,55.84,54.43,50.46,46.66,45.94,45.92,46.37,47.63,51.31,53.66,54.28,53.16,52.75,51.77,48.41,48.78,46.81,46.29,46.84,48.39,50.00,50.53,50.51,50.09,49.41,48.56,46.69,46.59,47.97,48.05,46.91,47.01,48.78,49.97,49.68,49.63,48.95,48.05,47.31,46.91,46.56,45.79,45.20,45.35,45.74,46.74,47.75,48.46,48.51,48.07,47.38,46.86,46.14,45.99,46.51,46.04,46.81,47.41,47.51,47.34,47.16,46.96,46.69,46.12,45.15,44.65,44.65,44.85,45.27,45.57,45.84,45.97,45.79,45.72,45.94,46.64,46.94,46.44,46.32,46.71,47.51,46.86,45.20,45.25,45.57,46.02,46.34,46.32,46.37,46.41,46.49,46.44,46.37,46.37,45.94,45.72,45.99,46.54,47.06,47.61,48.00,48.10,47.83,46.94,46.49,46.37,46.91,46.71,46.29,46.66,47.06,46.76,47.01,47.11,48.90,51.14,51.31,50.73,48.22,45.72,45.02,45.12,45.87,46.49,46.91,46.91,46.84,46.61,46.54,46.76,46.84,47.26,47.88,48.27,48.92,49.09,49.41,51.31,52.35,52.90,52.97,52.85,52.78,52.68,52.92,53.45,54.24,55.62,56.98,58.18,59.82,60.31,60.17,60.61,61.02,61.07,61.07,61.25,61.37,61.23,61.14,60.97,60.33,58.91,57.99,57.80,57.71,57.64,57.64,57.71,57.64,57.52,57.48,57.34,57.36,57.50,57.22,57.17,57.27,58.04,57.10,57.08,56.87,56.84,56.82,-327.68,-327.68,
-327.68,-327.68,50.78,50.78,50.78,50.87,50.92,51.24,51.07,50.92,50.95,50.92,50.87,50.95,50.97,50.97,51.00,51.02,51.29,51.58,51.80,52.25,52.63,53.06,53.40,53.78,53.92,54.19,54.45,54.55,54.59,54.83,54.98,55.05,55.17,55.24,55.33,55.31,55.31,55.41,55.65,55.84,56.21,57.50,58.77,59.16,59.42,59.70,59.77,59.63,59.52,59.42,59.37,59.00,58.55,57.59,55.43,54.07,53.21,52.68,52.59,52.54,52.44,52.13,51.56,50.58,49.66,48.83,48.14,47.78,47.46,47.36,46.51,46.02,45.54,45.39,45.20,45.52,46.37,46.41,46.12,45.97,45.74,45.84,45.79,45.54,45.52,45.79,45.92,46.02,46.02,45.94,45.99,46.04,45.94,45.17,44.00,43.63,43.83,43.88,44.50,45.87,46.64,46.91,47.14,47.31,47.41,45.77,44.25,43.98,43.40,43.83,44.97,44.90,46.79,47.38,47.29,47.36,47.16,46.54,45.64,44.33,44.70,45.10,45.05,45.05,45.12,45.62,46.02,46.14,46.27,45.64,46.12,46.69,46.91,46.89,46.84,46.51,46.02,46.32,46.17,45.59,45.30,45.39,45.47,45.52,45.59,45.44,45.35,44.95,44.80,44.25,43.12,43.43,45.32,45.94,46.22,46.49,46.22,46.14,46.17,45.97,45.54,44.82,44.62,45.05,45.47,45.49,44.77,44.25,44.40,44.75,44.57,44.80,45.12,44.92,45.07,45.64,46.59,47.63,48.46,48.70,49.05,49.83,50.19,48.88,48.14,49.14,50.17,48.63,50.51,52.68,53.21,53.83,54.50,55.95,54.47,50.63,46.84,46.17,46.22,46.54,47.66,51.22,53.59,53.90,53.04,52.97,52.08,49.05,49.44,47.63,47.26,47.71,49.17,50.27,50.66,50.48,49.85,49.29,48.75,47.01,47.21,48.85,48.07,47.16,47.97,48.70,49.83,49.92,50.09,49.00,48.05,47.61,47.29,46.79,46.14,45.74,45.79,45.99,46.59,48.12,49.05,49.17,48.53,47.68,47.38,46.49,46.04,47.11,47.26,48.61,48.27,47.88,47.53,47.29,47.01,46.79,46.22,45.30,44.87,44.82,44.95,45.39,45.69,45.99,45.89,45.64,45.94,46.49,47.11,46.99,46.51,46.51,47.58,47.71,47.66,47.06,45.42,45.67,46.24,46.56,46.59,46.64,46.74,46.74,46.71,46.81,46.86,46.64,46.51,46.69,47.11,47.66,48.14,48.41,48.49,48.34,48.02,47.83,47.71,47.75,47.66,47.48,47.63,47.41,46.94,47.11,47.56,49.78,50.80,50.41,50.73,50.31,48.53,46.27,45.82,46.34,46.84,47.26,47.43,47.34,47.29,47.41,47.41,47.46,48.70,50.05,50.07,50.22,50.73,51.19,51.75,52.68,53.18,53.40,53.47,53.28,53.21,53.06,53.23,54.09,55.57,57.01,58.09,59.66,60.19,60.19,60.75,61.14,61.00,61.18,61.25,61.32,61.18,60.95,60.70,59.49,58.27,57.90,57.83,57.76,57.69,57.69,57.69,57.71,57.71,57.64,57.57,57.38,57.52,57.27,57.29,57.24,57.57,57.20,57.17,57.13,57.03,56.98,-327.68,-327.68,
-327.68,-327.68,50.83,50.83,50.78,50.85,50.97,51.12,50.95,50.78,50.87,50.66,50.83,50.87,51.05,51.07,51.17,51.46,51.75,52.11,52.44,52.92,53.26,53.59,53.81,54.09,54.19,54.38,54.64,54.74,54.76,54.90,55.12,55.22,55.29,55.24,55.36,55.38,55.43,55.57,55.72,55.84,56.05,56.73,58.02,58.95,59.26,59.63,59.75,59.77,59.63,59.44,59.30,59.07,58.53,57.55,55.53,54.19,53.38,52.87,52.63,52.75,52.85,52.56,51.75,50.63,49.36,48.41,48.02,47.71,47.56,47.46,47.19,46.56,45.82,45.77,45.74,45.99,46.59,46.54,46.27,46.22,46.02,46.02,45.87,45.64,45.72,46.02,46.17,46.27,46.27,46.24,46.09,45.94,45.97,45.52,45.05,45.00,44.97,44.75,44.80,45.72,46.37,46.56,46.69,46.89,47.29,46.39,45.20,44.80,44.72,44.75,45.25,45.07,47.06,47.43,47.34,47.31,47.09,46.49,45.84,44.87,45.10,45.15,44.92,45.00,45.12,45.02,45.22,45.42,45.39,45.77,46.29,46.59,46.84,46.91,46.84,46.81,46.56,46.54,46.49,46.32,45.67,44.97,44.90,45.00,45.07,45.20,45.07,44.72,43.73,43.10,44.18,45.49,46.49,46.71,47.01,47.24,47.24,46.56,46.27,46.09,45.79,45.30,45.05,45.30,45.79,46.12,45.22,44.30,44.77,45.30,45.39,45.57,45.89,45.00,45.00,45.79,46.91,47.95,48.73,48.97,49.44,50.19,50.73,50.34,50.07,50.31,50.83,51.48,52.37,53.04,53.42,53.92,54.47,55.86,54.52,50.85,47.19,46.46,46.29,46.79,47.97,51.14,53.30,53.88,53.18,53.23,52.92,52.13,51.75,51.31,50.78,50.56,50.63,50.75,50.73,50.51,50.12,49.83,49.61,49.00,48.41,48.70,48.73,48.70,49.00,49.24,49.73,50.70,50.41,49.19,48.34,47.97,47.53,47.09,46.86,46.56,46.24,46.22,46.84,48.51,49.39,49.58,49.56,48.75,48.29,47.71,47.16,47.16,47.92,49.41,48.78,48.24,47.73,47.41,46.99,46.69,46.66,46.86,46.27,45.42,45.17,45.47,45.89,45.92,45.92,45.79,46.02,46.24,46.86,46.91,46.46,46.86,47.66,47.56,47.36,47.36,46.09,45.79,46.37,46.74,46.76,46.61,46.84,47.01,47.11,47.14,47.36,47.38,46.89,46.94,47.48,48.02,48.58,48.90,48.97,48.92,48.83,48.75,48.49,48.34,48.56,48.51,48.34,47.75,47.06,47.16,47.88,49.36,49.88,49.51,49.61,49.53,49.05,47.34,46.96,48.00,47.71,47.66,47.88,48.05,48.17,48.22,48.14,48.22,49.68,50.73,50.80,50.90,51.46,51.94,52.47,53.06,53.40,53.52,53.54,53.52,53.33,53.21,53.42,54.28,55.74,57.08,58.04,59.63,60.10,60.61,60.97,61.11,61.04,61.23,61.30,61.23,61.14,60.79,60.01,58.67,57.97,57.92,57.83,57.88,57.85,57.76,57.64,57.62,57.64,57.66,57.52,57.55,57.48,57.36,57.52,57.24,57.31,57.15,57.17,57.20,57.15,57.08,-327.68,-327.68,
-327.68,-327.68,50.85,50.78,50.73,50.80,50.92,50.97,50.83,50.68,50.68,50.66,50.78,51.17,51.24,51.46,51.70,52.06,52.49,52.75,53.04,53.40,53.76,53.95,54.09,54.35,54.33,54.59,54.69,54.76,54.95,55.07,55.22,55.38,55.41,55.41,55.48,55.48,55.45,55.53,55.67,55.79,56.00,56.33,57.34,58.55,59.09,59.44,59.73,59.87,59.75,59.52,59.35,59.21,58.77,57.57,55.55,54.38,53.76,53.26,52.87,52.87,52.87,52.54,51.89,50.70,49.44,48.51,48.17,47.92,47.88,47.71,47.53,47.11,46.49,46.46,46.44,46.61,46.71,46.79,46.66,46.56,46.44,46.12,45.87,45.79,45.97,46.22,46.27,46.41,46.51,46.49,46.56,46.49,46.27,46.09,46.07,46.04,46.17,46.29,46.14,45.79,45.77,46.17,46.64,46.86,47.31,47.26,46.99,46.84,46.94,46.91,47.01,46.86,47.71,47.80,47.58,47.38,46.99,46.56,46.14,45.84,45.64,45.17,44.92,45.27,45.44,45.02,44.67,44.72,45.22,45.82,46.41,46.59,46.71,46.71,46.84,46.84,46.86,46.69,46.49,46.49,46.22,45.77,45.52,45.27,45.39,45.44,45.35,45.32,45.07,45.97,46.69,47.11,47.24,47.31,47.34,47.41,47.68,47.90,47.31,46.49,46.29,46.04,45.64,45.57,46.02,46.39,46.17,45.62,45.92,45.97,46.02,45.92,45.94,45.49,45.64,46.02,47.31,48.58,49.41,49.19,49.63,50.46,51.05,51.44,51.63,52.01,52.18,52.51,53.06,53.35,53.59,54.02,54.45,55.69,54.47,50.92,47.34,46.59,46.54,46.99,48.12,51.22,53.45,53.81,53.42,53.33,53.06,52.83,52.54,52.13,51.77,51.58,51.26,50.97,50.85,50.75,50.48,50.14,49.85,49.41,48.90,48.56,48.49,48.95,49.12,49.19,49.56,50.73,50.48,49.44,48.73,48.24,48.00,47.80,47.51,47.14,46.74,46.74,47.41,49.02,49.90,50.12,50.02,49.92,49.29,48.75,47.88,47.26,47.68,48.63,48.78,48.41,48.12,47.63,47.14,46.91,47.80,48.97,48.44,47.01,45.84,45.74,46.09,46.12,46.02,46.04,45.94,45.79,45.87,45.97,46.09,46.84,47.16,47.24,47.09,46.84,46.29,45.27,45.79,46.41,46.66,46.74,46.79,46.96,47.16,47.31,47.58,47.97,47.51,47.06,47.63,48.36,48.95,49.17,49.19,49.09,49.00,49.05,49.00,48.95,49.22,49.14,48.83,48.22,47.46,47.21,47.88,49.00,49.17,49.00,49.00,48.95,48.51,47.53,47.63,48.51,48.68,48.14,48.27,48.68,48.90,48.78,48.61,48.92,50.00,50.48,50.63,50.97,51.65,52.13,52.68,53.16,53.42,53.52,53.35,53.23,53.18,53.40,53.83,54.52,55.76,57.29,58.09,59.61,60.31,60.77,61.14,61.09,61.18,61.48,61.32,61.18,61.00,60.45,59.12,58.20,57.97,57.95,57.85,57.95,57.90,57.78,57.76,57.62,57.57,57.66,57.69,57.66,57.59,57.55,57.50,57.24,57.34,57.20,57.20,57.20,57.17,57.17,-327.68,-327.68,
-327.68,-327.68,50.75,50.63,50.63,50.73,50.80,50.87,50.73,50.53,50.66,50.78,51.34,51.51,51.82,52.16,52.51,52.85,53.18,53.38,53.57,53.85,54.12,54.21,54.35,54.55,54.52,54.74,54.86,54.90,55.14,55.22,55.26,55.38,55.53,55.38,55.43,55.53,55.62,55.65,55.69,55.86,56.05,56.12,56.52,57.85,58.95,59.28,59.61,59.82,59.84,59.63,59.44,59.33,58.95,57.59,55.41,54.40,53.85,53.52,53.33,53.16,53.04,52.75,52.11,51.00,49.85,48.95,48.44,48.31,48.05,48.07,48.00,47.75,47.58,47.31,47.09,47.16,47.06,46.91,46.89,46.74,46.56,46.34,46.04,45.99,46.09,46.27,46.39,46.56,47.21,47.66,47.41,46.91,46.59,46.44,46.29,46.14,45.94,46.17,46.46,46.37,46.34,46.54,46.49,46.76,47.11,47.56,47.92,48.19,48.39,48.49,48.56,48.51,48.31,48.07,47.88,47.58,46.99,46.66,46.44,46.14,45.84,45.30,45.15,45.52,45.64,45.57,44.72,44.42,45.10,45.79,46.39,46.64,46.64,46.66,46.81,46.76,46.91,46.59,46.44,46.51,46.44,46.44,45.92,45.32,45.15,45.39,45.59,45.87,46.44,46.91,47.34,47.41,47.43,47.41,47.51,47.43,47.75,47.95,48.07,47.43,46.74,46.66,46.24,46.02,46.66,46.94,46.79,46.37,46.24,46.41,46.56,46.44,46.41,45.89,45.97,46.51,47.38,48.17,48.44,48.85,49.63,50.51,51.17,51.68,52.04,52.23,52.63,52.87,53.40,53.45,53.83,54.12,54.40,55.67,54.76,51.22,47.66,46.91,46.86,47.24,48.27,51.36,53.81,53.83,53.61,53.47,53.28,52.92,52.68,52.37,52.13,51.73,51.41,51.12,50.95,50.78,50.61,50.19,49.73,49.34,48.51,47.68,48.00,48.68,48.63,49.02,49.09,49.46,50.00,50.17,49.61,48.97,48.68,48.34,47.80,47.61,47.51,47.71,48.68,49.66,50.19,50.39,50.46,50.41,50.17,49.46,48.46,47.88,48.24,48.56,48.75,48.58,48.34,48.00,47.51,47.51,48.78,49.44,49.05,48.19,46.86,46.29,46.22,46.09,45.97,45.99,46.02,45.82,45.47,45.05,45.74,46.74,46.81,46.91,46.89,46.61,46.32,45.30,45.35,45.92,46.84,46.96,46.86,47.01,47.26,47.48,47.90,48.17,48.02,47.71,47.97,48.56,49.00,49.19,49.27,49.09,49.00,49.22,49.41,49.53,49.63,49.51,49.17,48.49,47.90,47.48,48.12,49.05,48.75,48.56,48.46,48.39,48.14,47.61,47.51,47.92,48.56,48.49,48.63,49.00,49.07,49.02,48.83,48.90,49.39,49.80,50.00,50.85,51.65,52.25,52.83,53.26,53.54,53.59,53.30,52.99,52.99,53.59,54.16,54.76,55.93,57.34,58.09,59.75,60.54,61.04,61.04,61.25,61.23,61.48,61.27,61.07,60.75,59.68,58.53,58.09,57.95,57.95,57.95,57.85,57.83,57.88,57.83,57.76,57.69,57.76,57.57,57.64,57.64,57.50,57.38,57.36,57.34,57.31,57.24,57.17,57.15,57.10,-327.68,-327.68,
-327.68,-327.68,50.61,50.56,50.58,50.58,50.70,50.80,50.68,50.66,50.83,51.14,51.77,52.13,52.47,53.06,53.33,53.47,53.66,53.85,54.00,54.12,54.26,54.43,54.57,54.64,54.76,54.81,55.00,55.07,55.22,55.24,55.19,55.38,55.53,55.50,55.69,55.53,55.55,55.65,55.74,55.84,56.00,56.07,56.33,57.17,58.51,59.09,59.52,59.77,59.87,59.77,59.61,59.42,59.09,57.78,55.62,54.55,54.02,53.73,53.40,53.14,52.92,52.59,52.11,51.17,50.19,49.24,48.78,48.61,48.51,48.56,48.34,48.41,48.53,48.12,47.68,47.31,46.91,46.69,46.54,46.51,46.56,46.39,46.12,46.09,46.04,46.22,46.39,46.79,47.71,47.90,47.19,46.79,46.54,46.46,46.34,46.09,45.74,45.94,46.66,47.34,47.78,47.56,46.81,46.44,46.81,47.46,47.83,48.24,48.34,48.61,48.44,48.31,48.12,48.02,48.07,47.73,46.94,46.69,46.49,46.27,45.94,45.44,45.32,45.79,46.12,46.27,45.47,44.82,44.80,45.79,46.37,46.61,46.61,46.64,46.64,46.64,46.81,46.59,46.32,46.27,45.84,45.69,45.84,45.49,45.17,45.42,45.84,46.22,46.69,47.19,47.75,47.63,47.56,47.48,47.61,47.56,47.46,48.07,48.34,48.46,47.66,46.89,45.92,45.05,45.62,46.49,46.86,46.74,46.76,46.76,46.69,46.76,46.91,46.61,46.49,46.89,47.41,47.58,47.90,48.78,49.73,50.58,51.41,51.94,52.37,52.66,52.92,53.16,53.61,53.71,53.97,54.26,54.47,55.69,54.93,51.75,47.92,47.24,47.19,47.51,48.44,51.75,53.88,53.83,53.64,53.40,53.23,53.06,52.80,52.51,52.32,51.82,51.48,51.31,51.17,50.83,50.58,50.12,49.66,49.14,48.51,48.12,48.58,49.46,49.17,48.95,49.19,49.46,49.34,49.29,49.39,49.31,48.97,48.61,48.51,48.68,48.58,48.85,49.63,50.19,50.73,50.80,50.70,50.51,50.31,50.02,49.31,48.88,49.14,49.24,49.14,49.00,48.78,48.34,48.02,48.22,48.92,48.80,48.34,47.90,47.21,46.56,46.24,45.97,45.79,45.79,45.92,45.74,45.39,45.12,45.99,46.74,46.76,46.71,46.59,46.49,46.37,45.79,45.30,45.54,46.27,47.09,47.26,47.16,47.26,47.66,48.00,48.19,48.19,48.00,48.12,48.56,48.88,49.05,49.24,49.34,49.24,49.31,49.46,49.58,49.63,49.56,49.07,48.46,48.07,47.61,47.92,48.90,48.58,48.19,48.02,47.95,47.48,47.01,46.91,47.09,47.75,48.46,48.88,49.07,49.02,48.80,48.58,48.75,49.00,49.12,49.39,50.56,51.56,52.28,52.87,53.23,53.18,52.92,52.95,52.73,52.68,53.45,54.21,54.90,56.09,57.43,58.20,59.89,60.84,60.97,61.11,61.25,61.48,61.48,61.07,60.84,60.19,58.91,58.18,58.09,57.97,57.92,57.85,57.85,57.88,57.90,57.85,57.73,57.64,57.64,57.57,57.57,57.50,57.41,57.50,57.38,57.34,57.36,57.31,57.22,57.20,57.24,-327.68,-327.68,
-327.68,-327.68,50.51,50.46,50.46,50.46,50.66,50.80,50.87,51.07,51.22,51.73,52.16,52.87,53.33,53.52,53.59,53.78,53.97,54.09,54.09,54.26,54.47,54.52,54.62,54.76,54.83,54.93,55.07,55.19,55.36,55.41,55.36,55.53,55.55,55.53,55.69,55.72,55.79,55.74,55.86,56.05,56.16,56.16,56.31,56.66,57.78,58.98,59.44,59.73,59.82,59.77,59.68,59.44,59.16,57.83,55.76,54.62,54.12,53.78,53.18,52.16,51.39,51.53,51.51,51.31,50.78,49.88,49.44,49.39,49.24,49.22,48.80,48.73,48.92,48.73,47.75,46.96,46.51,46.27,45.97,45.97,46.04,46.17,45.99,46.17,46.27,46.39,46.64,46.89,47.58,47.63,47.01,46.69,46.49,46.39,46.27,46.22,45.92,45.99,46.14,46.64,46.69,47.16,47.38,46.27,46.51,47.21,47.66,47.97,48.10,48.41,48.29,47.90,47.68,47.88,48.44,47.90,47.09,46.69,46.49,46.27,45.89,45.39,45.57,46.34,46.66,46.74,46.61,46.02,44.80,45.54,46.34,46.39,46.54,46.56,46.49,46.51,46.41,46.27,46.02,45.62,45.00,44.97,45.49,45.44,45.44,45.62,45.97,46.49,46.91,47.31,47.68,47.75,47.63,47.51,47.66,47.58,47.83,48.19,48.41,48.88,48.31,46.96,45.79,44.65,44.47,45.62,46.74,47.09,47.01,47.11,46.86,46.94,47.26,47.53,47.61,47.46,47.48,47.63,47.78,48.78,49.80,50.73,51.44,52.04,52.66,52.83,53.06,53.23,53.69,53.88,54.14,54.40,54.62,55.53,55.24,52.08,48.29,47.58,47.56,47.73,48.80,51.85,53.92,53.76,53.40,53.33,53.16,52.92,52.63,52.42,52.13,51.94,51.61,51.31,51.07,50.73,50.41,49.92,49.31,48.75,47.97,47.71,48.22,48.63,49.14,49.05,49.00,49.12,49.14,49.07,49.07,48.97,49.02,48.90,48.80,49.00,49.34,49.68,50.05,50.48,50.80,50.75,50.58,50.53,50.24,50.22,49.68,49.75,49.58,49.68,49.51,49.27,49.00,48.53,48.17,48.39,48.73,48.29,47.71,47.36,47.14,46.81,46.17,45.69,45.44,45.57,45.59,45.57,45.30,45.12,46.46,46.89,46.69,46.51,46.29,46.32,46.39,46.12,45.72,45.62,45.79,46.32,46.71,46.99,47.16,47.19,47.31,47.41,47.46,47.51,47.80,48.27,48.58,48.85,49.07,49.14,49.00,48.92,48.85,48.92,49.00,49.00,48.68,48.24,47.92,47.48,47.19,47.78,48.10,47.83,47.63,47.43,47.14,46.86,46.81,46.71,47.24,48.27,48.85,49.07,48.92,48.19,47.80,48.29,48.56,48.51,49.05,50.19,51.44,52.23,52.78,53.06,52.40,51.53,50.85,50.92,51.39,53.06,54.35,55.07,56.24,57.57,58.13,60.17,61.00,61.18,61.20,61.30,61.39,61.41,61.09,60.47,59.52,58.37,58.09,58.04,58.02,58.04,57.99,57.90,57.78,57.73,57.76,57.78,57.66,57.78,57.71,57.59,57.59,57.41,57.57,57.50,57.50,57.43,57.36,57.29,57.27,57.34,-327.68,-327.68,
-327.68,-327.68,50.41,50.36,50.41,50.51,50.80,51.14,51.39,51.73,52.04,52.35,52.92,53.42,53.71,53.83,53.95,54.07,54.14,54.35,54.43,54.50,54.55,54.67,54.79,54.88,54.90,54.98,55.19,55.29,55.45,55.48,55.45,55.67,55.72,55.50,55.79,55.86,55.81,55.81,55.86,56.05,56.16,56.28,56.40,56.59,57.17,58.58,59.47,59.73,59.77,59.77,59.73,59.56,59.23,57.90,56.00,54.88,54.21,53.69,52.99,51.00,48.90,48.46,48.41,49.58,51.02,50.92,50.53,50.31,50.17,49.83,48.95,48.31,48.24,48.24,47.43,46.76,46.29,46.02,45.77,45.57,45.74,45.77,45.82,46.07,46.22,46.34,46.59,46.96,47.43,47.38,46.91,46.51,46.37,46.44,46.41,46.27,45.94,45.74,45.94,46.17,45.99,46.59,47.38,46.39,46.41,46.69,47.26,47.46,47.61,47.90,47.92,47.68,47.46,47.63,48.53,47.97,47.34,46.86,46.51,45.92,45.17,45.07,45.57,46.17,46.54,46.64,46.71,46.49,45.42,46.39,46.44,46.34,46.41,46.37,46.51,46.44,46.12,45.72,45.05,44.67,45.10,45.79,45.84,45.82,45.79,45.92,46.27,46.69,46.91,47.19,47.38,47.75,47.71,47.58,47.71,47.63,47.90,48.22,48.70,49.22,48.61,46.81,45.52,44.72,44.77,46.09,47.14,47.29,47.19,47.34,47.19,47.34,47.34,47.38,47.61,47.51,47.41,47.66,47.97,48.90,50.00,50.95,51.48,52.04,52.49,52.63,52.75,52.95,53.52,54.00,54.12,54.47,54.71,55.57,55.43,52.44,48.61,47.88,47.90,48.29,49.09,52.13,54.07,53.47,53.23,53.14,52.66,52.11,51.65,51.53,51.41,51.41,51.36,51.24,50.87,50.46,50.07,49.53,48.83,47.92,47.19,46.94,47.19,47.48,47.88,48.39,48.73,48.90,48.78,48.34,48.85,49.14,49.24,48.78,48.41,48.46,48.97,49.46,49.80,50.19,50.61,50.73,50.63,50.09,50.05,49.75,49.44,49.41,49.41,49.19,49.09,49.22,49.02,48.73,48.34,48.34,48.12,47.73,47.41,47.16,46.99,46.81,45.72,45.05,45.30,45.42,45.52,45.52,45.25,45.17,46.71,46.89,46.49,46.44,46.27,46.17,46.22,46.17,45.74,45.79,45.97,46.02,46.02,46.64,46.96,47.06,47.14,47.16,46.86,46.46,46.96,47.53,47.88,48.12,48.49,48.78,48.34,47.51,47.53,47.41,47.48,47.53,47.71,47.78,47.58,47.16,46.59,46.51,47.09,47.36,47.41,47.16,46.51,46.29,46.49,46.39,46.91,48.14,48.88,49.00,48.78,47.41,46.54,47.31,47.90,47.97,48.63,50.19,51.48,52.13,52.54,52.80,52.23,50.14,49.19,49.58,50.00,52.13,54.28,55.14,56.05,57.55,58.46,60.63,61.20,61.32,61.41,61.41,61.27,61.37,61.07,59.98,58.84,58.27,58.20,58.13,58.09,58.06,58.06,57.95,57.95,58.02,57.92,57.78,57.71,57.80,57.71,57.64,57.66,57.50,57.64,57.50,57.50,57.52,57.50,57.41,57.34,57.38,-327.68,-327.68,
-327.68,-327.68,50.41,50.46,50.68,50.90,51.39,51.80,52.16,52.51,52.78,53.06,53.30,53.71,54.12,53.92,54.26,54.12,54.26,54.40,54.47,54.52,54.59,54.79,54.90,54.95,55.05,55.17,55.24,55.36,55.53,55.72,55.57,55.72,55.81,55.86,55.76,56.14,56.02,56.07,56.07,56.14,56.31,56.33,56.38,56.56,56.91,58.27,59.28,59.59,59.66,59.68,59.66,59.52,59.16,57.85,55.95,54.71,54.14,53.66,52.90,50.92,48.92,48.36,48.07,48.83,50.78,51.63,51.53,51.26,50.78,50.05,48.46,46.69,46.64,47.36,47.21,46.79,46.32,46.02,45.79,45.57,45.64,45.62,45.87,46.17,46.27,45.64,45.20,46.27,47.26,47.43,47.09,46.61,46.51,46.56,46.37,46.22,45.89,45.59,45.64,45.84,45.84,46.04,46.54,46.27,46.39,46.44,46.56,46.71,46.76,47.01,47.24,47.53,47.41,47.41,48.00,48.31,47.63,46.81,46.12,45.20,44.62,44.95,45.59,46.02,46.29,46.49,46.54,46.66,45.92,46.61,46.81,46.54,46.39,46.14,46.27,46.02,45.54,44.62,44.42,44.80,45.59,45.94,46.02,46.04,45.97,46.12,46.66,46.89,47.09,47.21,47.53,47.48,47.63,47.61,47.66,47.71,48.07,48.75,49.12,49.53,48.88,46.49,45.10,44.92,45.12,46.66,47.36,47.38,47.36,47.51,47.61,47.56,47.16,46.96,47.16,46.99,47.11,47.63,48.22,49.05,50.05,51.02,51.53,51.24,51.00,50.70,50.75,51.07,51.97,53.90,54.33,54.59,54.74,55.48,55.65,52.78,48.97,48.17,48.29,48.51,49.31,52.44,54.35,53.47,53.18,52.92,51.85,49.83,49.14,49.29,49.51,49.34,50.41,50.66,50.56,50.05,49.56,49.02,48.22,47.09,46.41,46.39,46.37,46.61,47.09,47.92,48.22,48.12,47.83,48.10,48.44,49.27,49.85,48.95,47.63,47.38,47.71,48.41,49.63,50.41,50.73,50.75,50.46,49.92,49.34,48.12,47.80,47.66,48.07,48.41,48.24,48.73,48.75,48.46,48.17,48.05,47.88,47.41,47.21,47.06,46.86,46.41,44.97,44.95,45.79,46.04,46.27,46.24,45.92,45.39,46.61,46.76,46.34,46.14,46.09,45.99,45.87,45.79,45.32,45.89,46.04,46.17,46.37,47.06,47.34,47.29,47.31,47.29,46.04,44.92,45.97,46.71,47.09,47.38,47.95,48.78,49.46,49.05,46.99,46.12,45.89,45.84,46.74,47.48,47.36,46.96,46.56,46.12,46.14,46.39,46.69,46.49,45.97,45.69,45.89,46.17,46.91,48.14,48.51,48.44,48.39,47.48,46.69,46.71,46.96,47.46,48.46,50.12,51.53,51.99,52.30,52.56,52.18,50.39,49.88,50.19,49.97,52.13,54.16,55.07,56.21,57.69,58.53,60.79,61.11,61.30,61.20,61.32,61.14,61.37,60.93,59.42,58.65,58.37,58.20,58.16,58.09,58.09,58.04,57.97,57.99,58.04,57.85,57.95,57.85,57.83,57.69,57.64,57.62,57.59,57.64,57.55,57.52,57.55,57.52,57.48,57.38,57.36,-327.68,-327.68,
-327.68,50.68,50.73,50.83,51.19,51.68,52.11,52.61,53.02,53.16,53.28,53.47,53.64,53.92,54.04,54.19,54.43,54.47,54.50,54.59,54.57,54.64,54.67,54.90,55.00,55.02,55.17,55.24,55.29,55.43,55.69,55.72,55.72,55.79,55.93,55.81,55.98,55.95,56.21,56.14,56.14,56.21,56.21,56.47,56.47,56.63,56.89,58.04,59.09,59.42,59.54,59.63,59.54,59.44,59.07,57.83,56.09,54.90,54.04,53.35,52.87,51.00,49.39,49.85,49.53,49.41,51.22,52.13,51.82,51.48,51.07,50.36,48.70,46.07,45.74,46.44,46.89,46.81,46.44,46.09,45.87,45.79,45.77,45.67,45.82,45.99,45.87,44.50,43.93,45.49,47.01,47.68,47.58,47.16,46.84,46.56,46.34,45.92,45.57,45.00,45.47,45.54,45.69,45.87,45.94,46.02,46.14,46.02,45.72,45.64,45.52,45.67,45.84,46.27,46.74,47.19,47.26,47.83,47.16,46.46,45.89,45.12,44.50,44.75,45.52,45.87,46.07,46.27,46.29,46.41,46.22,46.44,46.46,46.61,46.44,46.04,45.94,45.30,44.52,44.25,44.40,45.00,45.89,46.14,46.12,46.24,46.24,46.29,46.81,47.09,47.16,47.09,47.36,47.51,47.68,47.80,47.95,48.07,48.36,49.19,49.70,49.58,48.27,46.41,45.20,44.85,45.32,46.99,47.48,47.56,47.56,47.63,47.63,47.34,47.16,47.16,47.16,46.69,46.81,47.38,48.07,48.68,49.61,50.90,51.58,50.00,48.29,47.63,47.71,48.31,49.63,53.66,54.40,54.76,54.86,55.38,55.86,53.14,49.24,48.56,48.58,48.78,49.61,52.68,54.52,53.69,53.09,52.73,51.24,48.53,48.02,48.17,48.78,48.51,49.27,49.66,49.41,49.29,48.97,48.36,47.01,45.89,45.59,45.87,46.02,46.24,46.49,47.16,47.56,47.56,47.66,47.95,48.31,49.12,50.00,50.14,48.14,45.77,45.42,46.71,49.27,50.58,50.78,50.68,50.41,49.83,48.83,46.91,46.91,46.94,47.09,48.61,48.88,48.90,48.22,48.27,48.00,47.73,47.61,47.31,47.14,46.86,46.37,45.47,45.02,45.69,46.39,46.71,47.21,47.58,47.61,45.89,45.72,46.02,45.84,45.84,45.87,45.64,45.57,45.00,45.22,46.39,46.91,47.19,47.34,47.68,47.88,48.05,48.14,47.75,46.37,45.44,45.87,46.44,46.89,47.29,47.78,48.46,49.56,50.19,48.36,45.57,44.97,45.30,46.91,47.90,47.63,47.16,46.76,46.61,46.56,46.41,46.09,45.84,45.57,45.57,45.72,46.14,47.19,48.24,48.70,48.56,48.14,47.63,47.14,46.69,46.59,47.46,48.58,50.17,51.53,51.94,52.16,52.40,52.01,50.09,49.56,50.24,50.00,51.89,54.33,55.29,56.21,57.85,58.93,60.88,60.91,61.09,60.97,61.14,61.02,61.14,60.84,59.40,58.48,58.27,58.20,58.18,58.11,58.04,58.09,58.09,57.99,57.95,58.13,57.99,57.97,57.88,57.88,57.78,57.73,57.71,57.73,57.64,57.55,57.55,57.55,57.48,57.48,57.50,-327.68,-327.68,
-327.68,51.24,51.17,51.44,52.01,52.35,52.78,53.18,53.47,53.59,53.71,53.76,53.83,54.12,54.28,54.33,54.47,54.43,54.74,54.79,54.59,54.62,54.79,54.95,55.00,55.07,55.22,55.31,55.33,55.50,55.91,55.91,55.86,55.86,55.93,56.07,56.07,56.21,56.19,56.19,56.28,56.28,56.52,56.38,56.70,56.73,56.96,57.97,59.12,59.35,59.49,59.52,59.52,59.42,59.09,57.69,56.09,54.83,54.12,53.59,53.09,51.05,49.29,49.68,50.02,50.05,51.34,52.28,51.99,51.65,51.22,50.53,48.39,45.92,45.27,45.94,46.81,46.91,46.69,46.46,46.37,46.46,46.17,45.89,45.94,46.02,46.02,45.15,44.13,45.47,47.16,47.92,48.02,47.83,47.61,46.84,46.27,45.79,45.72,45.32,45.57,45.47,45.62,45.72,45.77,46.02,46.14,45.77,45.02,44.50,44.13,44.52,44.52,44.80,45.79,47.46,47.36,47.41,46.76,46.27,45.94,45.44,44.52,44.25,45.20,45.89,46.09,46.14,46.22,45.64,46.29,46.39,46.09,46.39,46.27,45.94,45.57,44.50,43.78,43.93,44.47,45.15,46.22,46.51,46.37,46.27,46.27,46.14,46.32,46.49,46.27,46.46,46.49,47.11,47.56,47.95,48.19,48.34,48.53,49.05,48.88,47.58,46.79,46.49,45.52,44.77,45.22,46.94,47.61,47.90,47.88,47.53,47.16,46.94,47.41,47.71,47.95,47.41,46.69,46.86,47.38,48.00,49.05,50.61,51.73,49.97,47.63,46.79,46.94,47.51,48.88,53.54,54.52,54.86,54.86,55.29,56.05,53.35,49.51,48.85,48.88,49.12,49.97,52.92,54.55,53.59,52.97,52.59,51.17,48.80,48.68,48.70,49.88,49.27,48.75,48.53,48.36,48.14,48.14,47.78,46.69,45.44,45.20,45.42,45.57,45.87,46.49,47.21,47.53,47.71,47.80,47.73,48.14,48.88,49.66,50.24,49.56,47.11,46.14,46.91,49.41,50.95,51.05,50.97,50.53,49.85,49.00,47.38,48.10,48.12,46.49,47.06,47.61,48.58,48.24,48.29,48.00,47.31,46.71,46.69,46.91,46.61,45.62,45.05,45.32,45.84,46.14,46.49,47.19,47.92,48.34,45.97,44.33,44.75,45.12,45.42,45.57,45.57,45.52,44.52,45.94,47.01,47.51,47.51,47.56,47.46,47.88,48.05,48.49,48.63,48.19,47.14,46.51,46.69,46.99,47.36,47.83,48.56,49.41,49.29,47.61,45.02,44.80,46.14,48.02,48.34,47.68,47.16,46.76,46.66,46.64,46.37,45.84,45.69,45.79,45.87,46.37,47.09,47.83,48.56,48.97,48.83,48.19,47.56,47.11,46.56,46.69,47.66,49.19,50.46,51.48,52.06,52.32,52.51,52.35,50.14,48.92,49.95,50.58,52.51,54.52,55.36,56.38,57.88,58.98,60.72,60.91,61.09,61.09,61.11,61.04,61.02,60.63,59.19,58.53,58.32,58.32,58.27,58.16,58.09,58.06,58.02,58.04,57.99,58.09,57.99,57.90,57.80,57.95,57.88,57.78,57.76,57.76,57.69,57.62,57.57,57.59,57.57,57.57,57.64,57.64,-327.68,
-327.68,52.04,51.61,52.20,52.73,52.92,53.28,53.40,53.61,53.76,53.88,53.95,53.97,54.09,54.38,54.59,54.69,54.50,54.57,54.76,54.71,54.90,54.88,54.98,55.02,55.17,55.29,55.36,55.38,55.53,55.74,55.91,55.86,55.93,56.02,56.05,56.26,56.26,56.40,56.40,56.49,56.56,56.66,56.52,56.73,56.82,56.98,57.48,58.65,59.16,59.33,59.37,59.44,59.37,59.09,57.73,56.26,55.24,54.59,54.09,53.69,51.75,49.92,49.17,48.80,49.31,51.07,51.99,51.77,51.53,51.24,50.83,48.14,46.04,45.77,46.69,47.31,47.29,47.11,47.06,47.14,46.91,46.49,46.32,46.27,46.22,46.41,46.22,44.82,45.72,47.38,48.05,48.19,47.97,47.88,47.38,46.27,45.79,45.52,45.52,45.57,45.67,45.74,45.79,46.02,46.37,46.51,46.02,45.17,44.45,43.80,44.05,44.03,44.15,45.87,47.73,47.80,47.53,46.91,46.44,46.12,45.79,45.05,44.20,44.87,45.82,46.02,45.99,45.74,45.05,45.77,46.27,45.87,46.02,45.87,45.64,45.42,44.57,44.18,45.05,45.72,46.46,46.86,46.81,46.51,46.37,46.37,46.41,46.34,46.12,45.77,45.94,45.99,45.79,46.49,47.41,47.90,47.95,47.63,47.43,46.71,46.07,46.02,46.02,45.62,45.02,45.12,46.66,47.75,48.10,47.58,46.96,46.64,46.81,47.16,47.58,48.10,48.31,46.91,46.34,47.06,48.00,49.09,50.66,51.73,50.07,47.21,46.96,47.09,47.26,48.78,53.57,54.59,54.86,54.98,55.26,56.49,53.69,49.88,49.19,49.19,49.36,50.17,53.14,54.59,53.66,53.16,52.66,51.22,48.92,48.53,49.12,50.19,49.34,48.46,48.17,48.05,47.88,47.80,47.63,46.79,45.74,45.32,45.47,45.59,45.79,46.56,47.29,47.61,47.80,47.88,48.12,48.19,48.78,49.63,50.19,49.09,47.26,46.89,47.29,49.44,50.95,51.19,51.07,50.75,50.14,49.63,48.02,48.44,47.68,45.72,45.30,47.24,48.02,48.27,48.19,47.90,47.14,46.71,46.91,47.26,46.61,45.79,45.22,45.32,45.64,45.84,46.14,46.66,47.48,47.58,45.27,44.05,44.40,44.95,45.10,45.42,45.79,46.44,45.84,47.06,47.56,47.68,47.71,47.66,47.80,48.00,48.29,48.44,48.95,49.58,49.19,47.36,47.01,47.38,47.90,48.24,48.36,47.90,47.31,46.44,45.64,45.79,46.89,48.44,48.56,47.66,47.06,46.76,46.56,46.46,46.27,45.79,45.52,45.54,45.97,46.59,47.34,48.12,48.58,49.02,49.05,48.44,47.51,46.91,46.81,47.01,48.14,49.88,51.05,51.75,52.32,52.78,52.99,52.87,51.36,50.58,51.53,52.32,53.54,54.93,55.62,56.77,57.97,59.09,60.63,60.93,61.18,61.14,61.04,60.95,60.84,60.15,59.23,58.53,58.34,58.32,58.32,58.25,58.13,58.13,58.16,58.09,58.09,58.04,58.09,58.02,57.97,57.90,57.99,57.92,57.78,57.73,57.73,57.71,57.69,57.62,57.64,57.57,57.76,57.76,-327.68,
-327.68,52.66,52.23,52.87,53.14,53.35,53.59,53.76,53.81,53.95,54.07,54.12,54.14,54.26,54.43,54.55,54.47,54.62,54.69,54.79,54.79,54.81,54.90,55.02,55.02,55.24,55.31,55.36,55.38,55.48,55.60,55.74,55.86,55.93,55.98,56.19,56.26,56.42,56.49,56.47,56.61,56.73,56.75,56.70,56.75,57.01,56.94,57.03,57.78,58.81,59.16,59.35,59.44,59.44,59.14,57.83,56.19,55.38,54.81,54.38,54.02,53.18,52.18,51.24,50.24,49.97,51.24,51.63,51.39,51.53,51.58,51.46,48.97,46.66,47.16,47.63,47.68,47.53,47.46,47.63,47.58,47.26,46.76,46.61,46.66,46.46,46.64,46.64,45.47,46.09,47.58,48.17,48.27,48.10,47.83,47.48,46.41,46.12,45.69,45.32,45.67,45.94,46.24,46.24,46.32,46.41,46.61,46.56,45.99,44.82,43.98,43.88,43.83,44.25,46.17,47.73,47.95,47.80,47.16,46.49,46.07,45.72,45.47,44.80,45.35,45.79,45.67,45.44,45.02,44.87,45.35,45.89,45.82,45.67,45.72,45.32,45.32,45.07,45.20,45.69,46.02,46.29,46.41,46.61,46.56,46.49,46.54,46.56,46.46,45.52,45.39,45.62,45.47,44.67,44.75,46.14,46.64,46.69,46.61,46.46,46.27,45.84,45.74,45.52,44.92,44.52,45.05,46.17,47.43,47.34,46.76,46.64,46.69,46.69,46.89,47.41,48.02,48.24,46.66,45.92,47.16,48.34,49.44,50.75,51.73,50.19,47.09,47.14,47.34,47.29,48.83,53.59,54.59,54.90,55.07,55.38,56.45,53.95,50.12,49.51,49.53,49.66,50.27,53.33,54.90,53.95,53.57,53.04,51.31,48.90,48.95,50.70,50.51,49.27,48.49,48.17,48.02,48.00,47.90,47.68,47.16,46.39,45.89,45.67,45.79,45.69,46.17,46.79,47.80,48.14,48.27,48.24,48.31,48.83,48.83,48.51,47.95,46.81,46.27,46.94,49.29,50.73,50.97,51.14,51.00,50.61,49.92,47.73,47.16,46.64,45.82,46.22,47.51,48.34,48.34,48.36,47.68,47.09,47.26,47.90,47.24,46.27,45.62,45.30,45.22,45.42,45.74,46.02,46.56,47.16,46.51,45.57,45.49,45.62,45.42,45.10,45.44,46.17,46.46,47.24,47.73,47.78,47.75,47.92,47.80,48.14,48.27,48.39,48.58,49.12,50.14,51.14,50.48,48.44,48.36,48.61,48.36,48.07,47.61,47.19,46.86,47.16,47.56,47.90,48.58,49.00,48.19,47.51,47.19,46.76,46.46,46.24,45.99,46.22,46.14,46.17,46.74,47.41,48.02,48.63,49.09,48.97,48.63,48.27,47.75,47.43,47.48,48.58,50.58,51.82,52.28,52.90,53.18,53.38,53.45,52.99,52.78,53.59,54.09,54.81,55.41,55.95,56.89,57.95,59.23,60.68,61.07,61.20,61.18,61.09,60.95,60.61,59.61,58.93,58.46,58.32,58.32,58.25,58.20,58.25,58.18,58.25,58.06,58.09,58.32,58.20,58.04,58.02,57.95,57.95,57.90,57.78,57.78,57.78,57.80,57.78,57.69,57.78,57.64,57.76,57.78,-327.68,
-327.68,53.16,53.09,53.21,53.52,53.59,53.78,54.00,54.12,54.21,54.21,54.24,54.38,54.57,54.59,54.64,54.69,54.69,54.79,54.79,54.83,54.93,55.00,55.02,55.07,55.26,55.36,55.36,55.43,55.53,55.65,55.74,55.93,56.07,56.26,56.33,56.49,56.66,56.66,56.77,56.75,56.73,56.94,56.87,56.94,57.10,56.94,56.84,56.87,58.11,58.91,59.30,59.37,59.42,59.12,58.06,56.24,55.45,54.95,54.64,54.35,54.02,53.66,53.38,53.28,53.09,52.90,52.49,52.06,51.94,52.18,52.13,50.78,48.95,48.24,48.19,47.95,47.78,47.80,47.90,48.02,47.73,47.16,46.91,46.86,46.69,46.69,46.84,46.09,46.44,47.83,48.36,48.49,48.27,48.27,47.78,45.62,45.84,45.82,45.74,45.87,46.09,46.32,46.44,46.61,46.66,46.69,46.74,46.66,45.32,44.28,44.13,44.25,45.25,46.54,47.58,47.90,48.12,47.68,46.76,46.07,45.69,45.35,45.25,45.52,45.62,44.85,44.57,44.62,44.67,44.92,45.89,45.62,45.57,45.42,45.17,45.17,45.25,45.22,45.49,45.79,46.07,46.44,46.71,46.51,46.49,46.69,46.69,46.29,43.83,44.33,45.05,44.87,44.10,44.50,45.32,45.97,46.37,46.41,46.46,46.24,45.77,45.49,45.02,44.72,44.65,45.30,46.04,46.54,46.49,46.56,46.56,46.76,46.71,46.96,47.29,47.71,47.01,45.30,45.64,47.06,48.49,49.63,50.80,51.85,50.39,47.29,47.09,47.36,47.75,49.36,53.57,54.59,54.93,55.17,55.53,56.54,54.14,50.44,49.85,49.83,49.90,50.53,53.54,54.98,54.38,54.04,53.38,51.44,48.97,50.36,51.97,50.75,49.51,48.61,48.27,48.14,48.07,48.00,47.97,47.56,46.91,46.37,45.89,45.82,45.74,46.09,46.54,47.97,49.07,49.19,49.29,49.44,49.53,47.46,46.22,46.12,45.84,45.87,46.81,49.00,50.36,50.87,51.07,51.00,50.70,49.73,47.36,46.44,46.22,46.12,47.16,48.34,48.80,48.83,48.46,47.73,47.06,47.31,48.02,47.16,46.09,45.42,45.44,45.30,45.39,45.74,46.17,46.56,46.66,46.17,46.76,46.59,46.12,45.47,44.92,45.27,45.62,45.39,45.97,47.24,47.80,47.90,48.12,48.12,48.31,48.36,48.58,48.78,49.34,50.22,51.53,51.94,50.61,49.07,49.34,49.27,49.05,48.83,48.92,49.07,49.36,49.63,49.88,49.75,49.66,49.24,48.68,48.24,47.71,47.19,47.16,47.58,47.78,47.46,46.96,47.09,47.43,47.78,48.44,49.09,49.19,49.14,49.12,48.63,48.12,48.00,48.95,50.63,52.16,52.78,53.26,53.59,53.69,53.76,53.59,53.59,54.26,54.74,55.26,55.43,56.09,56.89,58.09,59.19,60.58,60.97,61.04,61.04,60.97,60.75,60.08,59.28,58.60,58.41,58.39,58.39,58.32,58.27,58.32,58.32,58.20,58.20,58.18,58.20,58.16,57.92,58.02,58.06,57.97,57.85,57.80,57.85,57.92,57.97,57.80,57.71,57.78,57.66,57.71,57.71,-327.68,
-327.68,53.57,53.57,53.59,53.78,53.76,54.02,54.16,54.26,54.26,54.28,54.35,54.45,54.59,54.59,54.59,54.76,54.83,54.71,54.86,54.90,54.90,54.98,55.02,55.14,55.24,55.33,55.41,55.53,55.67,55.74,55.84,55.98,56.12,56.21,56.35,56.63,56.87,56.96,57.03,56.98,57.06,57.17,57.29,57.27,57.41,57.17,56.89,56.61,57.17,58.41,59.12,59.26,59.35,59.16,58.13,56.38,55.53,55.07,54.83,54.64,54.40,54.04,53.76,53.71,53.59,53.45,53.23,52.83,52.56,52.59,52.56,52.28,50.95,49.36,48.51,48.29,48.12,48.02,48.29,48.68,48.34,47.71,47.34,47.14,47.06,47.09,47.29,47.29,47.36,48.12,48.61,48.68,48.34,48.27,48.39,47.11,46.56,46.04,46.14,46.09,46.24,46.14,46.69,46.84,46.91,46.74,46.89,46.91,46.49,45.05,44.70,44.87,45.25,46.37,47.58,48.00,48.36,48.31,47.63,46.69,45.79,45.39,45.22,45.15,45.22,44.77,44.50,44.62,44.77,45.15,45.57,45.57,45.32,45.07,44.40,44.60,44.95,45.07,45.30,45.74,45.92,46.37,46.56,46.54,46.61,46.69,46.86,45.69,45.22,44.97,44.92,45.00,45.02,45.12,45.44,45.39,45.67,46.07,46.09,45.84,45.52,45.44,45.05,44.80,44.85,45.30,45.77,46.07,46.39,46.56,46.69,46.76,46.91,47.01,46.91,46.44,45.44,45.10,45.62,47.01,48.39,49.63,50.85,51.82,50.97,48.70,48.41,48.85,49.51,50.97,53.76,54.62,54.93,55.33,55.67,56.54,54.47,50.78,50.19,50.07,50.22,50.85,53.64,54.90,54.62,54.38,53.76,52.44,50.66,51.75,52.37,51.14,50.09,49.19,48.75,48.61,48.56,48.63,48.63,48.39,47.80,47.36,46.69,46.09,46.09,46.39,46.71,47.68,49.31,50.00,50.46,50.53,50.34,48.80,47.63,46.86,46.74,46.96,47.71,49.31,50.46,50.97,51.34,51.22,50.85,50.07,48.41,47.56,47.06,47.48,48.49,48.95,49.31,49.07,48.80,48.29,47.68,47.19,47.24,46.86,45.97,45.67,46.02,46.27,45.77,45.84,46.22,46.37,46.34,46.34,47.26,46.71,46.14,45.82,45.05,45.10,45.20,45.25,45.30,46.17,47.48,47.78,48.07,48.12,48.19,48.34,48.58,48.80,49.41,50.41,51.65,52.01,50.58,49.80,50.19,50.19,49.85,49.75,49.97,50.22,50.46,50.58,50.78,50.80,50.66,50.34,49.88,49.58,49.14,48.83,48.88,49.05,48.90,48.44,47.78,47.46,47.66,47.68,48.14,48.75,49.29,49.68,49.88,49.63,48.83,48.70,49.22,51.24,52.56,53.06,53.64,54.04,54.04,54.14,54.14,54.43,54.79,55.24,55.57,55.55,56.21,57.13,58.11,59.23,60.61,60.88,61.09,61.04,60.88,60.35,59.56,58.77,58.41,58.39,58.44,58.48,58.37,58.44,58.32,58.32,58.13,58.11,58.25,58.16,58.11,58.02,58.06,58.09,58.02,57.92,57.85,57.85,57.92,57.95,57.90,57.78,57.80,57.78,57.52,57.52,-327.68,
-327.68,53.76,53.71,53.78,53.76,53.95,54.02,54.24,54.35,54.33,54.43,54.50,54.47,54.55,54.69,54.71,54.76,54.71,54.81,54.88,54.98,54.90,55.00,55.07,55.17,55.24,55.33,55.48,55.60,55.74,55.84,55.98,56.21,56.42,56.54,56.77,56.98,57.17,57.20,57.29,57.34,57.52,57.50,57.66,57.64,57.69,57.62,57.17,56.66,56.54,57.50,58.77,59.07,59.23,59.21,58.27,55.98,55.67,55.31,54.90,54.71,54.52,54.43,54.04,53.83,53.76,53.66,53.47,53.35,53.09,52.85,52.75,52.61,51.63,50.14,49.29,48.75,48.56,48.53,49.05,49.41,49.07,48.61,48.12,47.78,47.95,48.12,48.27,48.56,48.56,48.51,49.05,48.97,48.61,48.34,48.31,48.49,47.14,46.69,46.54,46.54,46.74,46.81,47.21,47.09,47.11,47.09,47.19,47.36,47.61,46.29,46.02,46.07,46.09,46.69,47.78,48.27,48.75,48.56,48.05,47.31,46.32,45.64,45.30,45.15,45.30,45.22,45.35,44.87,45.12,45.59,45.79,45.57,45.54,44.52,44.20,45.15,45.42,45.30,45.00,45.32,45.82,46.17,46.49,46.66,46.86,46.99,46.84,46.17,45.74,45.30,45.17,44.90,45.25,45.49,45.79,46.02,45.79,45.64,45.59,45.54,45.64,45.69,45.25,44.87,45.05,45.49,45.72,45.87,46.29,46.64,46.94,46.91,47.01,46.84,46.24,45.42,45.35,45.64,46.32,47.36,48.46,49.73,50.92,51.77,51.87,51.39,51.53,51.82,52.13,52.92,54.16,54.69,55.12,55.41,55.67,56.52,55.53,51.17,50.58,50.48,50.63,51.14,53.35,54.88,54.71,54.59,54.09,53.76,53.02,52.87,52.73,51.89,51.12,50.39,49.97,49.95,49.78,49.56,49.41,49.41,48.90,48.61,48.34,46.96,46.49,46.69,47.14,47.90,49.41,50.51,50.87,50.95,50.83,50.14,49.80,49.80,50.19,50.51,50.58,50.78,51.14,51.53,51.82,51.56,51.12,50.27,49.51,49.31,49.31,49.83,50.05,50.05,49.95,49.41,48.88,48.56,48.19,47.73,46.94,46.41,46.04,45.92,45.97,46.44,46.76,46.39,46.32,46.41,46.56,46.69,47.14,47.06,46.71,46.64,45.57,45.25,45.32,45.52,45.44,45.94,47.48,48.31,48.24,48.07,48.05,48.19,48.44,48.73,49.56,50.46,51.73,51.53,50.51,50.51,50.92,50.95,50.66,50.46,50.51,50.53,50.63,50.78,50.95,51.17,51.22,51.14,50.78,50.53,50.27,50.05,49.97,49.75,49.02,48.63,48.22,47.63,47.75,47.90,48.12,48.68,49.51,50.70,50.97,50.75,49.61,49.31,50.44,52.32,53.23,53.59,54.02,54.38,54.43,54.57,54.71,55.07,55.26,55.65,55.81,56.02,56.45,57.13,58.06,59.49,60.77,61.04,61.02,60.91,60.63,59.87,59.07,58.48,58.34,58.32,58.41,58.51,58.37,58.39,58.25,58.34,58.25,58.30,58.25,58.25,58.09,58.06,58.09,58.04,58.04,58.04,57.97,57.90,57.85,57.83,57.95,57.78,57.85,57.78,57.73,57.73,-327.68,
-327.68,53.81,53.83,53.76,53.90,54.09,54.19,54.21,54.33,54.40,54.55,54.59,54.57,54.69,54.74,54.81,54.90,54.90,54.90,55.02,54.93,54.98,55.05,55.07,55.24,55.38,55.41,55.57,55.62,55.76,55.95,56.12,56.35,56.63,56.84,57.03,57.29,57.38,57.48,57.52,57.69,57.78,57.92,58.02,57.95,58.09,57.80,57.41,56.66,56.38,56.52,57.95,58.86,59.19,59.28,58.46,56.07,55.57,55.17,55.14,54.81,54.57,54.43,54.28,54.09,54.02,53.90,53.73,53.52,53.40,53.21,53.04,52.95,52.32,51.24,50.68,50.02,49.80,49.83,50.17,50.27,49.75,49.41,49.12,49.05,49.24,49.41,49.34,49.39,49.24,49.31,49.46,49.58,48.92,48.41,48.41,49.19,47.75,47.36,47.11,47.24,47.43,47.78,47.97,47.75,47.41,47.56,47.71,47.97,48.14,47.41,47.80,47.88,47.92,47.90,48.07,48.34,48.78,48.63,48.10,47.43,46.56,45.99,45.79,45.74,45.69,45.79,45.74,45.44,45.42,45.92,46.09,46.02,46.02,45.79,45.57,45.77,45.84,45.94,45.17,45.30,45.79,45.87,46.39,46.91,47.01,47.21,46.89,46.24,45.99,45.72,45.54,45.47,45.54,45.79,46.02,46.46,46.69,45.74,45.59,45.79,45.89,45.79,45.52,45.25,45.30,45.77,45.99,46.09,46.61,46.94,47.16,47.16,47.19,46.69,46.04,45.84,45.89,46.12,46.74,47.61,48.63,49.83,51.00,51.89,52.61,53.09,53.45,53.45,53.59,54.09,54.55,54.90,55.26,55.48,55.65,56.59,55.69,51.65,51.53,51.77,51.31,51.46,53.57,54.86,54.79,54.76,54.26,54.09,53.69,53.38,53.02,52.47,52.11,51.36,51.14,50.95,50.70,50.31,49.90,49.78,49.56,49.53,49.63,48.63,47.41,47.14,47.48,48.34,49.46,50.95,51.34,51.31,51.19,50.73,50.14,50.51,51.14,51.46,51.65,51.56,51.61,51.99,51.99,51.61,51.02,50.31,49.63,49.36,49.34,49.75,50.34,50.39,50.12,49.92,49.66,49.17,48.95,48.24,47.16,46.64,46.56,46.49,46.44,46.51,46.91,46.76,46.66,46.76,47.29,47.63,47.66,47.48,47.46,47.29,45.94,45.57,45.59,45.82,45.79,46.27,47.88,49.12,49.22,48.78,48.53,48.53,48.58,49.09,49.75,50.51,51.31,51.26,50.92,50.97,51.41,51.70,51.80,51.39,51.24,51.17,51.12,51.14,51.24,51.53,51.53,51.56,51.53,51.41,51.12,50.78,50.73,50.41,49.83,49.19,48.85,48.07,47.90,48.02,48.31,48.63,49.66,51.14,51.89,51.94,50.68,50.44,51.87,53.40,54.00,54.33,54.38,54.59,54.71,54.90,55.07,55.26,55.24,55.79,56.00,56.38,56.52,57.24,58.11,59.49,60.77,61.14,61.07,60.77,60.15,59.49,58.77,58.48,58.39,58.32,58.39,58.39,58.39,58.25,58.37,58.30,58.37,58.27,58.27,58.27,58.25,58.09,58.09,58.09,58.04,58.04,57.99,57.90,57.90,57.95,57.95,57.92,57.78,57.73,57.76,57.78,-327.68,
-327.68,53.97,53.97,54.00,54.14,54.26,54.26,54.26,54.43,54.45,54.69,54.64,54.71,54.74,54.74,54.86,54.95,54.93,54.95,54.90,55.19,55.02,55.14,55.17,55.24,55.41,55.53,55.65,55.72,55.93,56.14,56.28,56.54,56.84,57.03,57.22,57.50,57.66,57.76,57.83,58.02,58.11,58.11,58.34,58.18,58.18,58.02,57.55,56.66,56.35,56.21,56.89,58.53,59.12,59.28,58.58,56.26,55.53,55.24,55.00,54.71,54.19,53.92,53.97,53.90,53.95,53.97,53.78,53.69,53.61,53.42,53.14,53.02,52.78,52.35,51.89,51.56,51.31,51.19,51.07,51.00,50.56,50.24,50.02,49.73,49.95,50.19,50.00,50.05,50.24,50.07,50.00,50.00,49.70,49.12,48.80,49.75,48.80,48.05,47.88,48.22,48.46,48.63,48.88,48.90,48.46,48.34,48.34,48.49,48.14,47.83,48.36,48.51,48.53,48.44,48.34,48.70,48.97,48.73,48.34,47.66,47.11,46.81,46.49,46.04,45.92,46.12,46.29,46.02,45.69,46.09,46.76,46.49,46.41,46.27,46.24,46.39,46.49,46.49,46.12,46.04,46.27,46.32,46.71,47.21,47.24,46.91,46.59,46.46,46.14,45.97,46.12,46.17,45.74,46.02,46.49,46.84,47.19,46.27,45.89,46.09,46.09,46.02,46.02,45.79,45.62,46.07,46.54,46.79,47.31,47.56,47.63,47.53,47.63,47.36,46.94,46.59,46.46,46.39,46.96,47.73,48.80,49.92,51.02,51.99,52.73,53.40,53.73,53.92,54.07,54.59,54.90,55.14,55.38,55.62,55.76,56.59,55.19,52.01,52.49,52.99,51.99,51.77,53.71,54.88,54.90,54.76,54.40,54.26,53.83,53.66,53.26,52.87,52.51,51.77,51.68,51.44,51.31,50.95,50.44,50.22,50.27,50.17,50.41,50.36,49.34,48.78,48.58,49.00,49.83,51.19,51.73,51.77,51.48,51.17,50.22,50.73,51.56,51.94,52.13,52.11,52.16,52.32,52.25,51.85,51.22,50.56,50.05,50.00,49.83,50.27,50.70,50.63,50.66,50.61,50.46,49.78,49.36,48.36,47.56,47.14,46.91,46.91,47.16,46.89,46.99,47.09,46.89,47.26,48.05,48.27,48.05,47.83,47.83,47.56,46.61,45.89,45.99,46.04,46.24,46.61,48.29,49.83,50.22,50.12,49.88,49.58,49.75,50.14,50.83,51.24,51.75,51.61,51.56,51.65,52.18,52.44,52.49,52.32,52.28,52.08,51.97,51.85,51.73,51.85,51.77,51.80,51.97,52.01,51.65,51.56,51.51,51.14,50.83,50.36,49.70,48.53,48.17,48.27,48.34,48.58,49.34,50.58,52.37,52.56,51.44,51.39,52.80,54.04,54.59,54.88,54.69,54.79,54.98,54.74,54.38,54.64,54.57,55.00,56.19,56.40,56.70,57.38,58.34,59.82,60.88,61.09,61.02,60.65,59.91,59.12,58.60,58.51,58.39,58.46,58.46,58.39,58.41,58.20,58.27,58.37,58.25,58.18,58.25,58.44,58.39,58.18,58.09,58.09,58.06,58.09,58.04,57.97,57.95,58.04,57.95,57.99,57.85,57.88,57.85,57.85,-327.68,
-327.68,53.97,53.97,54.07,54.19,54.38,54.33,54.47,54.57,54.55,54.62,54.62,54.64,54.76,54.83,54.90,54.98,55.02,55.00,55.00,55.07,55.17,55.22,55.24,55.31,55.38,55.53,55.69,55.76,56.07,56.19,56.38,56.70,57.03,57.24,57.43,57.62,57.69,57.80,57.95,58.04,58.13,58.37,58.44,58.44,58.34,58.25,57.62,56.73,56.31,56.16,56.28,57.78,58.95,59.23,58.65,56.45,55.67,55.43,55.02,54.59,53.95,52.30,52.32,52.44,52.87,53.61,53.71,53.81,53.76,53.40,53.09,52.68,52.54,52.44,52.11,52.04,51.97,51.82,51.58,51.41,51.12,50.85,50.68,50.27,50.36,50.80,50.75,50.83,50.78,50.85,50.75,50.58,50.44,50.09,49.92,50.14,49.19,48.78,49.19,49.29,49.75,49.78,49.83,49.85,49.80,49.44,49.07,48.88,48.36,48.34,48.80,49.02,48.88,48.78,48.88,49.19,49.31,49.12,48.49,47.66,47.29,47.16,46.96,46.46,46.39,46.44,46.71,46.71,46.27,46.84,46.79,46.46,46.49,46.54,46.44,46.49,46.74,46.74,46.54,46.51,46.76,46.79,47.01,47.36,47.14,46.69,46.56,46.32,46.27,46.41,46.71,46.69,46.32,46.29,46.71,47.26,47.41,46.86,46.41,46.41,46.32,46.32,46.32,46.37,46.29,46.61,47.24,47.73,48.12,48.31,48.31,48.24,48.29,48.12,47.71,47.16,46.89,46.66,47.16,47.73,48.70,49.97,51.14,52.08,52.87,53.57,53.92,54.26,54.50,54.90,55.14,55.43,55.72,55.86,56.02,56.54,55.45,52.30,52.85,53.40,52.32,52.06,53.92,54.98,55.00,54.86,54.40,54.43,53.95,53.90,53.57,53.28,52.99,52.47,52.23,51.97,51.94,51.73,51.39,51.24,51.26,51.07,51.24,51.29,51.22,51.14,50.48,50.46,50.66,51.65,52.25,52.23,52.04,51.89,51.34,51.61,51.94,52.18,52.37,52.49,52.47,52.49,52.42,52.13,51.56,50.83,50.41,50.70,50.95,51.17,51.34,51.46,51.19,51.24,50.85,50.46,49.88,48.95,47.95,47.63,47.51,47.63,47.63,47.26,47.16,47.16,47.21,47.88,48.36,48.34,48.12,48.05,48.07,47.80,47.61,46.81,46.37,46.41,46.54,47.09,48.51,50.36,50.83,50.95,51.07,50.90,51.07,51.22,51.63,51.82,52.30,52.30,52.37,52.40,52.85,52.95,52.75,52.85,52.75,52.54,52.37,52.13,51.94,51.77,51.73,51.87,52.04,52.23,51.94,51.82,51.31,50.95,50.75,51.05,50.58,49.34,48.46,48.41,48.68,48.85,49.19,50.73,51.26,51.31,50.95,50.92,51.41,52.61,54.83,55.22,54.98,54.95,55.17,53.73,51.94,52.73,52.85,53.21,55.36,56.21,56.52,57.31,58.39,59.87,60.88,61.18,61.04,60.38,59.52,58.70,58.48,58.48,58.41,58.44,58.48,58.39,58.39,58.37,58.37,58.25,58.34,58.25,58.25,58.27,58.30,58.20,58.11,58.13,58.09,58.09,58.04,58.04,57.99,58.02,57.95,57.95,57.95,57.92,57.90,57.92,-327.68,
-327.68,54.09,54.09,54.24,54.38,54.38,54.50,54.55,54.50,54.62,54.59,54.76,54.64,54.81,54.86,55.00,55.05,55.02,54.90,54.81,55.02,55.17,55.24,55.38,55.43,55.50,55.55,55.74,55.74,56.21,56.28,56.66,56.94,57.20,57.36,57.55,57.73,57.90,57.95,57.99,58.16,58.34,58.39,58.51,58.53,58.44,58.25,57.71,56.87,56.24,56.09,56.14,57.55,59.00,59.33,58.67,56.59,56.02,55.62,55.17,54.55,53.42,50.95,49.39,49.39,49.83,51.24,53.33,53.81,53.85,53.40,52.83,51.87,50.85,50.58,50.44,50.46,50.66,51.44,51.85,51.70,51.36,51.24,50.97,50.78,50.80,50.95,50.95,51.02,50.97,51.17,51.31,51.34,51.14,50.90,50.78,50.63,49.44,49.70,50.39,50.58,50.75,50.66,50.73,50.75,50.68,50.48,50.14,49.58,49.39,49.41,49.70,49.83,49.70,49.70,49.92,49.95,49.90,49.29,48.19,47.63,47.41,47.36,47.24,47.21,46.89,46.89,47.06,47.36,47.11,47.19,46.89,46.61,46.49,46.49,46.49,46.51,46.71,46.91,46.99,47.29,47.63,47.63,47.58,47.34,47.09,46.91,46.89,46.59,46.49,46.89,47.06,47.01,46.91,46.66,46.96,47.48,47.51,47.16,46.79,46.61,46.49,46.46,46.49,46.74,47.11,47.68,48.02,48.51,48.73,49.00,48.90,48.90,48.85,48.78,48.44,47.95,47.43,47.19,47.38,47.75,48.61,50.00,51.22,52.20,52.92,53.61,54.09,54.47,54.76,55.19,55.36,55.67,55.93,55.95,56.12,56.52,55.67,52.78,53.09,53.71,52.63,52.32,54.26,55.33,55.07,54.95,54.52,54.40,53.97,53.83,53.69,53.54,53.30,53.02,52.78,52.68,52.49,52.30,52.13,52.04,52.01,51.73,51.77,51.82,52.11,52.32,52.13,52.16,52.08,52.42,52.68,52.49,52.37,52.42,52.06,52.13,52.18,52.42,52.56,52.56,52.54,52.49,52.47,52.25,51.89,51.53,51.34,51.44,51.53,51.89,51.85,51.97,51.73,51.68,51.34,50.80,50.22,49.58,48.63,48.19,48.07,48.24,48.05,47.46,47.19,47.26,47.68,48.34,48.39,48.19,48.12,48.10,48.12,48.12,48.51,47.97,47.11,46.99,47.14,47.73,49.24,50.97,51.36,51.56,51.53,51.51,51.44,51.61,51.63,51.63,52.11,52.80,52.97,53.06,53.16,53.14,53.02,52.63,51.73,51.14,50.90,50.66,50.48,51.14,51.65,51.87,52.06,52.30,52.16,51.24,49.53,49.19,49.05,49.00,49.19,49.00,48.95,49.07,49.19,49.12,50.00,51.36,49.92,49.00,49.24,49.29,49.83,51.07,54.79,55.38,55.14,55.07,55.14,52.99,50.17,51.12,51.80,52.13,54.67,56.00,56.54,57.34,58.53,60.01,60.91,61.11,61.11,60.63,59.42,58.55,58.44,58.48,58.51,58.44,58.46,58.37,58.37,58.39,58.53,58.44,58.30,58.39,58.44,58.37,58.34,58.32,58.18,58.11,58.09,58.09,58.09,57.95,58.04,58.06,57.95,58.13,58.02,57.95,57.88,57.85,-327.68,
-327.68,54.21,54.21,54.28,54.40,54.43,54.47,54.62,54.55,54.67,54.79,54.90,54.81,54.86,54.90,54.93,54.93,55.00,55.00,55.00,55.07,55.07,55.14,55.36,55.53,55.57,55.69,55.79,55.95,56.31,56.40,56.77,57.08,57.22,57.38,57.69,57.80,57.78,57.85,58.04,58.25,58.39,58.46,58.48,58.53,58.53,58.13,57.64,56.87,56.35,56.14,56.28,57.73,59.14,59.35,58.77,56.87,56.12,55.69,55.22,54.59,53.52,51.34,49.63,49.14,49.68,50.31,53.42,54.00,54.02,53.52,52.87,51.14,48.63,47.95,48.12,48.12,48.34,50.07,51.89,52.01,51.63,51.29,51.24,50.44,49.41,49.00,49.39,49.80,50.44,50.95,51.48,51.75,51.80,51.73,51.44,51.14,50.75,50.48,50.78,50.92,51.14,51.14,51.31,51.46,51.36,51.14,50.87,50.75,50.53,50.44,50.51,50.56,50.56,50.61,50.68,50.63,50.41,49.17,48.12,47.56,47.34,47.38,47.38,47.95,48.31,47.88,47.73,47.97,47.83,47.51,46.91,46.61,46.59,46.69,46.64,46.71,47.01,47.38,47.66,48.05,48.36,48.44,48.27,48.02,47.51,47.21,47.29,47.01,46.91,47.16,47.29,47.31,47.29,47.19,47.36,47.63,47.61,47.26,46.99,46.89,46.69,46.64,46.69,47.19,47.78,48.44,48.63,49.09,49.29,49.56,49.58,49.56,49.44,49.44,49.27,48.95,48.49,47.78,47.73,48.07,48.92,50.22,51.46,52.44,53.04,53.76,54.26,54.59,54.90,55.38,55.60,55.93,56.05,56.00,56.26,56.61,56.00,53.21,53.52,54.09,52.99,52.63,55.07,55.62,55.22,54.95,54.57,54.00,53.47,53.35,53.23,53.18,52.99,53.06,53.09,53.16,52.90,52.68,52.49,52.32,52.08,51.77,51.73,52.01,52.32,52.49,52.56,52.73,52.68,52.78,52.83,52.47,52.37,52.42,52.25,51.77,51.82,52.32,52.32,52.30,52.37,52.49,52.49,52.32,52.13,51.89,51.70,51.46,51.48,51.53,51.89,52.08,52.08,52.13,51.77,51.31,50.90,50.36,49.51,48.78,48.07,47.97,48.00,47.75,47.46,47.53,48.12,48.51,48.27,48.12,48.10,48.12,48.07,47.97,47.92,48.19,47.68,47.53,47.90,48.78,50.17,51.70,51.75,51.97,51.65,50.48,49.00,48.78,48.56,48.24,49.00,52.56,53.38,53.40,53.23,53.21,53.23,51.97,48.95,48.56,48.51,48.92,48.73,50.22,51.75,51.99,52.28,52.37,52.13,50.66,48.10,48.07,48.10,47.14,47.21,47.90,50.17,50.68,50.14,49.83,50.83,52.20,49.66,48.80,49.19,49.34,50.07,51.17,54.88,55.48,55.22,55.29,55.19,52.97,50.36,50.41,50.75,52.08,54.81,56.16,56.54,57.27,58.55,60.08,60.91,61.07,61.14,60.77,59.54,58.60,58.48,58.53,58.48,58.48,58.48,58.37,58.44,58.44,58.37,58.39,58.27,58.32,58.34,58.39,58.34,58.25,58.27,58.25,58.13,58.09,58.13,57.99,58.04,58.04,57.95,57.95,58.02,57.97,57.95,57.99,-327.68,
-327.68,54.57,54.47,54.47,54.59,54.64,54.69,54.76,54.71,54.71,54.81,54.90,54.88,54.83,54.83,54.88,54.93,55.00,54.98,55.00,55.12,55.17,55.24,55.48,55.62,55.62,55.79,55.98,56.09,56.28,56.47,56.82,57.06,57.29,57.62,57.83,57.83,57.90,58.04,58.09,58.20,58.53,58.67,58.65,58.46,58.34,58.04,57.50,56.87,56.54,56.33,56.61,57.90,59.28,59.30,58.74,57.03,56.16,55.86,55.50,54.88,54.04,51.34,49.68,49.36,49.39,50.36,53.71,54.09,54.19,53.69,53.02,51.44,48.34,47.56,47.38,47.21,47.43,49.14,51.85,52.37,52.13,51.68,51.31,50.44,47.90,46.91,46.59,46.74,47.56,50.56,51.63,52.13,52.20,52.20,51.80,51.14,49.83,49.34,49.36,49.73,50.07,50.95,51.61,51.80,51.80,51.73,51.41,51.02,50.58,50.46,50.46,50.56,50.73,50.97,51.14,51.00,50.53,49.14,48.24,47.68,47.51,47.58,47.83,48.92,49.27,49.19,49.00,48.63,48.41,47.58,47.06,46.81,46.79,46.61,46.64,46.84,47.29,47.90,48.29,48.68,48.88,49.00,48.90,48.39,47.78,47.56,47.46,47.41,47.38,47.34,47.43,47.56,47.71,47.66,47.75,47.90,47.95,47.53,47.19,47.14,46.94,46.86,46.94,47.63,48.36,49.00,49.17,49.56,49.85,50.05,50.19,50.12,49.90,49.83,49.75,49.63,49.34,48.56,48.27,48.61,49.61,50.83,51.82,52.78,53.28,54.07,54.47,54.81,55.12,55.67,55.93,56.07,56.24,56.24,56.59,56.87,56.28,53.57,53.81,54.26,53.21,52.90,55.41,55.79,55.43,55.12,54.59,52.54,51.61,51.99,52.13,51.73,51.12,52.80,53.38,53.28,53.16,52.90,52.56,51.75,50.80,50.31,50.87,50.95,50.68,51.29,52.61,52.97,52.99,52.95,52.61,52.30,51.97,51.22,51.53,50.53,50.31,50.41,50.87,51.85,52.28,52.44,52.49,52.35,52.13,50.95,49.39,49.00,49.17,49.29,50.12,51.07,52.16,52.32,51.99,51.46,50.92,51.05,49.70,47.92,46.37,46.17,46.61,47.43,47.92,48.05,48.49,48.63,48.22,48.14,48.12,48.05,47.97,47.66,46.79,46.91,47.41,47.31,48.34,50.12,51.24,52.13,52.20,52.23,52.04,49.83,46.96,47.34,47.16,47.01,47.83,52.23,53.38,53.28,52.87,52.51,52.92,51.58,47.68,47.21,47.68,48.58,48.14,49.63,51.58,52.13,52.40,52.42,52.04,50.48,48.73,48.90,48.78,47.61,47.63,47.90,51.29,52.40,51.73,50.97,51.94,52.99,49.83,49.19,49.88,50.07,50.27,51.53,55.12,55.53,55.33,55.48,55.38,53.02,51.31,50.90,50.95,52.66,55.05,56.31,56.84,57.52,58.67,60.08,60.95,61.18,61.18,60.91,59.87,58.79,58.53,58.58,58.48,58.46,58.53,58.48,58.51,58.39,58.41,58.44,58.34,58.34,58.39,58.41,58.39,58.32,58.20,58.27,58.16,58.16,58.11,58.11,58.09,57.95,58.02,58.02,58.09,58.04,57.97,57.99,-327.68,
-327.68,54.45,54.55,54.74,54.86,54.81,54.79,54.81,54.67,54.74,54.81,54.74,54.81,54.83,54.76,54.93,54.98,55.14,55.14,55.14,55.24,55.38,55.43,55.45,55.62,55.62,55.76,55.95,56.07,56.24,56.47,56.80,57.01,57.34,57.50,57.64,57.78,57.95,57.97,58.02,58.16,58.34,58.48,58.51,58.39,58.20,57.95,57.43,56.87,56.66,56.66,57.20,58.39,59.44,59.35,58.58,57.20,56.21,56.05,55.67,54.93,54.35,52.18,50.24,49.70,49.73,50.19,53.64,54.40,54.40,53.88,53.26,51.94,48.49,47.97,47.51,47.43,47.80,48.95,51.94,52.61,52.56,52.16,51.51,50.70,47.83,47.14,46.71,46.71,47.61,50.85,52.35,52.61,52.56,52.35,51.89,50.63,47.78,47.09,46.74,47.01,48.36,50.75,51.94,52.01,51.94,51.68,51.19,50.24,49.17,48.90,48.75,48.61,48.83,49.22,50.58,51.22,50.78,49.46,48.41,48.05,47.90,47.90,48.31,49.78,49.97,49.83,49.78,49.44,48.61,47.73,47.29,46.99,46.79,46.71,46.66,46.79,47.46,48.07,48.46,48.78,49.09,49.41,49.31,48.92,48.29,47.88,47.58,47.38,47.46,47.53,47.58,47.63,47.80,47.63,48.00,48.31,48.24,47.78,47.41,47.19,47.16,47.09,47.09,47.31,48.17,48.90,49.41,49.80,50.34,50.51,50.66,50.61,49.31,48.53,48.78,49.22,49.07,48.58,48.56,49.41,50.56,51.68,52.37,53.23,53.73,54.35,54.71,55.02,55.45,55.98,56.09,56.19,56.38,56.52,56.80,57.13,56.49,53.92,54.09,54.55,53.52,53.16,55.55,55.86,55.72,55.43,54.76,51.70,50.22,50.39,50.78,50.36,49.83,52.83,53.59,53.38,53.38,53.06,52.54,51.14,49.56,48.56,48.83,48.85,48.39,49.41,52.87,53.23,53.16,52.99,52.49,52.04,51.39,49.53,50.07,48.88,49.12,48.12,49.09,51.68,52.63,52.85,52.78,52.59,52.32,50.56,48.36,47.83,48.17,47.56,48.05,49.63,52.20,52.28,52.06,51.48,50.92,50.07,48.14,46.14,45.52,45.69,46.09,46.59,47.97,48.56,48.97,48.85,48.46,48.36,48.22,48.05,47.95,47.48,46.66,46.49,46.69,46.56,47.95,50.68,51.94,52.35,52.44,52.49,52.23,49.95,46.81,46.66,46.94,46.91,48.10,52.54,53.40,53.30,52.95,52.30,52.59,51.34,47.92,47.46,48.12,48.56,48.39,49.78,51.46,52.35,52.44,52.35,52.01,50.19,48.97,49.41,49.19,48.17,48.29,49.00,52.28,53.35,53.30,52.59,53.38,53.30,50.12,49.68,50.56,50.61,50.17,51.97,55.29,55.55,55.57,55.72,55.74,54.12,52.51,51.97,52.59,53.64,55.53,56.66,57.10,57.78,58.91,60.31,61.14,61.23,61.32,61.18,60.63,59.16,58.58,58.58,58.53,58.46,58.53,58.48,58.53,58.53,58.51,58.39,58.48,58.41,58.34,58.32,58.32,58.39,58.20,58.34,58.16,58.25,58.20,58.20,58.18,58.09,57.97,58.09,58.16,58.06,57.99,58.09,-327.68,
-327.68,54.59,54.62,54.90,54.93,54.88,54.86,54.76,54.67,54.76,54.74,54.59,54.79,54.76,54.83,54.86,54.90,55.02,55.02,55.05,55.24,55.38,55.41,55.50,55.57,55.76,55.72,55.98,56.00,56.21,56.33,56.54,56.80,57.10,57.20,57.34,57.50,57.55,57.69,57.83,57.90,58.02,58.20,58.20,58.09,58.04,57.85,57.52,57.17,56.94,57.34,58.25,59.19,59.59,59.47,58.51,57.31,56.54,56.21,55.69,55.14,54.67,52.73,50.85,50.36,50.12,50.87,53.76,54.59,54.67,54.40,53.66,52.63,49.12,48.22,47.90,47.95,48.19,49.00,52.25,52.99,52.99,52.75,52.30,51.24,48.17,47.41,47.09,47.01,47.78,50.97,52.99,53.09,52.99,52.56,51.94,50.68,47.90,46.81,46.59,46.76,47.95,50.66,52.16,52.13,51.75,51.29,50.92,49.63,48.12,47.63,47.31,47.14,47.19,48.19,50.39,51.31,51.14,50.00,48.97,48.63,48.39,48.53,49.61,50.44,50.14,49.83,50.14,50.22,49.51,48.41,47.80,47.24,47.19,46.91,46.71,46.56,46.39,46.71,47.58,48.53,49.34,49.83,49.85,49.61,49.07,48.31,47.26,46.49,47.38,47.68,47.68,47.75,47.66,46.86,48.05,48.68,48.39,48.02,47.51,47.29,47.34,47.16,46.61,46.39,47.24,48.36,49.46,50.14,50.61,50.87,51.00,50.95,49.17,48.00,48.49,48.92,48.73,48.12,48.56,50.44,51.46,52.32,52.99,53.71,54.14,54.59,55.07,55.38,55.76,55.98,56.07,56.24,56.49,56.84,56.91,57.27,56.77,54.26,54.35,54.86,53.81,53.57,55.65,56.00,56.00,55.55,54.90,52.04,50.19,49.46,49.88,49.95,51.02,53.26,53.73,53.59,53.54,53.16,52.54,51.14,49.63,48.41,47.97,47.78,47.83,49.19,52.99,53.38,53.28,52.97,52.51,52.06,51.24,49.63,49.14,48.36,49.73,48.49,49.00,51.70,52.83,53.09,53.04,52.78,52.47,50.95,49.00,48.12,47.83,47.38,47.16,49.41,52.18,52.32,52.11,51.46,50.92,50.31,48.24,47.88,46.41,45.72,45.92,46.04,47.46,49.39,49.75,49.51,49.00,48.63,48.46,48.31,48.10,47.24,46.41,46.14,46.24,46.69,48.29,51.02,52.32,52.66,52.87,52.87,52.85,50.53,47.29,46.81,47.09,47.26,48.34,52.66,53.33,53.40,53.06,52.63,52.68,50.90,48.02,47.63,48.63,48.46,48.90,50.63,52.06,52.75,52.68,52.49,51.99,50.14,49.34,50.48,49.29,49.58,51.02,50.51,53.23,53.92,54.02,53.92,54.24,54.14,51.36,50.85,51.51,51.70,51.85,53.18,55.41,55.79,55.98,56.12,56.24,55.72,55.02,54.81,55.50,56.05,56.56,56.91,57.20,57.92,58.95,60.29,61.16,61.27,61.32,61.30,61.11,60.10,58.95,58.67,58.53,58.51,58.55,58.48,58.41,58.44,58.44,58.39,58.46,58.53,58.53,58.53,58.44,58.39,58.34,58.37,58.25,58.18,58.20,58.27,58.25,58.25,58.20,58.16,58.13,58.13,58.09,58.04,-327.68,
54.62,54.59,54.62,54.74,54.86,55.00,55.00,54.79,54.62,54.67,54.64,54.55,54.59,54.59,54.81,54.76,54.81,54.93,55.05,55.19,55.29,55.22,55.14,55.24,55.38,55.48,55.65,55.67,55.69,56.02,55.93,56.09,56.24,56.40,56.54,56.73,56.82,56.96,56.84,57.01,57.17,57.41,57.62,57.73,57.66,57.52,57.55,57.52,57.38,57.73,58.55,59.23,59.61,59.68,59.52,58.67,57.55,56.84,56.42,56.00,55.53,55.02,54.02,52.25,51.51,51.14,51.34,54.04,54.90,54.93,54.64,54.24,53.35,50.07,48.83,48.53,48.46,48.56,49.22,52.49,53.35,53.45,53.23,52.92,52.06,49.09,48.17,47.26,47.38,48.07,51.31,53.45,53.54,53.42,52.90,52.30,50.53,47.83,47.09,46.89,46.91,47.88,50.53,52.40,52.49,52.04,51.44,51.05,49.80,48.22,47.58,47.01,46.81,46.99,48.00,50.14,51.14,51.34,50.75,50.02,49.63,49.44,50.17,50.80,51.46,51.24,50.51,50.78,51.02,50.51,49.36,48.29,47.63,47.63,47.41,46.94,46.24,46.02,46.32,47.38,48.73,49.63,50.07,50.31,50.27,49.83,48.95,46.74,45.79,47.24,47.80,47.90,47.92,47.14,46.24,48.22,48.95,48.75,48.44,47.80,47.53,47.36,46.69,45.97,46.02,46.56,48.27,49.92,50.61,50.90,51.24,51.39,51.22,49.36,47.97,48.39,48.39,48.05,47.92,48.78,51.34,52.20,52.80,53.45,54.04,54.45,54.93,55.33,55.76,55.86,55.91,56.07,56.38,56.66,56.96,57.13,57.36,56.87,54.59,54.74,55.02,54.09,54.19,55.93,56.16,56.12,55.69,55.07,52.47,50.51,49.44,49.92,50.58,51.51,53.54,54.04,53.95,53.76,53.26,52.68,51.31,49.73,48.61,48.39,48.14,48.12,49.51,52.97,53.35,53.42,53.23,52.95,52.32,51.39,49.46,48.90,48.34,49.31,48.63,49.12,52.01,53.06,53.33,53.33,53.14,52.68,51.31,49.75,48.90,48.07,47.53,47.14,49.34,51.75,52.42,52.18,51.58,51.14,50.51,49.75,50.22,48.85,46.66,46.07,46.51,47.53,50.22,50.70,50.36,49.78,49.19,48.97,48.80,48.58,47.71,46.99,46.56,46.39,47.51,49.07,51.24,52.51,52.99,53.33,53.33,53.26,50.85,48.34,47.53,47.38,47.48,48.56,53.06,53.76,53.61,53.47,53.09,53.04,50.80,48.17,48.17,49.39,49.24,49.56,51.73,52.95,53.23,53.06,52.87,52.32,51.02,50.19,50.80,50.34,50.24,52.06,52.51,53.59,54.07,54.43,54.57,54.88,55.12,54.12,53.76,53.90,54.02,54.33,54.83,55.69,56.12,56.35,56.45,56.70,56.77,56.63,56.61,56.73,56.96,57.15,57.27,57.52,58.09,59.16,60.45,61.04,61.18,61.23,61.27,61.23,61.04,60.03,59.16,58.60,58.48,58.53,58.48,58.41,58.48,58.39,58.39,58.46,58.48,58.39,58.37,58.41,58.37,58.39,58.32,58.25,58.25,58.25,58.18,58.20,58.25,58.30,58.27,58.18,58.09,58.13,58.20,-327.68,
54.12,54.14,54.04,53.92,54.07,54.24,54.40,54.47,54.52,54.52,54.43,54.28,54.24,54.35,54.50,54.47,54.57,54.67,54.64,54.62,54.81,54.90,54.90,54.93,55.00,55.17,55.26,55.26,55.17,55.43,55.31,55.48,55.50,55.53,55.62,55.74,55.72,55.81,55.60,55.69,55.86,55.93,56.00,56.12,56.47,56.75,56.94,57.31,57.95,58.91,59.44,59.66,59.68,59.63,59.56,58.84,57.78,57.01,56.73,56.33,56.05,55.62,55.55,55.22,54.71,54.64,54.26,54.98,55.24,55.26,55.02,54.59,54.00,51.75,50.75,50.22,49.97,49.78,50.02,52.83,53.76,53.88,53.81,53.40,52.68,50.02,48.73,47.83,47.71,48.24,50.73,53.40,53.66,53.45,53.11,52.56,50.90,48.19,47.53,47.29,47.21,48.02,50.41,52.54,52.75,52.44,51.94,51.44,49.95,48.46,48.07,47.43,47.11,47.26,48.12,49.90,50.78,51.31,51.75,51.44,51.70,51.99,52.32,51.99,52.25,52.01,51.41,51.73,52.06,51.53,50.14,49.09,48.41,48.17,47.78,46.86,46.27,46.17,46.44,47.14,48.39,49.66,50.39,50.75,50.87,50.51,49.70,46.71,46.07,47.01,48.07,48.14,47.80,46.37,46.12,48.46,49.27,49.24,49.12,48.56,48.31,47.58,46.56,46.24,46.54,46.66,48.27,50.58,51.14,51.29,51.63,51.68,51.41,49.51,47.92,48.05,47.90,47.78,48.12,49.14,51.77,52.75,53.26,53.78,54.24,54.67,55.26,55.65,55.86,55.86,55.93,56.35,56.66,56.89,57.06,57.27,57.50,57.03,54.81,55.12,55.29,54.52,55.07,56.45,56.35,56.26,55.93,55.33,53.52,51.65,50.78,51.46,52.37,51.73,53.88,54.47,54.35,54.02,53.38,52.87,51.58,49.90,48.95,49.09,48.92,48.83,49.83,52.95,53.38,53.59,53.40,53.28,52.75,51.87,49.83,48.80,48.85,48.92,48.70,49.63,52.32,53.28,53.57,53.42,53.28,52.85,51.26,49.97,49.31,48.49,48.31,48.12,49.70,51.77,52.32,52.06,51.68,51.17,50.80,49.80,48.63,47.75,47.29,46.74,47.34,48.19,50.95,51.73,51.36,50.66,50.09,49.83,49.63,49.41,48.78,48.46,48.19,47.97,48.34,49.63,51.63,52.85,53.35,53.71,53.71,53.59,51.46,49.63,49.92,49.31,49.17,49.92,53.69,54.00,53.92,53.92,53.92,53.59,51.97,50.31,50.68,51.36,51.51,51.53,52.80,53.54,53.76,53.61,53.40,53.30,52.95,52.32,51.89,52.20,52.59,53.40,53.78,54.09,54.35,54.74,54.90,55.38,55.67,55.62,55.53,55.43,55.48,55.62,55.98,56.19,56.38,56.59,56.87,57.08,57.10,57.03,56.77,56.82,57.17,57.41,57.52,57.76,58.39,59.49,60.54,61.09,61.14,61.16,61.20,61.18,61.27,60.97,60.22,59.07,58.55,58.48,58.39,58.39,58.32,58.32,58.39,58.37,58.32,58.39,58.34,58.37,58.25,58.34,58.32,58.20,58.27,58.16,58.09,58.20,58.18,58.13,58.16,58.11,58.04,58.02,58.09,-327.68,
53.76,53.92,53.76,53.76,53.76,53.81,53.88,53.92,53.92,54.00,53.95,53.92,53.97,54.04,54.09,54.04,54.14,54.21,54.24,54.19,54.12,54.28,54.35,54.33,54.40,54.55,54.74,54.90,54.86,54.88,54.93,54.95,55.02,55.02,55.07,55.07,55.00,55.14,54.95,54.83,55.07,55.12,55.19,55.33,55.48,55.93,56.89,58.04,58.95,59.54,59.68,59.75,59.70,59.63,59.61,58.93,57.95,57.24,56.91,56.66,56.49,56.14,56.19,56.38,56.28,56.07,56.05,56.00,55.74,55.53,55.33,54.90,54.64,53.92,53.35,53.04,52.87,52.49,52.37,53.61,54.26,54.26,54.26,53.92,53.30,51.73,50.27,49.90,49.36,49.19,51.31,53.66,53.81,53.71,53.30,52.85,51.36,48.85,48.17,47.68,47.90,48.34,50.22,52.44,52.87,52.78,52.42,51.85,50.22,48.80,48.49,47.90,47.61,47.92,48.58,50.19,50.97,51.70,52.56,53.06,53.33,53.59,53.09,52.95,53.02,52.75,52.13,52.49,52.80,52.42,51.31,50.00,49.53,49.31,48.31,46.86,46.54,46.61,46.69,46.86,48.29,49.83,50.66,51.07,51.19,50.95,50.34,47.31,46.54,46.81,48.12,47.97,47.14,46.29,46.54,49.00,49.78,49.83,49.85,49.73,49.56,48.31,47.16,47.14,47.43,47.51,48.61,51.14,51.53,51.63,51.87,51.97,51.70,49.90,48.19,48.00,48.14,48.17,48.29,49.44,52.18,53.18,53.69,54.16,54.62,55.07,55.60,55.95,56.05,56.12,56.16,56.73,57.03,57.10,57.22,57.52,57.66,57.17,55.29,55.45,55.57,54.95,55.81,56.70,56.40,56.31,56.05,55.65,54.74,53.71,53.47,53.73,53.97,53.47,54.59,54.86,54.69,54.26,53.52,52.92,52.18,51.26,50.78,50.95,50.95,50.56,51.02,53.02,53.23,53.47,53.52,53.59,53.23,52.59,51.46,50.19,50.09,50.44,50.05,50.75,52.75,53.47,53.59,53.54,53.40,52.87,51.65,50.19,49.39,49.63,49.75,49.85,50.75,52.30,52.68,52.49,51.94,51.31,51.00,49.80,49.00,48.14,47.92,48.41,49.19,50.22,51.80,52.56,52.28,51.56,51.07,50.92,50.75,50.53,50.12,50.07,50.27,50.41,50.53,51.31,52.56,53.28,53.64,53.90,54.00,53.83,53.40,53.06,53.30,53.40,53.59,53.61,54.12,54.50,54.62,54.52,54.38,54.12,53.42,52.95,53.06,53.28,53.38,53.45,53.69,53.88,54.09,54.14,54.04,54.09,54.14,53.76,52.90,53.02,54.00,54.33,54.88,55.00,55.12,55.24,55.38,55.76,56.14,56.21,56.21,56.16,56.16,56.26,56.56,56.63,56.77,56.94,57.22,57.50,57.43,57.29,57.15,57.20,57.57,57.85,58.09,58.39,58.84,59.84,60.58,61.02,61.09,61.16,61.23,61.23,61.32,61.18,61.16,60.05,58.98,58.41,58.16,58.25,58.25,58.11,58.13,58.18,58.11,58.09,58.11,58.11,58.25,58.09,58.20,57.97,57.99,57.97,57.99,58.02,57.97,57.90,57.78,57.64,57.57,57.57,57.62,57.64,
53.73,53.81,53.73,53.76,53.71,53.78,53.78,53.71,53.76,53.85,53.90,53.81,53.81,53.90,53.90,53.85,53.85,53.97,54.02,53.97,54.04,54.07,54.16,54.12,54.14,54.40,54.59,54.69,54.79,54.88,54.90,54.83,54.88,54.98,54.90,54.90,54.88,54.98,54.79,54.64,54.64,54.59,54.64,54.81,55.05,56.07,57.64,58.91,59.52,59.66,59.77,59.84,59.77,59.63,59.35,58.86,58.16,57.59,57.38,57.17,56.94,56.80,56.87,56.80,56.70,56.54,56.33,56.24,55.95,55.65,55.62,55.24,55.02,54.81,54.69,54.64,54.76,54.64,54.55,54.35,54.62,54.62,54.67,54.24,53.90,53.42,53.57,53.42,53.42,53.21,53.40,54.09,54.16,53.88,53.59,53.30,52.18,50.31,49.75,49.44,49.27,49.83,50.97,52.68,53.16,53.06,52.75,52.28,50.85,49.56,49.07,48.73,48.53,48.63,49.00,50.85,51.97,52.68,53.28,54.04,54.26,54.45,53.59,53.28,53.35,53.57,53.14,53.04,53.61,52.92,52.20,51.46,50.78,50.22,49.17,47.73,46.96,46.89,47.11,47.29,48.49,50.19,51.12,51.31,51.48,51.46,50.78,47.88,47.11,47.16,47.97,47.51,47.11,46.84,47.29,49.51,50.31,50.41,50.56,50.61,50.41,48.97,47.80,48.00,48.24,49.31,50.02,51.75,52.08,52.13,52.18,52.32,52.16,50.75,48.70,49.27,49.90,49.63,49.29,50.12,52.61,53.47,53.97,54.57,55.07,55.53,55.84,56.05,56.26,56.45,56.56,57.06,57.27,57.29,57.24,57.62,57.73,57.31,55.65,55.62,55.72,55.43,56.42,56.96,56.56,56.38,56.19,55.86,55.45,55.00,55.00,54.95,54.81,54.74,55.00,55.00,54.79,54.40,53.81,53.16,52.97,53.02,53.04,52.97,52.83,52.49,52.68,53.23,53.14,53.40,53.73,53.81,53.66,53.23,52.90,52.32,52.18,52.06,52.44,52.97,53.59,53.73,53.66,53.47,53.30,53.02,52.47,51.65,51.17,51.31,51.61,51.94,52.51,52.87,53.02,53.02,52.32,51.85,51.53,51.31,50.97,50.58,49.95,50.41,51.02,51.73,52.49,53.09,53.21,52.49,52.08,51.94,51.73,51.65,51.53,51.58,51.87,52.28,52.68,53.14,53.57,53.76,53.90,54.09,54.19,54.19,54.28,54.52,54.69,54.74,54.74,54.69,54.76,54.86,54.81,54.79,54.90,54.55,54.43,54.16,54.07,53.95,54.16,54.28,54.35,54.21,54.38,54.59,54.67,54.71,54.69,54.35,53.59,53.76,54.52,54.71,55.26,55.72,55.86,55.95,56.14,56.38,56.61,56.70,56.77,56.82,56.84,57.01,57.08,57.24,57.31,57.34,57.55,57.64,57.80,57.83,57.76,57.88,58.13,58.48,58.60,58.81,59.42,59.98,60.65,61.04,61.09,61.11,61.18,61.27,61.37,61.30,61.32,61.04,59.96,58.67,58.13,58.06,57.92,57.76,57.69,57.78,57.92,57.90,57.95,57.95,58.06,57.78,58.02,57.71,57.69,57.71,57.78,57.69,57.55,57.43,57.38,57.36,57.34,57.31,57.29,57.31,
53.66,53.73,53.66,53.85,53.76,53.81,53.81,53.78,53.76,53.76,53.71,53.69,53.78,53.85,53.83,53.88,53.76,53.90,53.92,53.95,54.07,53.95,54.02,54.14,54.21,54.28,54.45,54.55,54.62,54.76,54.81,54.76,54.76,54.98,54.83,54.90,54.86,54.79,54.62,54.52,54.47,54.57,54.67,54.76,55.14,56.73,58.51,59.37,59.66,59.77,59.84,59.87,59.75,59.56,59.35,58.88,58.44,57.88,57.76,57.59,57.34,57.22,57.13,57.06,56.89,56.77,56.59,56.31,56.12,55.98,55.72,55.53,55.24,55.07,55.05,55.05,55.17,55.12,55.17,54.83,54.79,54.81,54.90,54.62,54.33,54.16,54.12,54.24,54.26,54.47,54.57,54.35,54.19,53.78,53.52,53.42,53.28,52.95,52.56,52.49,52.49,52.47,52.63,53.26,53.52,53.42,53.14,52.68,51.94,51.29,50.97,51.17,51.07,51.14,51.12,52.23,53.06,53.52,54.04,54.59,54.90,55.05,54.43,54.71,54.38,54.12,54.19,53.73,54.09,53.69,53.14,52.44,51.89,51.17,49.95,48.49,47.83,47.78,47.90,48.17,49.19,50.61,51.53,51.80,52.08,51.89,51.29,48.97,48.34,48.29,49.00,48.97,48.29,47.95,48.53,50.09,50.83,51.00,51.24,51.31,51.19,50.02,49.22,49.66,50.19,51.00,51.58,52.30,52.51,52.56,52.59,52.78,52.63,51.94,50.83,51.31,51.70,51.65,51.53,51.80,52.87,53.61,54.21,54.81,55.31,55.74,56.02,56.16,56.49,56.70,56.96,57.20,57.17,57.34,57.34,57.59,57.85,57.50,55.86,55.65,55.65,55.67,57.03,56.98,56.59,56.52,56.33,56.07,55.69,55.43,55.31,55.38,55.29,55.24,55.31,55.14,54.86,54.52,54.14,53.73,53.71,53.83,53.83,53.73,53.66,53.47,53.47,53.66,53.52,53.69,53.90,54.04,53.97,53.73,53.66,53.33,53.16,53.14,53.35,53.76,53.92,53.92,53.88,53.71,53.61,53.33,53.11,52.90,52.75,52.68,52.85,53.16,53.38,53.57,53.54,53.30,52.80,52.37,52.16,52.23,52.08,51.68,51.53,51.77,52.20,52.68,53.06,53.38,53.61,53.21,52.95,52.90,52.59,52.61,52.63,52.63,52.68,53.06,53.47,53.78,54.07,54.16,54.26,54.45,54.57,54.62,54.81,54.93,55.05,55.12,55.24,55.31,55.17,55.17,55.22,55.12,55.14,55.07,55.24,54.90,54.76,54.62,54.83,55.00,54.98,54.88,54.93,55.22,55.33,55.43,55.36,55.26,54.86,55.17,55.48,55.62,56.14,56.38,56.38,56.54,56.70,56.94,57.08,57.29,57.36,57.48,57.55,57.52,57.62,57.66,57.73,57.76,57.83,58.02,58.16,58.34,58.51,58.58,58.70,58.84,58.95,59.30,59.84,60.15,60.79,61.16,61.09,60.97,61.04,61.27,61.37,61.37,61.48,61.27,61.00,59.40,58.06,57.66,57.69,57.71,57.73,57.85,57.85,57.80,57.85,57.88,57.85,57.69,57.83,57.78,57.64,57.64,57.59,57.48,57.43,57.43,57.34,57.22,57.31,57.15,57.27,57.27,
53.64,53.69,53.64,53.83,53.73,53.76,53.73,53.73,53.76,53.73,53.71,53.76,53.85,53.81,53.81,53.83,53.83,53.90,53.92,53.90,54.02,53.85,54.07,54.16,54.16,54.14,54.35,54.59,54.69,54.76,54.76,54.69,54.76,54.90,54.79,54.79,54.83,54.79,54.64,54.59,54.59,54.62,54.81,55.00,55.67,57.36,59.05,59.68,59.87,59.94,59.91,59.84,59.73,59.63,59.52,59.14,58.67,58.32,58.06,57.83,57.57,57.34,57.20,56.94,56.75,56.66,56.56,56.28,56.05,55.76,55.67,55.50,55.41,55.38,55.43,55.38,55.38,55.38,55.36,55.19,55.07,55.00,55.07,54.88,54.74,54.59,54.59,54.55,54.69,54.81,54.81,54.71,54.43,53.92,53.61,53.69,53.78,53.73,53.64,53.59,53.54,53.42,53.52,53.71,53.69,53.71,53.42,53.14,52.90,52.75,52.75,52.75,52.73,52.78,52.87,53.18,53.69,54.02,54.43,54.88,55.24,55.38,55.60,55.84,55.60,55.31,55.36,55.02,54.67,54.21,53.73,53.18,52.56,52.06,51.46,50.73,50.44,50.19,50.05,50.00,50.56,51.44,52.13,52.32,52.56,52.40,52.06,50.87,50.61,50.61,50.95,51.02,50.19,49.95,50.22,50.90,51.34,51.58,51.87,51.94,51.89,51.51,51.22,51.53,51.94,52.16,52.49,52.78,52.80,52.90,52.95,53.09,52.97,52.80,52.68,52.61,52.68,52.99,52.90,52.99,53.23,53.90,54.57,55.00,55.45,55.74,56.14,56.33,56.61,56.77,57.10,57.20,57.15,57.31,57.48,57.62,57.80,57.41,55.79,55.41,55.43,55.69,57.01,56.94,56.54,56.59,56.35,56.21,55.84,55.67,55.55,55.72,55.67,55.55,55.53,55.26,54.98,54.81,54.62,54.38,54.33,54.35,54.19,54.07,54.02,54.02,54.02,54.14,54.00,54.02,54.16,54.40,54.40,54.12,54.28,54.00,53.85,53.88,53.97,54.24,54.33,54.33,54.19,54.09,53.92,53.88,53.88,53.83,53.64,53.57,53.59,53.69,53.83,53.95,53.92,53.76,53.38,52.95,52.92,53.04,53.09,53.06,52.78,52.90,53.26,53.40,53.61,53.76,53.90,53.76,53.66,53.71,53.57,53.52,53.57,53.54,53.66,53.95,54.28,54.55,54.50,54.52,54.62,54.86,55.05,55.22,55.38,55.53,55.60,55.74,55.81,55.81,55.67,55.69,55.60,55.65,55.60,55.60,55.79,55.65,55.57,55.60,55.69,55.84,55.65,55.69,55.72,55.79,56.05,56.12,56.09,56.14,56.05,56.19,56.47,56.59,56.70,56.87,57.03,57.13,57.15,57.29,57.52,57.69,57.78,57.88,57.83,57.85,57.88,57.83,57.88,57.95,58.06,58.34,58.55,58.70,58.81,58.98,59.21,59.42,59.52,59.89,60.15,60.47,60.81,61.02,61.18,61.04,61.09,61.32,61.43,61.32,61.41,61.32,61.14,59.91,58.39,57.80,57.78,57.73,57.69,57.78,57.76,57.83,57.85,57.73,57.85,57.78,57.80,57.78,57.78,57.73,57.66,57.57,57.50,57.41,57.36,57.29,57.27,57.17,57.29,57.29,
53.71,53.76,53.66,53.88,53.78,53.76,53.71,53.76,53.81,53.78,53.73,53.71,53.76,53.81,53.83,53.76,53.90,53.95,53.95,53.92,53.97,54.00,54.07,54.09,54.12,54.12,54.35,54.57,54.67,54.69,54.62,54.69,54.76,54.86,54.76,54.74,54.81,54.83,54.57,54.59,54.64,54.76,55.17,55.55,56.63,58.32,59.40,59.84,59.98,59.96,59.89,59.73,59.63,59.63,59.52,59.26,59.07,58.79,58.62,58.37,58.09,57.69,57.17,56.87,56.59,56.38,56.26,55.98,55.76,55.62,55.48,55.50,55.41,55.45,55.55,55.53,55.48,55.53,55.48,55.31,55.17,55.12,55.05,55.02,54.95,54.88,55.07,55.14,55.12,55.24,55.14,55.02,54.76,54.40,53.95,53.95,54.12,54.12,54.09,54.02,54.12,54.09,54.02,53.95,53.97,54.00,53.83,53.64,53.45,53.40,53.40,53.40,53.35,53.40,53.73,53.85,54.16,54.59,54.79,55.07,55.38,55.57,55.81,56.02,55.86,55.72,55.50,55.22,54.98,54.69,54.19,53.64,53.18,52.75,52.35,52.08,51.94,51.85,51.73,51.73,51.82,52.18,52.66,52.83,53.04,52.87,52.68,52.32,52.16,52.18,52.01,51.94,51.82,51.58,51.51,51.56,51.85,52.13,52.32,52.44,52.44,52.40,52.42,52.54,52.80,53.06,53.09,53.23,53.02,52.99,53.23,53.33,53.42,53.35,53.40,53.38,53.47,53.71,53.69,53.81,53.92,54.26,54.79,55.07,55.45,55.79,56.19,56.45,56.63,56.82,57.03,57.10,57.17,57.31,57.48,57.62,57.71,57.01,54.79,54.16,54.14,54.95,56.54,56.84,56.63,56.61,56.45,56.38,56.21,56.07,55.95,56.07,55.95,55.91,55.72,55.50,55.29,55.14,54.95,54.88,54.83,54.88,54.67,54.52,54.43,54.40,54.50,54.59,54.40,54.38,54.50,54.81,54.81,54.69,54.81,54.64,54.62,54.45,54.62,54.71,54.74,54.74,54.69,54.64,54.55,54.57,54.59,54.59,54.43,54.35,54.43,54.50,54.55,54.45,54.43,54.26,54.07,53.85,53.88,54.04,54.07,53.83,53.71,53.76,54.09,54.09,54.09,54.21,54.19,54.26,54.24,54.26,54.21,54.14,54.24,54.24,54.45,54.71,54.93,55.07,55.17,55.24,55.29,55.48,55.55,55.53,55.76,55.98,56.07,56.09,56.21,56.26,56.26,56.19,56.05,56.12,56.19,56.07,56.28,56.38,56.31,56.38,56.38,56.49,56.21,56.26,56.28,56.24,56.38,56.56,56.66,56.70,56.70,56.87,56.98,57.10,57.24,57.31,57.17,57.24,57.41,57.57,57.76,57.85,57.90,57.95,57.90,57.88,57.90,57.85,57.90,58.16,58.58,58.91,59.28,59.54,59.73,59.84,59.94,60.08,60.42,60.68,60.68,60.68,60.77,60.81,61.09,61.20,61.16,61.32,61.43,61.32,61.25,61.25,61.18,60.47,59.09,58.04,57.78,57.69,57.73,57.76,57.66,57.85,57.85,57.80,57.85,57.78,57.80,57.85,57.73,57.69,57.69,57.62,57.41,57.38,57.43,57.31,57.31,57.27,57.34,57.31,
53.78,53.83,53.69,53.78,53.85,53.83,53.76,53.71,53.83,53.64,53.59,53.71,53.81,53.85,53.78,53.81,53.88,53.85,53.95,53.88,53.92,54.00,53.97,54.04,54.09,54.24,54.35,54.50,54.59,54.69,54.76,54.74,54.76,54.83,54.76,54.76,54.74,54.83,54.59,54.64,54.69,55.14,55.86,57.03,58.48,59.52,59.87,59.96,59.96,59.96,59.98,59.77,59.63,59.54,59.33,59.23,59.28,59.23,59.00,58.84,58.55,58.02,57.41,56.59,55.95,55.93,56.00,55.86,55.76,55.53,55.48,55.31,55.38,55.43,55.50,55.48,55.50,55.50,55.53,55.38,55.19,55.05,54.88,54.95,54.95,54.86,54.95,55.12,55.02,55.14,55.12,55.00,54.83,54.59,54.50,54.50,54.50,54.52,54.43,54.38,54.35,54.40,54.33,54.24,54.21,54.26,54.12,54.00,53.92,53.90,53.88,53.81,53.90,54.00,54.21,54.33,54.52,54.83,54.95,55.24,55.48,55.67,55.95,56.02,55.93,55.69,55.69,55.43,55.19,54.83,54.33,54.00,53.61,53.26,52.92,52.63,52.51,52.49,52.49,52.49,52.56,52.75,53.09,53.23,53.26,53.16,53.06,52.83,52.68,52.63,52.37,52.44,52.44,52.28,52.13,52.16,52.28,52.47,52.68,52.92,52.92,52.95,53.02,53.16,53.33,53.57,53.54,53.52,53.23,53.14,53.47,53.66,53.78,53.76,53.90,53.92,54.14,54.26,54.24,54.33,54.52,54.67,55.00,55.19,55.45,55.72,56.12,56.42,56.59,56.77,56.98,57.03,57.03,57.13,57.27,57.48,57.64,56.00,52.11,51.12,51.14,52.35,54.79,56.70,56.96,56.75,56.70,56.73,56.82,56.70,56.54,56.54,56.40,56.33,56.09,55.98,55.69,55.38,55.26,55.43,55.31,55.31,55.22,55.12,55.00,54.95,54.98,55.00,54.81,54.81,54.88,55.19,55.24,55.26,55.38,55.33,55.29,55.24,55.29,55.36,55.33,55.17,55.07,55.00,55.00,55.07,55.12,55.07,54.93,54.88,54.90,54.98,54.90,54.90,54.90,54.74,54.71,54.50,54.45,54.64,54.71,54.38,54.26,54.35,54.47,54.45,54.62,54.59,54.55,54.59,54.52,54.57,54.64,54.64,54.69,54.64,54.79,55.07,55.31,55.50,55.57,55.55,55.69,55.79,55.98,56.02,56.14,56.33,56.38,56.52,56.61,56.59,56.45,56.38,56.42,56.54,56.52,56.49,56.70,56.82,56.87,56.91,56.87,56.98,56.73,56.70,56.61,56.70,56.75,56.96,57.01,57.31,57.34,57.34,57.43,57.50,57.41,57.48,57.50,57.55,57.62,57.66,57.71,57.73,57.76,57.78,57.78,57.76,57.78,57.80,57.88,58.18,58.98,59.61,59.91,59.91,59.66,59.52,60.05,60.29,60.70,60.81,60.97,60.86,60.77,60.77,60.84,61.16,61.23,61.39,61.46,61.43,61.50,61.48,61.46,61.46,60.65,59.09,58.06,57.73,57.76,57.80,57.78,57.83,57.78,57.95,57.83,57.78,57.78,57.64,57.62,57.71,57.73,57.57,57.48,57.48,57.34,57.38,57.36,57.24,57.29,57.29,
53.81,53.76,53.64,53.73,53.76,53.76,53.78,53.59,53.92,53.85,53.78,53.78,53.78,53.76,53.81,53.88,53.81,53.78,53.90,53.88,53.90,53.92,54.09,54.00,54.12,54.19,54.33,54.47,54.59,54.69,54.74,54.79,54.76,54.76,54.69,54.86,54.79,54.76,54.67,54.81,55.19,55.86,57.03,58.93,59.70,59.87,59.84,59.96,59.94,59.91,59.91,59.68,59.52,59.35,59.19,59.26,59.37,59.28,59.12,58.84,58.20,57.48,56.47,55.53,55.24,55.26,55.29,55.24,55.24,55.26,55.41,55.50,55.45,55.53,55.53,55.53,55.60,55.53,55.53,55.43,55.45,55.33,55.24,55.26,55.24,55.19,55.33,55.26,55.19,55.07,54.90,54.74,54.59,54.52,54.47,54.47,54.43,54.47,54.43,54.38,54.43,54.40,54.43,54.26,54.21,54.26,54.14,54.14,54.14,54.09,54.02,54.00,54.09,54.19,54.43,54.45,54.62,54.86,54.90,55.22,55.53,55.57,55.81,55.86,55.86,55.93,55.69,55.48,55.24,55.00,54.62,54.26,53.92,53.61,53.40,53.28,53.16,53.11,53.14,53.16,53.14,53.21,53.38,53.64,53.42,53.40,53.35,53.09,52.95,52.87,52.61,52.78,52.73,52.54,52.32,52.54,52.54,52.63,52.87,53.06,53.06,53.21,53.23,53.33,53.57,53.73,53.71,53.61,53.35,53.26,53.59,53.83,53.83,53.88,54.09,54.12,54.26,54.43,54.38,54.45,54.64,54.81,55.02,55.24,55.45,55.67,56.09,56.40,56.56,56.73,56.98,57.03,56.98,57.03,57.20,57.38,57.59,55.86,51.29,50.19,50.31,51.14,54.55,56.77,57.06,56.80,56.80,56.89,57.06,56.98,56.84,56.80,56.70,56.49,56.26,56.19,55.86,55.50,55.45,55.60,55.50,55.48,55.48,55.43,55.36,55.33,55.36,55.24,55.12,55.07,55.24,55.33,55.53,55.60,55.69,55.74,55.69,55.69,55.74,55.81,55.57,55.45,55.41,55.38,55.36,55.38,55.48,55.43,55.38,55.31,55.24,55.26,55.31,55.31,55.22,55.17,55.02,54.98,55.12,55.02,55.00,54.81,54.79,54.90,55.00,54.88,55.07,55.02,54.93,54.90,54.90,55.00,55.12,55.22,55.26,55.17,55.29,55.50,55.67,55.81,55.69,55.79,55.93,56.00,56.19,56.26,56.40,56.59,56.61,56.63,56.75,56.89,56.89,56.84,56.75,56.84,56.91,56.89,57.03,57.06,57.17,57.22,57.24,57.24,57.15,57.06,57.10,57.17,57.22,57.31,57.50,57.57,57.64,57.66,57.69,57.64,57.64,57.59,57.52,57.64,57.73,57.83,57.92,57.83,57.78,57.78,57.78,57.78,57.76,57.78,57.88,57.88,58.37,59.26,59.37,58.79,58.25,58.16,58.67,60.01,60.47,60.84,61.16,61.00,60.86,60.81,60.77,60.97,61.23,61.43,61.55,61.50,61.53,61.55,61.48,61.48,61.48,60.93,59.47,58.13,57.80,57.88,57.83,57.83,57.80,57.83,57.92,57.78,57.80,57.78,57.73,57.73,57.64,57.57,57.57,57.43,57.43,57.38,57.36,57.27,57.22,57.22,
53.66,53.66,53.69,53.76,53.73,53.73,53.78,53.66,53.73,53.78,53.71,53.76,53.76,53.78,53.83,53.78,53.76,53.85,53.85,53.92,53.92,53.95,53.97,54.04,53.97,54.12,54.28,54.47,54.64,54.76,54.79,54.76,54.74,54.76,54.71,54.81,54.90,54.90,54.88,55.24,55.86,57.22,58.77,59.75,59.96,60.05,59.91,59.91,59.96,59.94,59.77,59.59,59.35,59.21,59.23,59.40,59.35,59.16,58.88,58.39,57.43,56.31,55.57,55.24,55.17,55.17,55.12,55.24,55.26,55.24,55.24,55.31,55.45,55.55,55.57,55.62,55.62,55.55,55.55,55.53,55.57,55.53,55.38,55.38,55.38,55.45,55.57,55.55,55.50,55.38,55.24,54.95,54.83,54.76,54.71,54.59,54.55,54.59,54.52,54.45,54.43,54.35,54.28,54.26,54.26,54.26,54.07,54.02,54.12,54.07,54.00,53.97,54.12,54.19,54.43,54.45,54.64,54.86,54.90,55.22,55.53,55.57,55.81,55.86,55.86,55.93,55.69,55.48,55.24,55.00,-327.68,-327.68,-327.68,-327.68,-327.68,-327.68,-327.68,-327.68,-327.68,-327.68,-327.68,-327.68,-327.68,-327.68,-327.68,-327.68,-327.68,-327.68,-327.68,-327.68,-327.68,-327.68,-327.68,-327.68,-327.68,-327.68,-327.68,-327.68,-327.68,-327.68,-327.68,-327.68,-327.68,-327.68,-327.68,-327.68,-327.68,-327.68,-327.68,-327.68,-327.68,-327.68,-327.68,-327.68,-327.68,-327.68,-327.68,-327.68,-327.68,-327.68,-327.68,-327.68,-327.68,-327.68,-327.68,-327.68,-327.68,-327.68,-327.68,-327.68,-327.68,-327.68,-327.68,-327.68,-327.68,-327.68,-327.68,-327.68,-327.68,-327.68,-327.68,-327.68,-327.68,-327.68,-327.68,-327.68,-327.68,-327.68,-327.68,-327.68,-327.68,-327.68,-327.68,-327.68,-327.68,-327.68,-327.68,-327.68,-327.68,-327.68,-327.68,-327.68,-327.68,-327.68,-327.68,-327.68,-327.68,-327.68,-327.68,-327.68,-327.68,-327.68,-327.68,-327.68,-327.68,-327.68,-327.68,-327.68,-327.68,-327.68,-327.68,-327.68,-327.68,-327.68,-327.68,-327.68,-327.68,-327.68,-327.68,-327.68,-327.68,-327.68,-327.68,55.31,55.22,55.17,55.02,54.98,55.12,55.02,55.00,54.90,54.90,55.02,55.19,55.05,55.26,55.24,55.12,55.05,55.14,55.31,55.38,55.53,55.57,55.72,55.86,56.05,56.16,56.33,56.38,56.47,56.54,56.63,56.66,56.70,56.89,56.98,56.96,57.03,57.10,57.22,57.34,57.24,57.20,57.31,57.29,57.20,57.34,57.29,57.29,57.34,57.41,57.36,57.38,57.34,57.38,57.43,57.50,57.62,57.69,57.69,57.78,57.78,57.78,57.73,57.64,57.62,57.64,57.62,57.59,57.64,57.69,57.78,57.85,57.78,57.76,57.78,57.78,57.78,57.78,57.78,57.83,58.09,57.99,57.88,57.69,57.78,57.69,58.70,60.26,60.58,60.91,61.04,60.91,60.93,60.79,60.91,60.93,61.20,61.43,61.48,61.53,61.50,61.53,61.62,61.55,61.37,61.02,59.63,58.27,58.02,57.80,57.80,57.85,57.76,57.88,57.92,57.90,57.85,57.76,57.73,57.73,57.64,57.64,57.36,57.50,57.43,57.48,57.29,57.29,57.27,
53.76,53.76,53.71,53.69,53.71,53.76,53.76,53.71,53.64,53.85,53.64,53.66,53.81,53.83,53.78,53.73,53.76,53.88,53.90,53.88,53.92,53.95,53.92,54.09,54.12,54.16,54.26,54.47,54.57,54.67,54.74,54.74,54.74,54.76,54.76,54.86,54.98,55.12,55.41,55.91,57.43,58.77,59.61,59.82,60.01,60.01,59.98,60.03,59.91,59.77,59.63,59.37,59.28,59.30,59.42,59.49,59.23,58.95,58.48,57.69,56.38,55.50,55.12,55.14,55.19,55.19,55.26,55.26,55.22,55.31,55.43,55.50,55.45,55.45,55.60,55.57,55.62,55.62,55.50,55.45,55.57,55.53,55.38,55.38,55.38,55.50,55.57,55.55,55.50,55.38,55.24,54.95,54.83,54.76,-327.68,-327.68,-327.68,-327.68,-327.68,-327.68,-327.68,-327.68,-327.68,-327.68,-327.68,-327.68,-327.68,-327.68,-327.68,-327.68,-327.68,-327.68,-327.68,-327.68,-327.68,-327.68,-327.68,-327.68,-327.68,-327.68,-327.68,-327.68,-327.68,-327.68,-327.68,-327.68,-327.68,-327.68,-327.68,-327.68,-327.68,-327.68,-327.68,-327.68,-327.68,-327.68,-327.68,-327.68,-327.68,-327.68,-327.68,-327.68,-327.68,-327.68,-327.68,-327.68,-327.68,-327.68,-327.68,-327.68,-327.68,-327.68,-327.68,-327.68,-327.68,-327.68,-327.68,-327.68,-327.68,-327.68,-327.68,-327.68,-327.68,-327.68,-327.68,-327.68,-327.68,-327.68,-327.68,-327.68,-327.68,-327.68,-327.68,-327.68,-327.68,-327.68,-327.68,-327.68,-327.68,-327.68,-327.68,-327.68,-327.68,-327.68,-327.68,-327.68,-327.68,-327.68,-327.68,-327.68,-327.68,-327.68,-327.68,-327.68,-327.68,-327.68,-327.68,-327.68,-327.68,-327.68,-327.68,-327.68,-327.68,-327.68,-327.68,-327.68,-327.68,-327.68,-327.68,-327.68,-327.68,-327.68,-327.68,-327.68,-327.68,-327.68,-327.68,-327.68,-327.68,-327.68,-327.68,-327.68,-327.68,-327.68,-327.68,-327.68,-327.68,-327.68,-327.68,-327.68,-327.68,-327.68,-327.68,-327.68,-327.68,-327.68,-327.68,-327.68,-327.68,-327.68,-327.68,-327.68,-327.68,-327.68,-327.68,-327.68,-327.68,-327.68,-327.68,-327.68,-327.68,-327.68,-327.68,-327.68,-327.68,-327.68,-327.68,-327.68,-327.68,-327.68,-327.68,-327.68,-327.68,-327.68,-327.68,-327.68,-327.68,-327.68,-327.68,-327.68,-327.68,-327.68,-327.68,-327.68,-327.68,-327.68,-327.68,-327.68,-327.68,-327.68,-327.68,-327.68,-327.68,-327.68,-327.68,-327.68,-327.68,-327.68,-327.68,57.03,57.10,57.22,57.34,57.24,57.20,57.31,57.29,57.27,57.38,57.36,57.29,57.34,57.48,57.41,57.43,57.50,57.50,57.50,57.55,57.59,57.64,57.66,57.78,57.78,57.69,57.64,57.64,57.71,57.64,57.57,57.62,57.62,57.64,57.64,57.69,57.66,57.66,57.73,57.69,57.66,57.66,57.69,57.62,57.57,57.66,57.69,57.59,57.64,57.69,58.06,59.09,60.26,60.65,61.00,60.97,61.07,61.02,60.86,60.86,60.97,61.27,61.53,61.60,61.60,61.60,61.55,61.50,61.41,61.48,61.02,59.68,58.37,57.95,57.85,57.83,57.88,57.78,57.78,57.80,57.78,57.78,57.76,57.76,57.52,57.66,57.48,57.43,57.38,57.48,57.34,57.29,57.34,
53.66,53.71,53.69,53.69,53.71,53.69,53.83,53.73,53.69,53.78,53.71,53.69,53.90,53.81,53.71,53.83,53.95,53.92,53.88,53.83,53.92,53.88,54.02,54.09,54.07,54.14,54.19,54.47,54.59,54.71,54.71,54.69,54.74,54.76,54.88,55.05,55.24,55.48,56.21,57.43,59.05,59.61,59.91,59.89,60.01,59.94,59.98,59.91,59.68,59.56,59.42,59.16,59.35,59.47,59.47,59.54,59.12,58.72,58.18,57.20,56.07,55.36,55.12,55.14,55.19,55.19,55.26,55.24,55.22,-327.68,-327.68,-327.68,-327.68,-327.68,-327.68,-327.68,-327.68,-327.68,-327.68,-327.68,-327.68,-327.68,-327.68,-327.68,-327.68,-327.68,-327.68,-327.68,-327.68,-327.68,-327.68,-327.68,-327.68,-327.68,-327.68,-327.68,-327.68,-327.68,-327.68,-327.68,-327.68,-327.68,-327.68,-327.68,-327.68,-327.68,-327.68,-327.68,-327.68,-327.68,-327.68,-327.68,-327.68,-327.68,-327.68,-327.68,-327.68,-327.68,-327.68,-327.68,-327.68,-327.68,-327.68,-327.68,-327.68,-327.68,-327.68,-327.68,-327.68,-327.68,-327.68,-327.68,-327.68,-327.68,-327.68,-327.68,-327.68,-327.68,-327.68,-327.68,-327.68,-327.68,-327.68,-327.68,-327.68,-327.68,-327.68,-327.68,-327.68,-327.68,-327.68,-327.68,-327.68,-327.68,-327.68,-327.68,-327.68,-327.68,-327.68,-327.68,-327.68,-327.68,-327.68,-327.68,-327.68,-327.68,-327.68,-327.68,-327.68,-327.68,-327.68,-327.68,-327.68,-327.68,-327.68,-327.68,-327.68,-327.68,-327.68,-327.68,-327.68,-327.68,-327.68,-327.68,-327.68,-327.68,-327.68,-327.68,-327.68,-327.68,-327.68,-327.68,-327.68,-327.68,-327.68,-327.68,-327.68,-327.68,-327.68,-327.68,-327.68,-327.68,-327.68,-327.68,-327.68,-327.68,-327.68,-327.68,-327.68,-327.68,-327.68,-327.68,-327.68,-327.68,-327.68,-327.68,-327.68,-327.68,-327.68,-327.68,-327.68,-327.68,-327.68,-327.68,-327.68,-327.68,-327.68,-327.68,-327.68,-327.68,-327.68,-327.68,-327.68,-327.68,-327.68,-327.68,-327.68,-327.68,-327.68,-327.68,-327.68,-327.68,-327.68,-327.68,-327.68,-327.68,-327.68,-327.68,-327.68,-327.68,-327.68,-327.68,-327.68,-327.68,-327.68,-327.68,-327.68,-327.68,-327.68,-327.68,-327.68,-327.68,-327.68,-327.68,-327.68,-327.68,-327.68,-327.68,-327.68,-327.68,-327.68,-327.68,-327.68,-327.68,-327.68,-327.68,-327.68,-327.68,-327.68,-327.68,-327.68,-327.68,-327.68,-327.68,-327.68,-327.68,-327.68,-327.68,-327.68,-327.68,-327.68,-327.68,-327.68,-327.68,-327.68,-327.68,-327.68,-327.68,-327.68,-327.68,-327.68,-327.68,-327.68,-327.68,-327.68,-327.68,-327.68,-327.68,-327.68,-327.68,-327.68,-327.68,-327.68,-327.68,57.69,57.64,57.62,57.69,57.66,57.57,57.62,57.62,57.62,57.64,57.59,57.62,57.64,57.69,57.66,57.64,57.66,57.66,57.69,57.52,57.66,57.59,57.62,57.57,57.64,57.64,58.09,59.23,60.35,60.72,61.02,61.20,61.25,61.11,60.95,60.97,61.09,61.37,61.60,61.64,61.57,61.57,61.60,61.39,61.48,61.48,61.07,59.66,58.39,57.95,57.90,57.97,57.90,57.78,57.76,57.76,57.78,57.66,57.76,57.50,57.57,57.50,57.50,57.38,57.38,57.31,57.29,57.34,
53.71,53.76,53.73,53.71,53.64,53.66,53.73,53.76,53.64,53.64,53.64,53.76,53.71,53.64,53.69,53.83,53.88,53.85,53.83,53.85,53.95,53.83,54.00,54.02,54.04,54.12,54.35,54.64,54.64,54.67,54.76,54.74,54.81,54.90,55.00,55.24,55.55,56.00,56.70,58.34,59.56,59.77,59.96,59.91,60.01,59.94,59.98,59.91,-327.68,-327.68,-327.68,-327.68,-327.68,-327.68,-327.68,-327.68,-327.68,-327.68,-327.68,-327.68,-327.68,-327.68,-327.68,-327.68,-327.68,-327.68,-327.68,-327.68,-327.68,-327.68,-327.68,-327.68,-327.68,-327.68,-327.68,-327.68,-327.68,-327.68,-327.68,-327.68,-327.68,-327.68,-327.68,-327.68,-327.68,-327.68,-327.68,-327.68,-327.68,-327.68,-327.68,-327.68,-327.68,-327.68,-327.68,-327.68,-327.68,-327.68,-327.68,-327.68,-327.68,-327.68,-327.68,-327.68,-327.68,-327.68,-327.68,-327.68,-327.68,-327.68,-327.68,-327.68,-327.68,-327.68,-327.68,-327.68,-327.68,-327.68,-327.68,-327.68,-327.68,-327.68,-327.68,-327.68,-327.68,-327.68,-327.68,-327.68,-327.68,-327.68,-327.68,-327.68,-327.68,-327.68,-327.68,-327.68,-327.68,-327.68,-327.68,-327.68,-327.68,-327.68,-327.68,-327.68,-327.68,-327.68,-327.68,-327.68,-327.68,-327.68,-327.68,-327.68,-327.68,-327.68,-327.68,-327.68,-327.68,-327.68,-327.68,-327.68,-327.68,-327.68,-327.68,-327.68,-327.68,-327.68,-327.68,-327.68,-327.68,-327.68,-327.68,-327.68,-327.68,-327.68,-327.68,-327.68,-327.68,-327.68,-327.68,-327.68,-327.68,-327.68,-327.68,-327.68,-327.68,-327.68,-327.68,-327.68,-327.68,-327.68,-327.68,-327.68,-327.68,-327.68,-327.68,-327.68,-327.68,-327.68,-327.68,-327.68,-327.68,-327.68,-327.68,-327.68,-327.68,-327.68,-327.68,-327.68,-327.68,-327.68,-327.68,-327.68,-327.68,-327.68,-327.68,-327.68,-327.68,-327.68,-327.68,-327.68,-327.68,-327.68,-327.68,-327.68,-327.68,-327.68,-327.68,-327.68,-327.68,-327.68,-327.68,-327.68,-327.68,-327.68,-327.68,-327.68,-327.68,-327.68,-327.68,-327.68,-327.68,-327.68,-327.68,-327.68,-327.68,-327.68,-327.68,-327.68,-327.68,-327.68,-327.68,-327.68,-327.68,-327.68,-327.68,-327.68,-327.68,-327.68,-327.68,-327.68,-327.68,-327.68,-327.68,-327.68,-327.68,-327.68,-327.68,-327.68,-327.68,-327.68,-327.68,-327.68,-327.68,-327.68,-327.68,-327.68,-327.68,-327.68,-327.68,-327.68,-327.68,-327.68,-327.68,-327.68,-327.68,-327.68,-327.68,-327.68,-327.68,-327.68,-327.68,-327.68,-327.68,-327.68,-327.68,-327.68,-327.68,-327.68,-327.68,-327.68,-327.68,-327.68,-327.68,-327.68,-327.68,-327.68,-327.68,-327.68,-327.68,-327.68,-327.68,-327.68,-327.68,-327.68,-327.68,-327.68,-327.68,-327.68,-327.68,-327.68,-327.68,-327.68,-327.68,-327.68,-327.68,-327.68,-327.68,-327.68,-327.68,-327.68,-327.68,-327.68,-327.68,-327.68,-327.68,57.59,57.62,57.57,57.64,57.59,57.83,58.77,60.24,60.49,61.00,61.18,61.32,61.30,61.14,60.95,60.95,61.11,61.39,61.60,61.57,61.73,61.62,61.43,61.50,61.41,61.55,61.11,59.63,58.44,57.97,57.95,57.90,57.78,57.76,57.76,57.83,57.78,57.64,57.52,57.50,57.52,57.52,57.48,57.36,57.34,57.31,57.34,
53.71,53.66,53.71,53.64,53.59,53.59,53.66,53.73,53.66,53.76,53.57,53.59,53.73,53.76,53.83,53.81,53.85,53.85,53.83,53.90,53.92,53.83,53.92,53.97,54.07,54.12,54.40,54.64,54.67,54.67,-327.68,-327.68,-327.68,-327.68,-327.68,-327.68,-327.68,-327.68,-327.68,-327.68,-327.68,-327.68,-327.68,-327.68,-327.68,-327.68,-327.68,-327.68,-327.68,-327.68,-327.68,-327.68,-327.68,-327.68,-327.68,-327.68,-327.68,-327.68,-327.68,-327.68,-327.68,-327.68,-327.68,-327.68,-327.68,-327.68,-327.68,-327.68,-327.68,-327.68,-327.68,-327.68,-327.68,-327.68,-327.68,-327.68,-327.68,-327.68,-327.68,-327.68,-327.68,-327.68,-327.68,-327.68,-327.68,-327.68,-327.68,-327.68,-327.68,-327.68,-327.68,-327.68,-327.68,-327.68,-327.68,-327.68,-327.68,-327.68,-327.68,-327.68,-327.68,-327.68,-327.68,-327.68,-327.68,-327.68,-327.68,-327.68,-327.68,-327.68,-327.68,-327.68,-327.68,-327.68,-327.68,-327.68,-327.68,-327.68,-327.68,-327.68,-327.68,-327.68,-327.68,-327.68,-327.68,-327.68,-327.68,-327.68,-327.68,-327.68,-327.68,-327.68,-327.68,-327.68,-327.68,-327.68,-327.68,-327.68,-327.68,-327.68,-327.68,-327.68,-327.68,-327.68,-327.68,-327.68,-327.68,-327.68,-327.68,-327.68,-327.68,-327.68,-327.68,-327.68,-327.68,-327.68,-327.68,-327.68,-327.68,-327.68,-327.68,-327.68,-327.68,-327.68,-327.68,-327.68,-327.68,-327.68,-327.68,-327.68,-327.68,-327.68,-327.68,-327.68,-327.68,-327.68,-327.68,-327.68,-327.68,-327.68,-327.68,-327.68,-327.68,-327.68,-327.68,-327.68,-327.68,-327.68,-327.68,-327.68,-327.68,-327.68,-327.68,-327.68,-327.68,-327.68,-327.68,-327.68,-327.68,-327.68,-327.68,-327.68,-327.68,-327.68,-327.68,-327.68,-327.68,-327.68,-327.68,-327.68,-327.68,-327.68,-327.68,-327.68,-327.68,-327.68,-327.68,-327.68,-327.68,-327.68,-327.68,-327.68,-327.68,-327.68,-327.68,-327.68,-327.68,-327.68,-327.68,-327.68,-327.68,-327.68,-327.68,-327.68,-327.68,-327.68,-327.68,-327.68,-327.68,-327.68,-327.68,-327.68,-327.68,-327.68,-327.68,-327.68,-327.68,-327.68,-327.68,-327.68,-327.68,-327.68,-327.68,-327.68,-327.68,-327.68,-327.68,-327.68,-327.68,-327.68,-327.68,-327.68,-327.68,-327.68,-327.68,-327.68,-327.68,-327.68,-327.68,-327.68,-327.68,-327.68,-327.68,-327.68,-327.68,-327.68,-327.68,-327.68,-327.68,-327.68,-327.68,-327.68,-327.68,-327.68,-327.68,-327.68,-327.68,-327.68,-327.68,-327.68,-327.68,-327.68,-327.68,-327.68,-327.68,-327.68,-327.68,-327.68,-327.68,-327.68,-327.68,-327.68,-327.68,-327.68,-327.68,-327.68,-327.68,-327.68,-327.68,-327.68,-327.68,-327.68,-327.68,-327.68,-327.68,-327.68,-327.68,-327.68,-327.68,-327.68,-327.68,-327.68,-327.68,-327.68,-327.68,-327.68,-327.68,-327.68,-327.68,-327.68,-327.68,-327.68,-327.68,-327.68,-327.68,-327.68,-327.68,-327.68,-327.68,-327.68,-327.68,-327.68,-327.68,-327.68,-327.68,-327.68,-327.68,-327.68,-327.68,-327.68,-327.68,-327.68,-327.68,61.60,61.55,61.73,61.64,61.46,61.53,61.32,61.55,61.60,61.00,59.49,58.46,57.99,57.85,57.76,57.71,57.80,57.78,57.78,57.73,57.55,57.50,57.50,57.43,57.41,57.36,57.36,57.41,57.48,
53.64,53.54,53.64,53.64,53.59,53.64,53.71,53.71,53.71,53.83,53.57,53.59,53.73,53.78,53.83,-327.68,-327.68,-327.68,-327.68,-327.68,-327.68,-327.68,-327.68,-327.68,-327.68,-327.68,-327.68,-327.68,-327.68,-327.68,-327.68,-327.68,-327.68,-327.68,-327.68,-327.68,-327.68,-327.68,-327.68,-327.68,-327.68,-327.68,-327.68,-327.68,-327.68,-327.68,-327.68,-327.68,-327.68,-327.68,-327.68,-327.68,-327.68,-327.68,-327.68,-327.68,-327.68,-327.68,-327.68,-327.68,-327.68,-327.68,-327.68,-327.68,-327.68,-327.68,-327.68,-327.68,-327.68,-327.68,-327.68,-327.68,-327.68,-327.68,-327.68,-327.68,-327.68,-327.68,-327.68,-327.68,-327.68,-327.68,-327.68,-327.68,-327.68,-327.68,-327.68,-327.68,-327.68,-327.68,-327.68,-327.68,-327.68,-327.68,-327.68,-327.68,-327.68,-327.68,-327.68,-327.68,-327.68,-327.68,-327.68,-327.68,-327.68,-327.68,-327.68,-327.68,-327.68,-327.68,-327.68,-327.68,-327.68,-327.68,-327.68,-327.68,-327.68,-327.68,-327.68,-327.68,-327.68,-327.68,-327.68,-327.68,-327.68,-327.68,-327.68,-327.68,-327.68,-327.68,-327.68,-327.68,-327.68,-327.68,-327.68,-327.68,-327.68,-327.68,-327.68,-327.68,-327.68,-327.68,-327.68,-327.68,-327.68,-327.68,-327.68,-327.68,-327.68,-327.68,-327.68,-327.68,-327.68,-327.68,-327.68,-327.68,-327.68,-327.68,-327.68,-327.68,-327.68,-327.68,-327.68,-327.68,-327.68,-327.68,-327.68,-327.68,-327.68,-327.68,-327.68,-327.68,-327.68,-327.68,-327.68,-327.68,-327.68,-327.68,-327.68,-327.68,-327.68,-327.68,-327.68,-327.68,-327.68,-327.68,-327.68,-327.68,-327.68,-327.68,-327.68,-327.68,-327.68,-327.68,-327.68,-327.68,-327.68,-327.68,-327.68,-327.68,-327.68,-327.68,-327.68,-327.68,-327.68,-327.68,-327.68,-327.68,-327.68,-327.68,-327.68,-327.68,-327.68,-327.68,-327.68,-327.68,-327.68,-327.68,-327.68,-327.68,-327.68,-327.68,-327.68,-327.68,-327.68,-327.68,-327.68,-327.68,-327.68,-327.68,-327.68,-327.68,-327.68,-327.68,-327.68,-327.68,-327.68,-327.68,-327.68,-327.68,-327.68,-327.68,-327.68,-327.68,-327.68,-327.68,-327.68,-327.68,-327.68,-327.68,-327.68,-327.68,-327.68,-327.68,-327.68,-327.68,-327.68,-327.68,-327.68,-327.68,-327.68,-327.68,-327.68,-327.68,-327.68,-327.68,-327.68,-327.68,-327.68,-327.68,-327.68,-327.68,-327.68,-327.68,-327.68,-327.68,-327.68,-327.68,-327.68,-327.68,-327.68,-327.68,-327.68,-327.68,-327.68,-327.68,-327.68,-327.68,-327.68,-327.68,-327.68,-327.68,-327.68,-327.68,-327.68,-327.68,-327.68,-327.68,-327.68,-327.68,-327.68,-327.68,-327.68,-327.68,-327.68,-327.68,-327.68,-327.68,-327.68,-327.68,-327.68,-327.68,-327.68,-327.68,-327.68,-327.68,-327.68,-327.68,-327.68,-327.68,-327.68,-327.68,-327.68,-327.68,-327.68,-327.68,-327.68,-327.68,-327.68,-327.68,-327.68,-327.68,-327.68,-327.68,-327.68,-327.68,-327.68,-327.68,-327.68,-327.68,-327.68,-327.68,-327.68,-327.68,-327.68,-327.68,-327.68,-327.68,-327.68,-327.68,-327.68,-327.68,-327.68,-327.68,-327.68,-327.68,-327.68,-327.68,-327.68,-327.68,-327.68,-327.68,-327.68,-327.68,-327.68,-327.68,-327.68,-327.68,57.71,57.83,57.78,57.78,57.78,57.55,57.52,57.50,57.38,57.34,57.36,57.38,57.36,57.48,
